$MeshFormat
4.1 0 8
$EndMeshFormat
$PhysicalNames
2
3 1 "magnetorquer_x"
3 2 "magnetorquer_z"
$EndPhysicalNames
$Entities
4 6 6 2
1 0.03 3.673940397442058e-18 0.0385 0 
2 -0.03 3.673940397442058e-18 0.0385 0 
3 0.015 -3.673940397442059e-18 0.006499999999999999 0 
4 0.015 -3.673940397442059e-18 -0.0535 0 
1 0.0299999 -0.0150001 0.008499900000000001 0.0300001 0.0150001 0.0385001 0 2 1 -1 
2 -0.0300001 -9.999999999632606e-08 0.0384999 0.0300001 1.000000000036739e-07 0.0385001 0 2 2 -1 
3 -0.0300001 -0.0150001 0.008499900000000001 -0.0299999 0.0150001 0.0385001 0 2 2 -2 
4 -0.0150001 -0.0150001 0.006499899999999999 0.0150001 0.0150001 0.006500099999999999 0 2 3 -3 
5 0.0149999 -1.000000000036739e-07 -0.0535001 0.0150001 9.999999999632606e-08 0.006500099999999998 0 2 4 -3 
6 -0.0150001 -0.0150001 -0.0535001 0.0150001 0.0150001 -0.0534999 0 2 4 -4 
1 -0.0300001 -0.0150001 0.008499900000000001 0.0300001 0.0150001 0.0385001 0 4 -1 -2 3 2 
2 0.0299999 -0.0150001 0.008499900000000001 0.0300001 0.0150001 0.0385001 0 1 1 
3 -0.0300001 -0.0150001 0.008499900000000001 -0.0299999 0.0150001 0.0385001 0 1 3 
4 -0.0150001 -0.0150001 -0.0535001 0.0150001 0.0150001 0.006500099999999998 0 4 -4 -5 6 5 
5 -0.0150001 -0.0150001 0.006499899999999999 0.0150001 0.0150001 0.006500099999999999 0 1 4 
6 -0.0150001 -0.0150001 -0.0535001 0.0150001 0.0150001 -0.0534999 0 1 6 
10 -0.0300001 -0.0150001 0.008499900000000001 0.0300001 0.0150001 0.0385001 1 1 3 1 2 -3 
11 -0.0150001 -0.0150001 -0.0535001 0.0150001 0.0150001 0.006500099999999998 1 2 3 4 5 -6 
$EndEntities
$Nodes
18 985 1 985
0 1 0 1
1
0.03 3.673940397442058e-18 0.0385
0 2 0 1
2
-0.03 3.673940397442058e-18 0.0385
0 3 0 1
3
0.015 -3.673940397442059e-18 0.006499999999999999
0 4 0 1
4
0.015 -3.673940397442059e-18 -0.0535
1 1 0 18
5
6
7
8
9
10
11
12
13
14
15
16
17
18
19
20
21
22
0.03 -0.00487049203807026 0.03768725862550952
0.03 -0.009213190690345031 0.03533710764094589
0.03 -0.01255749717393794 0.03170422237183639
0.03 -0.01454100398908996 0.02718228230711197
0.03 -0.01494876739510004 0.022261309817915
0.03 -0.01373659989982585 0.01747456863020544
0.03 -0.01103585866009695 0.01334077642561386
0.03 -0.007139210895556075 0.01030789373190265
0.03 -0.002468918854210978 0.00870458044895916
0.03 0.002468918854211033 0.008704580448959168
0.03 0.007139210895556137 0.01030789373190268
0.03 0.011035858660097 0.01334077642561391
0.03 0.01373659989982587 0.01747456863020549
0.03 0.01494876739510005 0.02226130981791506
0.03 0.01454100398908994 0.02718228230711205
0.03 0.01255749717393789 0.03170422237183647
0.03 0.009213190690344956 0.03533710764094595
0.03 0.004870492038070244 0.03768725862550952
1 2 0 11
23
24
25
26
27
28
29
30
31
32
33
-0.025 3.673940397442058e-18 0.0385
-0.02 3.673940397442058e-18 0.0385
-0.015 3.673940397442058e-18 0.0385
-0.01 3.673940397442058e-18 0.0385
-0.005000000000000001 3.673940397442058e-18 0.0385
0 3.673940397442058e-18 0.0385
0.005000000000000004 3.673940397442058e-18 0.0385
0.01000000000000001 3.673940397442058e-18 0.0385
0.01500000000000001 3.673940397442058e-18 0.0385
0.02000000000000001 3.673940397442058e-18 0.0385
0.02500000000000001 3.673940397442058e-18 0.0385
1 3 0 18
34
35
36
37
38
39
40
41
42
43
44
45
46
47
48
49
50
51
-0.03 -0.00487049203807026 0.03768725862550952
-0.03 -0.009213190690345031 0.03533710764094589
-0.03 -0.01255749717393794 0.03170422237183639
-0.03 -0.01454100398908996 0.02718228230711197
-0.03 -0.01494876739510004 0.022261309817915
-0.03 -0.01373659989982585 0.01747456863020544
-0.03 -0.01103585866009695 0.01334077642561386
-0.03 -0.007139210895556075 0.01030789373190265
-0.03 -0.002468918854210978 0.00870458044895916
-0.03 0.002468918854211033 0.008704580448959168
-0.03 0.007139210895556137 0.01030789373190268
-0.03 0.011035858660097 0.01334077642561391
-0.03 0.01373659989982587 0.01747456863020549
-0.03 0.01494876739510005 0.02226130981791506
-0.03 0.01454100398908994 0.02718228230711205
-0.03 0.01255749717393789 0.03170422237183647
-0.03 0.009213190690344956 0.03533710764094595
-0.03 0.004870492038070244 0.03768725862550952
1 4 0 18
52
53
54
55
56
57
58
59
60
61
62
63
64
65
66
67
68
69
0.01418725862550952 0.00487049203807026 0.006499999999999999
0.01183710764094589 0.009213190690345031 0.006499999999999999
0.008204222371836387 0.01255749717393794 0.006499999999999999
0.003682282307111969 0.01454100398908996 0.006499999999999999
-0.001238690182085004 0.01494876739510004 0.006499999999999999
-0.006025431369794563 0.01373659989982585 0.006499999999999999
-0.01015922357438614 0.01103585866009695 0.006499999999999999
-0.01319210626809735 0.007139210895556075 0.006499999999999999
-0.01479541955104084 0.002468918854210978 0.006499999999999999
-0.01479541955104083 -0.002468918854211033 0.006499999999999999
-0.01319210626809732 -0.007139210895556137 0.006499999999999999
-0.01015922357438609 -0.011035858660097 0.006499999999999999
-0.006025431369794511 -0.01373659989982587 0.006499999999999999
-0.001238690182084938 -0.01494876739510005 0.006499999999999999
0.003682282307112046 -0.01454100398908994 0.006499999999999999
0.008204222371836465 -0.01255749717393789 0.006499999999999999
0.01183710764094595 -0.009213190690344956 0.006499999999999999
0.01418725862550952 -0.004870492038070244 0.006499999999999999
1 5 0 11
70
71
72
73
74
75
76
77
78
79
80
0.015 -3.673940397442059e-18 -0.0485
0.015 -3.673940397442059e-18 -0.0435
0.015 -3.673940397442059e-18 -0.0385
0.015 -3.673940397442059e-18 -0.0335
0.015 -3.673940397442059e-18 -0.0285
0.015 -3.673940397442059e-18 -0.0235
0.015 -3.673940397442059e-18 -0.0185
0.015 -3.673940397442059e-18 -0.01349999999999999
0.015 -3.673940397442059e-18 -0.008499999999999994
0.015 -3.673940397442059e-18 -0.003499999999999989
0.015 -3.673940397442059e-18 0.001500000000000008
1 6 0 18
81
82
83
84
85
86
87
88
89
90
91
92
93
94
95
96
97
98
0.01418725862550952 0.00487049203807026 -0.0535
0.01183710764094589 0.009213190690345031 -0.0535
0.008204222371836387 0.01255749717393794 -0.0535
0.003682282307111969 0.01454100398908996 -0.0535
-0.001238690182085004 0.01494876739510004 -0.0535
-0.006025431369794563 0.01373659989982585 -0.0535
-0.01015922357438614 0.01103585866009695 -0.0535
-0.01319210626809735 0.007139210895556075 -0.0535
-0.01479541955104084 0.002468918854210978 -0.0535
-0.01479541955104083 -0.002468918854211033 -0.0535
-0.01319210626809732 -0.007139210895556137 -0.0535
-0.01015922357438609 -0.011035858660097 -0.0535
-0.006025431369794511 -0.01373659989982587 -0.0535
-0.001238690182084938 -0.01494876739510005 -0.0535
0.003682282307112046 -0.01454100398908994 -0.0535
0.008204222371836465 -0.01255749717393789 -0.0535
0.01183710764094595 -0.009213190690344956 -0.0535
0.01418725862550952 -0.004870492038070244 -0.0535
2 1 0 248
99
100
101
102
103
104
105
106
107
108
109
110
111
112
113
114
115
116
117
118
119
120
121
122
123
124
125
126
127
128
129
130
131
132
133
134
135
136
137
138
139
140
141
142
143
144
145
146
147
148
149
150
151
152
153
154
155
156
157
158
159
160
161
162
163
164
165
166
167
168
169
170
171
172
173
174
175
176
177
178
179
180
181
182
183
184
185
186
187
188
189
190
191
192
193
194
195
196
197
198
199
200
201
202
203
204
205
206
207
208
209
210
211
212
213
214
215
216
217
218
219
220
221
222
223
224
225
226
227
228
229
230
231
232
233
234
235
236
237
238
239
240
241
242
243
244
245
246
247
248
249
250
251
252
253
254
255
256
257
258
259
260
261
262
263
264
265
266
267
268
269
270
271
272
273
274
275
276
277
278
279
280
281
282
283
284
285
286
287
288
289
290
291
292
293
294
295
296
297
298
299
300
301
302
303
304
305
306
307
308
309
310
311
312
313
314
315
316
317
318
319
320
321
322
323
324
325
326
327
328
329
330
331
332
333
334
335
336
337
338
339
340
341
342
343
344
345
346
0.02572860353444691 2.480838239228273e-17 0.008500000000000001
-0.02590934265043227 0.01259106562240318 0.01534738897700026
-0.02648164985192753 -0.01254784316983007 0.01528102002768295
0.002500000000000002 0.004284784125266353 0.03787499999999532
0.002500000000000002 -0.004284784125247819 0.03787500000000085
0.02651804168581125 -0.01451698028674114 0.01972411820174823
0.02585032221058139 0.01454899547778439 0.01984942051347882
-0.0125 -0.004284784125250641 0.03787500000000001
-0.01249757784374986 0.004283690766745298 0.03787532585421635
-0.02572860353444692 2.480838239228273e-17 0.008500000000000001
0.01250000000000001 -0.004284784125250359 0.03787500000000009
0.01249704459830754 0.004281526285186152 0.03787597066876738
-0.02516230736706698 -0.01368830037422465 0.02963436491130102
-0.0257286035344469 0.01373659989982583 0.0295254313697946
0.02572860353444652 -0.01103585866009698 0.0336592235743861
0.02572860353444655 0.01103585866009692 0.03365922357438618
0.02584155240076359 0.009192754464221612 0.01164701449589456
0.02572860353444583 -0.009213190690344994 0.01166289235905408
-0.0225 0.00428478412525061 0.03787500000000001
-0.0225 -0.004284784125250649 0.037875
0.02250000000000001 -0.00428478412525065 0.037875
0.02250000000000001 0.004284784125252602 0.03787499999999942
-0.01749652807057091 0.004282842778964861 0.03787557851812123
-0.01500090617277705 0.008203810073576592 0.03605776653217774
-0.01001276687685233 0.008206261960309554 0.03605616440792236
-0.01250558692110968 0.01144143480230498 0.03320018400158495
-0.007530151272361001 0.01144194455231113 0.03319958271586142
-0.01002291057935849 0.01372595881633042 0.02954963259813365
-0.005051565389098209 0.0137274898438233 0.02954615767142473
-0.007540444858692347 0.01487863243747036 0.0254042837999245
-0.002575731581926748 0.01487920434453435 0.02539981000986684
-0.005061951050694104 0.01480776529481553 0.02110623999246862
-0.0001058470943529032 0.01480697005040467 0.02110132579819202
-0.002586198980524684 0.01352281324607801 0.01700896603677834
0.002368058248425092 0.01352076868597115 0.01700470830982456
-0.0001143753126720201 0.01113192183865083 0.01344612929374121
-0.00506451518807019 0.01113475223885778 0.01344926407772785
-0.002592266308074149 0.007836116889927636 0.01070956325658147
0.002357319560791743 0.007832108685596481 0.01070710847630591
0.004847588736943319 0.01480573614685993 0.02109372130675492
-0.007540758807596481 0.00783924694123846 0.01071148142299964
-0.00506808102561376 0.003902128669481581 0.009016444088318301
0.007319270524074273 0.01351795013023604 0.01699884438915268
0.009802527338580072 0.01480449947367347 0.02108612441621319
-0.00998620521419822 0.01480908392491499 0.02111441132949862
0.007333312720357928 0.01488195039121114 0.02537817798771323
-0.01001545160328041 0.00390564491637058 0.009017391885878131
-0.00754618799580804 -0.0003497217890203198 0.008504077398496471
-0.002597791132573645 -0.000353708954676228 0.008504170914038069
-0.005077317536318984 -0.00457805277416826 0.009215692778544341
-0.0001251592445064807 -0.004582300168595769 0.009217054744735343
-0.002613553160260594 -0.008433406521670982 0.0110952567765295
0.002346127356487086 -0.008436628672210249 0.01109744797845057
-0.0001336520834465983 -0.01160037117897015 0.01399045802837388
0.004824913416277603 -0.01160258424213723 0.01399315831076857
-0.005093226912665703 -0.0115981777453843 0.01398778296155558
-0.002615105988599611 -0.01381768490537001 0.01766291306764155
-0.00757208150233513 -0.01381607075968389 0.01765909349814535
0.00729782190733827 -0.008439753654583907 0.01109957427142368
-0.005098324331675411 -0.01490509204831879 0.02181529497206666
-0.0001355318946327511 -0.01490568110125321 0.02182051468963172
-0.01002466560110186 -0.004574295068403571 0.00921448899663793
-0.01005710827477107 -0.01490464063186686 0.0218113059380387
0.009773951723315376 -0.01160462825443921 0.01399565346400547
-0.002617521435658597 -0.01477029652769434 0.02611502208097377
0.002348789612811847 -0.01476931070022067 0.0261205841792141
0.01228809500856624 0.01488277268562259 0.02537165092581019
0.01227157279012892 0.01351511033098215 0.01699294285092105
0.01225058134959367 -0.008442814756619326 0.01110165821630122
0.00977849256916067 -0.004590400365832229 0.009219656009697548
-0.01248617715805994 0.007841263664509039 0.01071271787502715
-0.0125228383424663 -0.01381388544562219 0.01765392705354891
-0.0150131706731738 -0.01490372034905086 0.02180320308896817
-0.01254212932619322 -0.01477340356445887 0.02609741161960013
0.01472350707767078 -0.01160566165779962 0.01399691537001381
0.01225066375409935 -0.01381929841809257 0.01766673408529115
0.009816344990692082 0.0137418340828328 0.02951348451730733
0.01477559655760386 0.01374419084718461 0.02950809603419975
0.01472635734952994 -0.004593892111539702 0.009220778898429604
0.01225550425326626 -0.0003689052167397228 0.008504537054793468
-0.000142439841138698 -0.0134179490155188 0.03020512074588803
0.004831099969196645 -0.01341559917138243 0.03020982107606477
-0.01496110169588813 0.00390969770017882 0.009018485442012067
-0.01498960170806875 0.01372374023386853 0.02955466382165831
-0.01743016874196504 0.007843331492549779 0.01071398611380479
0.002350442698348276 -0.0003576888984985666 0.008504265318034903
-0.005114839734460294 -0.01342052472568988 0.03019996388700316
0.009786071962883822 0.01112487204485311 0.0134383290659232
0.01473642892024626 0.01112060445566185 0.01343361253772169
-8.808192070117182e-05 0.01373084172185057 0.02953854167903872
-0.0149572081969479 0.0111347984599528 0.0134493152842091
0.01724514653382453 0.01488375707183221 0.02536380670314408
0.007318680201153727 -0.01476885339361105 0.0261231602006022
0.009802138302495739 -0.01341424137723617 0.03021253515992617
-0.002632126350415528 -0.01096230384783377 0.03373854942595722
0.007313909741542557 -0.01095785878236828 0.0337433066392486
0.0122841582493108 -0.01476807105579479 0.02612756109177237
0.0147687342957659 -0.01341402080948353 0.03021297592150774
0.01725116624112578 -0.01476717238495936 0.02613260702591435
-0.007276847225160993 -0.01097763083511235 0.03372211432375859
0.01721938333632087 0.01351142304235387 0.01698528992429066
-0.01749994187883043 -0.01477465076331058 0.02609030786243763
-0.01502393079199389 -0.01343365384971499 0.03017360054588508
-0.019970625614632 -0.01490336914597508 0.02180012115172933
0.01719774481653779 -0.01382025362520151 0.01766899753600597
0.01720117104517575 -0.0003723496755269798 0.008504622188182955
-0.005034482036287199 0.008213584476374554 0.03605137562378957
0.01230101477382904 0.0114746414252671 0.03316088009249386
0.007333786488241324 0.01146959349145273 0.03316687256256258
0.01726533871563415 0.01147827163847516 0.03315656668766787
0.01473268297955738 0.003881874353890755 0.00901100239835049
0.009787903111299033 0.00388605489021152 0.009012123088931798
0.01967541050218761 0.003878112740953529 0.009009995114961006
0.01849365665587863 -0.004626014257597753 0.009231153091840172
-0.004959225895348918 -0.007630497528484723 0.03641415918547501
0.0184295996236089 -0.0134285753822654 0.03018381352244479
0.01725316828394283 -0.0109602789845737 0.03374071699542137
0.02221519016303319 -0.0147662787791118 0.0261376146453856
-0.01876300672541398 0.003900389329613984 0.009015975591106132
-0.01743783298739592 -0.000336982018463477 0.008503785707078194
-0.02237303845644334 0.007845414099556388 0.01071526388201611
0.0185771793748076 -0.0115977677518719 0.01398728308138836
0.01880841962184045 0.01110983100779049 0.01342172361073895
-0.01998787148402909 -0.01343643838634606 0.03016799246324754
-0.01751220468248817 -0.01099689290025807 0.03370138944165223
-0.02220569444083026 -0.01100018881218653 0.03369783536326441
0.009839537387328692 0.008262508975641614 0.03601922303609301
-0.01997895048389618 0.008203433592671148 0.036058012473741
-0.0249688867584469 0.008211303321686519 0.03605286810889288
-0.02246784516271486 0.01143282081380912 0.0332103351249755
-0.01747788252907748 0.01144124548152973 0.03320040730234435
-0.02001776053842676 0.01372305929057024 0.02955620703968199
-0.01750576606243214 0.01487672247965171 0.02541914779613908
-0.02245453777074952 0.01487640846551801 0.02542158038267052
-0.0199708527031045 0.01481249477678506 0.0211356822363068
-0.02492562298713433 0.0148121930494494 0.02113379268324962
-0.01502521094897521 0.01481182330599359 0.02113147929035334
-0.01249427216798529 0.01487831152516534 0.02540678949025111
-0.01749652807057087 -0.004282842778964842 0.03787557851812123
0.01749672119538846 0.004282950766697247 0.03787554634544536
0.01999672712811152 0.008200639974286932 0.03605983694209949
0.01750645916153983 -0.004281172421614892 0.03787607605351349
0.007309915737328858 -0.0003654114920713245 0.008504451512483373
0.007496659335854888 -0.004282916177314869 0.0378755566507212
0.00482734907783422 -0.004586344275071956 0.009218352819421891
-0.007541036387370439 0.01352455422890378 0.01701259428512129
0.01475984912330561 0.01480324358820228 0.02107843454179988
-0.01004446805456745 -0.01159561278843007 0.0139846563876654
-0.01499516521869906 -0.01159239815194259 0.01398074030783707
-0.007569238124650528 -0.00843147506967918 0.01109394389222028
-0.01251453436378232 -0.008428673951486991 0.01109204064241325
-0.01745947677834531 -0.008424559088070493 0.01108924643014741
-0.01994558948964091 -0.01158714218424723 0.0139743432771258
-0.02133580952440991 -0.008428806805344089 0.01109213089051206
0.004836934507882334 0.01112842359526556 0.01344225729677196
0.007309193374000461 0.007829106197297599 0.01070527076677914
0.004827450011975022 0.003893360209071548 0.009014084554905813
0.01225246857745593 0.007826632127451704 0.01070375720996429
0.01720280773603447 0.007821251645510429 0.01070046787192593
-0.0075 0.004284784125252105 0.03787499999999957
-0.002503316543140392 0.004293207227798563 0.0378724866219864
-7.659257699556277e-05 0.00823974986092273 0.03603421406508696
-0.01747701676090772 -0.01380976549359089 0.01764420141978684
0.01633232486367852 -0.008430859575308111 0.01109352560872205
0.00483083175899128 -0.01490600174681199 0.02182336291224432
0.002344059684592587 -0.01381801797580977 0.01766370158232138
-0.0001204437788453611 0.003898444761805887 0.009015452080263319
-0.01249352246550271 -0.000343090984063687 0.008503924227430225
-0.01498017509573186 -0.004574028484660069 0.009214403637876427
-0.01862185131382827 -0.004606242283780953 0.009224758074795777
-0.0188867045919705 0.01112706420306949 0.01344075339696011
-0.0100108196829445 0.01113475493004741 0.01344926705917499
-0.002565811678122986 0.01144994107756664 0.03319014186275165
0.01228638502055335 -0.01095984413368732 0.03374118238121358
0.002380877354890884 0.01488099427916252 0.02538573838682156
-0.00758285866819574 -0.01477186021177282 0.02610617456895028
0.002343231385707197 -0.01095789238090685 0.03374327069682646
0.007297713283441254 -0.01381838182920762 0.01766456311642182
-0.01249007338206318 0.01352002007819751 0.01700315021836457
-0.01662685200271964 0.01352698776317166 0.01701767001341307
0.01478486174835238 0.008267240517099617 0.03601609900218221
-0.01007102383738155 -0.01343121347664517 0.03017851065319097
0.01866564937153589 -0.01490959827130157 0.02185565229090643
0.01433253013226326 -0.01490658035073745 0.02182851495758767
0.004863626017977407 0.01374081108007809 0.02951582171125469
0.009585775718639819 -0.01490543210918768 0.02181830631850003
-0.01247916891103772 -0.0109886629652059 0.03371025397515224
0.002380751369304136 0.01146231323701578 0.03317550387610552
0.00489114531373936 0.00826774210631746 0.03601576767375558
0.007502802728412347 0.00428375759216159 0.03787530594079994
-0.02241717353459044 -0.01478026785977769 0.02605806215585596
-0.02367685226963172 -0.01490549680017295 0.02181887979607823
0.02436262898327617 -0.004820329755261373 0.009295619652707768
-0.02572860353444693 -0.004870492038070204 0.009312741374490464
0.02641644426813768 0.005011692982830535 0.009362003909823459
0.02610352245952612 -0.01258844719070916 0.01534334643823053
0.02622044142214276 0.01260362971124989 0.01536682607454513
0.02572695722488609 0.01494852530390457 0.02474160832734187
0.02187381877420691 0.01495211376097195 0.02230237982692627
0.0244683607061512 -0.01368027318412243 0.02965224557440458
0.02438252911366217 0.01373651133622856 0.02952563327042597
-0.02646776965839012 0.004891382169971118 0.009319930167051764
0.01943100311728672 0.01373991186837424 0.02951787519389599
0.02598708865046014 -0.007362881277876659 0.03656858750163511
0.02190487394274443 -0.009169715537418235 0.03537081787253223
0.02523622225158192 0.007373247589138324 0.03656274167199466
-0.0003871424397451952 -0.007713297388660132 0.03636487634585303
-0.02542824593614817 -0.00726829397368934 0.03662142914137143
-0.0200013621383033 -0.007904365692696716 0.03624837256264968
0.02182375683514978 0.01373659989982648 0.01747456863020688
-0.01503821533316554 -0.007910998576804579 0.03624425758990283
0.02181598917465016 -0.0137440334544946 0.01749154392528885
-0.0220951503150402 -0.01388307806426242 0.01782019864241753
-0.009796085438561041 -0.007757054532026929 0.03633853983080476
-0.00762152901824838 -0.003959471344132021 0.03796798488646561
-0.002499999999999999 -0.003906375740245865 0.03798241100701187
0.004824216993148674 -0.007927108156053046 0.03623424345150654
0.009805988649091234 -0.007930761254754264 0.03623196865846318
0.01477311980767473 -0.007940946937247964 0.03622561832445922
0.02168750922510994 0.007584917108656355 0.01055901733040292
-0.02187963088068964 0.01364584452390286 0.01727176371438349
0.02638053698686619 -0.01494876739510005 0.02473869018208497
0.02155260204220062 -0.008157195987735328 0.01091190428946162
-0.02641391652163385 0.009213190690345048 0.01166289235905412
0.0211985758895501 -0.0006701766330771334 0.008514978702701908
0.02096273485261687 0.01167739972742383 0.03291479344467853
-0.02655340557730766 -0.009213190690344994 0.01166289235905408
-0.02130806006791595 -0.0006660149473963923 0.00851479315825622
-0.02665413134234267 -0.01103585866009699 0.0336592235743861
-0.02658792579432797 0.01111521222067928 0.03357234120198785
-0.02655708294983328 0.01493181014700146 0.02492865171889591
0.02197698136411036 0.01474005424803288 0.02628043175874682
-0.02637743127991589 -0.01486435901793433 0.02551266762928071
-0.02597824498882557 0.003784940936093864 0.03801462097714856
0.02632834396496027 0.003627395261092619 0.03805479314933066
0.02632834396495937 -0.003627395261090585 0.03805479314933117
-0.02639366468420754 -0.003555492490229978 0.03807252459774621
0.02215029132797862 -0.01185821682966727 0.03268600531355148
0.02266258382944268 -0.01495885234444853 0.02238971330865103
-0.02641053493383162 -0.01415245761709583 0.01852929145932835
0.01835422879902394 0.01465224116605677 0.02028879636090897
0.01843023465441328 -0.007554648711809351 0.03645867596790495
0.0230290998619442 0.002516070562262846 0.008712525945053553
-0.02348249601056908 0.01078842804131572 0.01307839645748541
0.02266657451895468 -0.01113610074242412 0.01345075822489174
-0.0228300149795971 0.002766963466302124 0.008757411584930234
0.02321471829773682 0.01103465557248683 0.01333946967936292
-0.02337487691199282 -0.01096826041172699 0.01326783192375426
2 2 0 29
347
348
349
350
351
352
353
354
355
356
357
358
359
360
361
362
363
364
365
366
367
368
369
370
371
372
373
374
375
0.03 0.005006550908846536 0.0327512957793774
0.03 -0.003249951659747173 0.01386389435297881
0.03 -0.009633135611071956 0.02772548504897296
0.03 0.01019724417756518 0.02091770706860947
0.03 -0.001825497825246397 0.03402602257266728
0.03 0.006599716480001487 0.01511894090344406
0.03 0.009633135611071923 0.02772548504897301
0.03 -0.008806260216819024 0.01774658305056315
0.03 0.01175728249667553 0.02447423620367562
0.03 0.007446232675445881 0.02404792241315116
0.03 0.004995652437158654 0.02833480298486995
0.03 0.00274901714138362 0.02362049574885779
0.03 -8.39250623728126e-05 0.02725662813208678
0.03 -0.002065959011661069 0.02304384101449963
0.03 0.0005167546037213638 0.01896425532794514
0.03 -0.00483035862908986 0.02706023561981616
0.03 -0.007402174727438995 0.02259690762455892
0.03 -0.004519290347940123 0.01847095655160927
0.03 0.001849138924348499 0.0139200780192076
0.03 -0.006638181034960083 0.03153208262133826
0.03 0.005348318198487389 0.01966953930187595
0.03 -0.01142566791322395 0.02392561742276874
0.03 0.008534513910840398 0.03137377329746336
0.03 0.009876536160003915 0.01704733687789916
0.03 -0.007169142675073095 0.01433477666305962
0.03 0.001941817386217552 0.03513667362805063
0.03 0.001370681112097388 0.0312414039485376
0.03 -0.002715508335717615 0.03021087582653755
0.03 -0.01133753151732775 0.02050614001117802
2 3 0 29
376
377
378
379
380
381
382
383
384
385
386
387
388
389
390
391
392
393
394
395
396
397
398
399
400
401
402
403
404
-0.03 0.005006550908846536 0.0327512957793774
-0.03 -0.003249951659747173 0.01386389435297881
-0.03 -0.009633135611071956 0.02772548504897296
-0.03 0.01019724417756518 0.02091770706860947
-0.03 -0.001825497825246397 0.03402602257266728
-0.03 0.006599716480001487 0.01511894090344406
-0.03 0.009633135611071923 0.02772548504897301
-0.03 -0.008806260216819024 0.01774658305056315
-0.03 0.01175728249667553 0.02447423620367562
-0.03 0.007446232675445881 0.02404792241315116
-0.03 0.004995652437158654 0.02833480298486995
-0.03 0.00274901714138362 0.02362049574885779
-0.03 -8.39250623728126e-05 0.02725662813208678
-0.03 -0.002065959011661069 0.02304384101449963
-0.03 0.0005167546037213638 0.01896425532794514
-0.03 -0.00483035862908986 0.02706023561981616
-0.03 -0.007402174727438995 0.02259690762455892
-0.03 -0.004519290347940123 0.01847095655160927
-0.03 0.001849138924348499 0.0139200780192076
-0.03 -0.006638181034960083 0.03153208262133826
-0.03 0.005348318198487389 0.01966953930187595
-0.03 -0.01142566791322395 0.02392561742276874
-0.03 0.008534513910840398 0.03137377329746336
-0.03 0.009876536160003915 0.01704733687789916
-0.03 -0.007169142675073095 0.01433477666305962
-0.03 0.001941817386217552 0.03513667362805063
-0.03 0.001370681112097388 0.0312414039485376
-0.03 -0.002715508335717615 0.03021087582653755
-0.03 -0.01133753151732775 0.02050614001117802
2 4 0 248
405
406
407
408
409
410
411
412
413
414
415
416
417
418
419
420
421
422
423
424
425
426
427
428
429
430
431
432
433
434
435
436
437
438
439
440
441
442
443
444
445
446
447
448
449
450
451
452
453
454
455
456
457
458
459
460
461
462
463
464
465
466
467
468
469
470
471
472
473
474
475
476
477
478
479
480
481
482
483
484
485
486
487
488
489
490
491
492
493
494
495
496
497
498
499
500
501
502
503
504
505
506
507
508
509
510
511
512
513
514
515
516
517
518
519
520
521
522
523
524
525
526
527
528
529
530
531
532
533
534
535
536
537
538
539
540
541
542
543
544
545
546
547
548
549
550
551
552
553
554
555
556
557
558
559
560
561
562
563
564
565
566
567
568
569
570
571
572
573
574
575
576
577
578
579
580
581
582
583
584
585
586
587
588
589
590
591
592
593
594
595
596
597
598
599
600
601
602
603
604
605
606
607
608
609
610
611
612
613
614
615
616
617
618
619
620
621
622
623
624
625
626
627
628
629
630
631
632
633
634
635
636
637
638
639
640
641
642
643
644
645
646
647
648
649
650
651
652
-0.015 -2.480838239228273e-17 0.002228603534446913
-0.008152611022999736 -0.01259106562240318 -0.04940934265043224
-0.008218979972317027 0.01254784316983009 -0.04998164985192739
0.01437500000000084 0.004284784125247821 -0.021
0.01437499999999532 -0.004284784125266353 -0.021
-0.003775881798251766 0.01451698028674114 0.003018041685811566
-0.003650579486521166 -0.0145489954777844 0.002350322210581408
0.014375 0.00428478412525064 -0.036
0.01437532585421686 -0.0042836907667436 -0.03599757784374986
-0.015 -2.480838239228273e-17 -0.04922860353444692
0.01437500000000075 0.004284784125248142 -0.01099999999999999
0.01437597066876741 -0.004281526285186062 -0.01100295540169482
0.00613436491130104 0.01368830037422465 -0.04866230736706692
0.006025431369794603 -0.01373659989982583 -0.0492286035344469
0.0101592235743861 0.01103585866009698 0.002228603534446524
0.01015922357438617 -0.01103585866009693 0.002228603534446552
-0.01185298550410544 -0.009192754464221606 0.002341552400763558
-0.01183710764094592 0.009213190690344994 0.00222860353444583
0.01437500000000001 -0.00428478412525061 -0.046
0.014375 0.004284784125250649 -0.046
0.014375 0.004284784125250651 -0.0009999999999999939
0.01437499999999942 -0.004284784125252602 -0.0009999999999999939
0.01437557851812123 -0.004282842778964861 -0.04099652807057091
0.01255776653217774 -0.008203810073576592 -0.03850090617277706
0.01255616440792237 -0.008206261960309554 -0.03351276687685234
0.009700184001584924 -0.01144143480230499 -0.03600558692110961
0.009699582715861436 -0.01144194455231112 -0.03103015127236101
0.006049632598133648 -0.01372595881633042 -0.03352291057935849
0.006046157671424756 -0.01372748984382329 -0.0285515653890982
0.00190428379992451 -0.01487863243747035 -0.03104044485869233
0.001899810009866879 -0.01487920434453434 -0.02607573158192673
-0.002393760007531349 -0.01480776529481554 -0.02856195105069406
-0.002398674201807906 -0.01480697005040468 -0.02360584709435284
-0.006491033963221608 -0.01352281324607804 -0.02608619898052461
-0.006495291690175355 -0.01352076868597119 -0.02113194175157483
-0.01005387070625874 -0.01113192183865088 -0.02361437531267187
-0.01005073592227212 -0.0111347522388578 -0.02856451518807009
-0.0127904367434185 -0.007836116889927681 -0.02609226630807401
-0.0127928915236941 -0.007832108685596476 -0.02114268043920849
-0.002406278693244977 -0.01480573614685995 -0.01865241126305662
-0.01278851857700036 -0.007839246941238465 -0.03104075880759634
-0.01448355591168167 -0.003902128669481677 -0.02856808102561341
-0.006501155610847172 -0.0135179501302361 -0.01618072947592559
-0.002413875583786673 -0.01480449947367349 -0.01369747266141988
-0.002385588670501385 -0.01480908392491499 -0.03348620521419828
0.001878177987713348 -0.01488195039121113 -0.01616668727964205
-0.01448260811412187 -0.003905644916370587 -0.03351545160328014
-0.01499592260150353 0.0003497217890203132 -0.03104618799580782
-0.01499582908596193 0.0003537089546761748 -0.02609779113257328
-0.01428430722145567 0.004578052774168228 -0.0285773175363187
-0.01428294525526468 0.004582300168595692 -0.02362515924450615
-0.01240474322347054 0.008433406521670926 -0.02611355316026021
-0.0124025520215495 0.008436628672210157 -0.02115387264351259
-0.009509541971626186 0.01160037117897009 -0.02363365208344623
-0.009506841689231551 0.01160258424213714 -0.0186750865837221
-0.009512217038444451 0.01159817774538428 -0.02859322691266529
-0.005837086932358498 0.01381768490536999 -0.0261151059885992
-0.005840906501854648 0.01381607075968388 -0.03107208150233472
-0.01240042572857641 0.008439753654583783 -0.0162021780926614
-0.001684705027933368 0.01490509204831879 -0.02859832433167494
-0.001679485310368359 0.0149056811012532 -0.02363553189463229
-0.01428551100336206 0.004574295068403595 -0.03352466560110159
-0.00168869406196127 0.01490464063186687 -0.03355710827477061
-0.009504346535994683 0.01160462825443908 -0.01372604827668428
0.002615022080973715 0.01477029652769435 -0.02611752143565813
0.002620584179213992 0.01476931070022069 -0.02115121038718767
0.001871650925810339 -0.01488277268562257 -0.01121190499143374
-0.006507057149078804 -0.01351511033098222 -0.011228427209871
-0.0123983417836989 0.008442814756619144 -0.01124941865040601
-0.01428034399030251 0.004590400365832045 -0.01372150743083905
-0.01278728212497287 -0.007841263664509018 -0.0359861771580598
-0.005846072946451042 0.01381388544562221 -0.03602283834246592
-0.00169679691103176 0.01490372034905087 -0.03851317067317335
0.002597411619600184 0.01477340356445887 -0.03604212932619273
-0.009503084629986379 0.01160566165779947 -0.008776492922328863
-0.00583326591470906 0.01381929841809248 -0.01124933624590026
0.006013484517307459 -0.01374183408283274 -0.01368365500930791
0.00600809603419991 -0.01374419084718454 -0.008724403442396125
-0.01427922110157047 0.004593892111539467 -0.00877364265046978
-0.01499546294520654 0.0003689052167394897 -0.01124449574673351
0.006705120745887954 0.01341794901551884 -0.02364243984113815
0.006709821076064648 0.01341559917138249 -0.01866890003080282
-0.01448151455798794 -0.003909697700178781 -0.03846110169588791
0.006054663821658314 -0.01372374023386853 -0.03848960170806873
-0.01278601388619526 -0.00784333149254971 -0.04093016874196487
-0.0149957346819651 0.0003576888984984534 -0.02114955730165119
0.006699963887003132 0.01342052472568989 -0.02861483973445974
-0.01006167093407669 -0.01112487204485321 -0.01371392803711597
-0.01006638746227817 -0.01112060445566197 -0.00876357107975359
0.006038541679038726 -0.01373084172185056 -0.02358808192070115
-0.01005068471579094 -0.01113479845995276 -0.03845720819694778
0.00186380670314425 -0.01488375707183218 -0.006254853466175436
0.002623160200602033 0.01476885339361108 -0.01618131979884577
0.006712535159926 0.01341424137723625 -0.01369786169750371
0.01023854942595718 0.01096230384783381 -0.02613212635041499
0.01024330663924848 0.01095785878236839 -0.016186090258457
0.002627561091772147 0.01476807105579483 -0.01121584175068867
0.006712975921507524 0.01341402080948364 -0.008731265704233576
0.002632607025914072 0.01476717238495941 -0.006248833758873674
0.01022211432375859 0.01097763083511235 -0.03077684722516132
-0.006514710075709161 -0.01351142304235396 -0.006280616663679052
0.002590307862437722 0.01477465076331056 -0.04099994187882995
0.006673600545885146 0.01343365384971496 -0.03852393079199344
-0.001699878848270571 0.01490336914597509 -0.04347062561463146
-0.005831002463994274 0.01382025362520141 -0.006302255183461801
-0.01499537781181705 0.0003723496755267135 -0.006298828954824011
0.01255137562378958 -0.008213584476374542 -0.02853448203628721
0.009660880092493988 -0.01147464142526699 -0.01119898522617097
0.009666872562562682 -0.01146959349145264 -0.01616621351175868
0.009656566687668009 -0.01147827163847504 -0.00623466128436586
-0.01448899760164945 -0.003881874353890986 -0.008767317020442457
-0.01448787691106815 -0.0038860548902117 -0.01371209688870095
-0.01449000488503892 -0.003878112740953813 -0.003824589497812197
-0.01426884690815991 0.0046260142575975 -0.005006343344122033
0.01291415918547499 0.007630497528484758 -0.02845922589534918
0.006683813522444536 0.01342857538226552 -0.005070400376390484
0.01024071699542117 0.01096027898457389 -0.006246831716056576
0.002637614645385276 0.01476627877911186 -0.0012848098369663
-0.01448402440889389 -0.003900389329613906 -0.0422630067254138
-0.0149962142929218 0.0003369820184635502 -0.04093783298739571
-0.01278473611798394 -0.007845414099556303 -0.04587303845644319
-0.009512716918611861 0.01159776775187172 -0.004922820625192011
-0.01007827638926091 -0.01110983100779062 -0.004691580378160434
0.006667992463247648 0.01343643838634601 -0.04348787148402858
0.01020138944165231 0.010996892900258 -0.04101220468248777
0.01019783536326451 0.01100018881218644 -0.04570569444082908
0.01251922303609306 -0.008262508975641536 -0.01366046261267074
0.012558012473741 -0.008203433592671148 -0.04347895048389618
0.01255286810889288 -0.008211303321686519 -0.0484688867584469
0.009710335124975497 -0.01143282081380912 -0.04596784516271486
0.009700407302344326 -0.01144124548152975 -0.04097788252907741
0.006056207039681981 -0.01372305929057025 -0.04351776053842677
0.001919147796139073 -0.01487672247965171 -0.04100576606243213
0.001921580382670517 -0.01487640846551801 -0.04595453777074951
-0.002364317763693208 -0.01481249477678506 -0.04347085270310454
-0.002366207316750369 -0.0148121930494494 -0.04842562298713433
-0.002368520709646682 -0.01481182330599359 -0.03852521094897522
0.0019067894902511 -0.01487831152516535 -0.03599427216798529
0.01437557851812124 0.004282842778964836 -0.04099652807057088
0.0143755463454454 -0.004282950766697107 -0.006003278804611788
0.01255983694209954 -0.008200639974286866 -0.00350327287188873
0.01437607605351349 0.004281172421614886 -0.005993540838460175
-0.01499554848751663 0.0003654114920711514 -0.01619008426267091
0.0143755566507212 0.004282916177314868 -0.01600334066414511
-0.01428164718057815 0.004586344275071836 -0.01867265092216554
-0.006487405714878694 -0.01352455422890378 -0.03104103638737036
-0.002421565458199961 -0.01480324358820231 -0.008740150876694337
-0.009515343612334587 0.01159561278843009 -0.03354446805456709
-0.009519259692162876 0.01159239815194264 -0.03849516521869871
-0.01240605610777972 0.008431475069679175 -0.03106923812465009
-0.01240795935758673 0.008428673951487024 -0.03601453436378199
-0.01241075356985254 0.008424559088070577 -0.040959476778345
-0.009525656722874101 0.01158714218424731 -0.04344558948964054
-0.01240786910948787 0.008428806805344205 -0.04483580952440961
-0.01005774270322795 -0.01112842359526564 -0.01866306549211748
-0.01279472923322083 -0.007829106197297632 -0.01619080662599937
-0.01448591544509417 -0.003893360209071614 -0.01867254998802468
-0.01279624279003561 -0.007826632127451856 -0.0112475314225439
-0.01279953212807392 -0.007821251645510674 -0.006297192263965447
0.01437500000000061 -0.004284784125248593 -0.031
0.0143724866219868 -0.004293207227797236 -0.0260033165431114
0.01253421406508692 -0.008239749860922796 -0.0235765925769927
-0.005855798580213067 0.01380976549359093 -0.04097701676090729
-0.0124064743912781 0.008430859575307885 -0.007167675136321244
-0.001676637087755788 0.01490600174681198 -0.0186691682410083
-0.005836298417678721 0.01381801797580973 -0.02115594031540702
-0.01448454791973664 -0.003898444761806035 -0.02362044377884535
-0.01499607577256977 0.000343090984063707 -0.0359935224655025
-0.01428559636212355 0.004574028484660144 -0.0384801750957311
-0.01427524192520419 0.004606242283781054 -0.0421218513138282
-0.01005924660303995 -0.01112706420306943 -0.04238670459197041
-0.010050732940825 -0.01113475493004741 -0.03351081968294448
0.009690141862751621 -0.01144994107756667 -0.02606581167812312
0.01024118238121342 0.01095984413368748 -0.01121361497944607
0.001885738386821599 -0.01488099427916251 -0.02111912264510911
0.002606174568950278 0.01477186021177282 -0.03108285866819522
0.01024327069682638 0.01095789238090693 -0.0211567686142922
-0.005835436883578343 0.01381838182920755 -0.01620228671655831
-0.006496849781635512 -0.01352002007819746 -0.03599007338206325
-0.006482329986587064 -0.0135269877631716 -0.04012685200271945
0.0125160990021823 -0.008267240517099483 -0.008715138251647672
0.006678510653191013 0.01343121347664514 -0.03357102383738102
-0.001644347709093856 0.01490959827130154 -0.004834350628463754
-0.001671485042412545 0.01490658035073742 -0.009167469867736186
0.006015821711254692 -0.01374081108007809 -0.01863637398202265
-0.001681693681500126 0.01490543210918766 -0.01391422428135882
0.01021025397515228 0.01098866296520587 -0.03597916891103722
0.009675503876105619 -0.01146231323701569 -0.02111924863069603
0.01251576767375561 -0.008267742106317425 -0.01860885468626054
0.01437530594079995 -0.004283757592161526 -0.01599719727158862
0.002558062155856147 0.01478026785977766 -0.04591717353459007
-0.001681120203921655 0.01490549680017296 -0.04717685226963141
-0.01420438034729225 0.00482032975526133 0.0008626289832763465
-0.01418725862550954 0.004870492038070204 -0.04922860353444693
-0.01413799609017653 -0.005011692982830572 0.002916444268137731
-0.008156653561769471 0.01258844719070916 0.002603522459526178
-0.008133173925454859 -0.0126036297112499 0.00272044142214279
0.001241608327341875 -0.01494852530390457 0.002226957224886091
-0.001197620173073711 -0.01495211376097195 -0.001626181225793076
0.00615224557440455 0.01368027318412244 0.0009683607061511182
0.00602563327042602 -0.01373651133622853 0.0008825291136620519
-0.01418006983294823 -0.004891382169971124 -0.04996776965839006
0.006017875193896113 -0.01373991186837419 -0.004068996882711784
0.01306858750163511 0.007362881277876653 0.002487088650460191
0.01187081787253224 0.009169715537418228 -0.001595126057255175
0.01306274167199467 -0.007373247589138311 0.001736222251581807
0.01286487634585294 0.007713297388660277 -0.02388714243974471
0.01312142914137143 0.007268293973689333 -0.0489282459361479
0.01274837256264982 0.007904365692696492 -0.0435013621383027
-0.006025431369793108 -0.01373659989982649 -0.001676243164850183
0.01274425758990296 0.007910998576804378 -0.03853821533316494
-0.006008456074711477 0.01374403345449445 -0.001684010825349525
-0.005679801357582469 0.01388307806426242 -0.04559515031503995
0.01283853983080483 0.007757054532026829 -0.03329608543856057
0.01446798488646567 0.003959471344131824 -0.03112152901824769
0.01448241100701181 0.003906375740246082 -0.026
0.01273424345150661 0.007927108156052944 -0.01867578300685068
0.01273196865846322 0.007930761254754183 -0.01369401135090809
0.01272561832445987 0.007940946937246913 -0.008726880192324635
-0.01294098266959694 -0.007584917108656603 -0.001812490774890076
-0.006228236285616575 -0.01364584452390284 -0.04537963088068956
0.001238690182084966 0.01494876739510005 0.002880536986866536
-0.01258809571053857 0.00815719598773502 -0.001947397957799163
-0.01183710764094588 -0.009213190690345048 -0.04991391652163376
-0.0149850212972981 0.0006701766330769271 -0.002301424110449653
0.009414793444678706 -0.01167739972742369 -0.002537265147383054
-0.01183710764094592 0.009213190690344994 -0.05005340557730749
-0.01498520684174378 0.0006660149473964722 -0.04480806006791581
0.0101592235743861 0.01103585866009699 -0.05015413134234236
0.01007234120198783 -0.01111521222067929 -0.05008792579432798
0.001428651718895926 -0.01493181014700146 -0.05005708294983327
0.002780431758746884 -0.01474005424803286 -0.001523018635889675
0.002012667629280914 0.0148643590179343 -0.04987743127991566
0.01451462097714855 -0.00378494093609389 -0.04947824498882557
0.01455479314933066 -0.003627395261092619 0.002828343964960268
0.01455479314933117 0.003627395261090587 0.002828343964959359
0.0145725245977462 0.003555492490229979 -0.04989366468420754
0.009186005313551506 0.01185821682966725 -0.001349708672021326
-0.001110286691348916 0.01495885234444854 -0.0008374161705566527
-0.004970708540671518 0.01415245761709588 -0.04991053493383154
-0.00321120363909091 -0.01465224116605679 -0.005145771200976069
0.0129586759679051 0.007554648711809094 -0.005069765345586098
-0.01478747405494643 -0.002516070562262945 -0.0004709001380557784
-0.01042160354251456 -0.01078842804131575 -0.04698249601056899
-0.01004924177510829 0.01113610074242409 -0.0008334254810452094
-0.01474258841506977 -0.002766963466302111 -0.04633001497959698
-0.01016053032063709 -0.01103465557248682 -0.0002852817022631071
-0.01023216807624559 0.01096826041172713 -0.04687487691199253
2 5 0 29
653
654
655
656
657
658
659
660
661
662
663
664
665
666
667
668
669
670
671
672
673
674
675
676
677
678
679
680
681
0.009251295779377392 -0.005006550908846536 0.006499999999999999
-0.009636105647021186 0.003249951659747173 0.006499999999999999
0.004225485048972962 0.009633135611071954 0.006499999999999999
-0.002582292931390536 -0.01019724417756518 0.006499999999999999
0.01052602257266728 0.001825497825246397 0.006499999999999999
-0.008381059096555938 -0.006599716480001487 0.006499999999999999
0.004225485048973014 -0.009633135611071923 0.006499999999999999
-0.005753416949436848 0.008806260216819023 0.006499999999999999
0.000974236203675624 -0.01175728249667553 0.006499999999999999
0.0005479224131511571 -0.007446232675445879 0.006499999999999999
0.004834802984869955 -0.004995652437158654 0.006499999999999999
0.0001204957488577952 -0.002749017141383618 0.006499999999999999
0.003756628132086775 8.392506237281318e-05 0.006499999999999999
-0.0004561589855003738 0.002065959011661071 0.006499999999999999
-0.004535744672054858 -0.0005167546037213612 0.006499999999999999
0.003560235619816154 0.004830358629089859 0.006499999999999999
-0.0009030923754410794 0.007402174727438996 0.006499999999999999
-0.005029043448390729 0.004519290347940125 0.006499999999999999
-0.009579921980792404 -0.001849138924348499 0.006499999999999999
0.008032082621338265 0.00663818103496008 0.006499999999999999
-0.003830460698124048 -0.005348318198487384 0.006499999999999999
0.0004256174227687381 0.01142566791322395 0.006499999999999999
0.007873773297463358 -0.008534513910840398 0.006499999999999999
-0.009165223336940378 0.007169142675073095 0.006499999999999999
-0.006452663122100845 -0.009876536160003915 0.006499999999999999
0.01163667362805063 -0.001941817386217552 0.006499999999999999
0.0077414039485376 -0.001370681112097388 0.006499999999999999
0.006710875826537554 0.002715508335717618 0.006499999999999999
-0.002993859988821985 0.01133753151732775 0.006499999999999999
2 6 0 29
682
683
684
685
686
687
688
689
690
691
692
693
694
695
696
697
698
699
700
701
702
703
704
705
706
707
708
709
710
0.009251295779377392 -0.005006550908846536 -0.0535
-0.009636105647021186 0.003249951659747173 -0.0535
0.004225485048972962 0.009633135611071954 -0.0535
-0.002582292931390536 -0.01019724417756518 -0.0535
0.01052602257266728 0.001825497825246397 -0.0535
-0.008381059096555938 -0.006599716480001487 -0.0535
0.004225485048973014 -0.009633135611071923 -0.0535
-0.005753416949436848 0.008806260216819023 -0.0535
0.000974236203675624 -0.01175728249667553 -0.0535
0.0005479224131511571 -0.007446232675445879 -0.0535
0.004834802984869955 -0.004995652437158654 -0.0535
0.0001204957488577952 -0.002749017141383618 -0.0535
0.003756628132086775 8.392506237281318e-05 -0.0535
-0.0004561589855003738 0.002065959011661071 -0.0535
-0.004535744672054858 -0.0005167546037213612 -0.0535
0.003560235619816154 0.004830358629089859 -0.0535
-0.0009030923754410794 0.007402174727438996 -0.0535
-0.005029043448390729 0.004519290347940125 -0.0535
-0.009579921980792404 -0.001849138924348499 -0.0535
0.008032082621338265 0.00663818103496008 -0.0535
-0.003830460698124048 -0.005348318198487384 -0.0535
0.0004256174227687381 0.01142566791322395 -0.0535
0.007873773297463358 -0.008534513910840398 -0.0535
-0.009165223336940378 0.007169142675073095 -0.0535
-0.006452663122100845 -0.009876536160003915 -0.0535
0.01163667362805063 -0.001941817386217552 -0.0535
0.0077414039485376 -0.001370681112097388 -0.0535
0.006710875826537554 0.002715508335717618 -0.0535
-0.002993859988821985 0.01133753151732775 -0.0535
3 10 0 138
711
712
713
714
715
716
717
718
719
720
721
722
723
724
725
726
727
728
729
730
731
732
733
734
735
736
737
738
739
740
741
742
743
744
745
746
747
748
749
750
751
752
753
754
755
756
757
758
759
760
761
762
763
764
765
766
767
768
769
770
771
772
773
774
775
776
777
778
779
780
781
782
783
784
785
786
787
788
789
790
791
792
793
794
795
796
797
798
799
800
801
802
803
804
805
806
807
808
809
810
811
812
813
814
815
816
817
818
819
820
821
822
823
824
825
826
827
828
829
830
831
832
833
834
835
836
837
838
839
840
841
842
843
844
845
846
847
848
-0.003773888431334457 6.447254190123514e-07 0.02350055899537229
0.01351483845945173 1.950981450322964e-05 0.02349438005793562
-0.01674544646790745 -0.00197858104297422 0.02327598321778112
0.004843620873615615 0.00469852325222514 0.02120486493591276
0.004833752301626923 -0.005161097823645494 0.02438266140955917
0.02087571033861559 -0.000858103807831366 0.02921620963776225
-0.01128133812188363 0.005518524150847836 0.02504857462055235
0.02094697786700614 0.005629785566556708 0.02245670769403041
0.02094412277920663 -0.005029784222620412 0.02082541693475634
-0.02171145868162033 -0.0005177720237576625 0.03011296416549428
-0.01033794970228743 0.0002177381503485266 0.01727496070002148
-0.02101560545641595 0.006034132437672374 0.0238404236638696
0.002651076151497904 0.001878061881220051 0.02933156226838536
-0.01016991946229289 -0.002249733790414597 0.02931575186174666
0.001547657609119326 -0.002040011271480843 0.01717168792811591
-0.008667281012254875 -0.006622432909943313 0.021851986532765
0.009565630515274709 -0.003666713510562594 0.01734778948524507
0.01720379007789747 0.001561845228796476 0.01640798156325653
0.009664759063215267 0.005762232046465393 0.02782431616438426
0.009710731534630727 -0.002382857765059034 0.03027713448427806
-0.01784261652204786 0.003034700917192322 0.01711613327508982
-0.02252594070514959 -0.006892629581458873 0.02550536720281687
-0.00506392778481725 0.006731244064939087 0.01984658974546751
-0.001340506705564235 -0.004813248911072051 0.02912669667313942
0.01613812023849617 -0.006550315790115896 0.02677490027069893
-0.002960962569874802 0.006656151799347338 0.02721939571590419
0.01331315470546826 0.00732200310972211 0.02131477959949982
-0.0220745860543669 -0.003756152856957034 0.01756078538097869
-0.01521078218648684 0.002980289080426667 0.03080051169009822
-0.001383908547626533 -0.007471144944689844 0.0211865736941797
0.01703012252824574 0.005484772953730282 0.02876994749000596
0.0099328092934351 0.003462825434312321 0.01622500526302334
-0.01509040182572756 -0.005098868361689305 0.01694487028527042
-0.004341380778646539 0.00116856614014359 0.03152023837801152
-0.01654935144097659 -0.005348747721750255 0.02951656731390307
-0.00502911323575689 -0.004201604911093236 0.01619660603278433
0.01454785680651998 -0.007699395069419895 0.02008641431618354
-0.01218368724631416 0.00676820759646649 0.01830632610572721
0.0002370204780557839 0.004542072430276442 0.01623820116427895
0.02362501818212105 0.0041457694869638 0.01624699365957793
-0.0148789204867615 -0.008445919469578627 0.02375809487703501
-0.0233893029115258 -0.000369869933625073 0.02348459612108949
0.02315164685418351 -0.007212106567744988 0.02716110836966576
0.003493002423862396 0.007899494165561047 0.02679996140815418
0.02357569003235653 0.00521423907328275 0.03038866621046368
0.0102799767045422 -0.008693674367450494 0.02490396828655062
0.01525539200184136 0.0002897480437954102 0.03209393513180407
-0.006986228785823049 -0.007679426659165855 0.02797370040349699
-0.02362705421251931 0.005812636639092012 0.02991608147802957
0.02390695048831401 2.421224165773356e-06 0.02358039398546891
0.007452509386084983 0.0005182260548586533 0.02512736517943141
0.004291698135435699 -0.007448748993916926 0.01860985068375583
-0.008325196562429053 0.005862914757436583 0.03052883084046245
0.02242668150265038 -0.002226909826610095 0.0150423204748315
-0.009960071330381685 -0.0003144114041909807 0.02343502873760045
-0.01640066366674484 0.008062746768300278 0.02745223542580352
-0.02383113189532791 0.00531482712196669 0.01645686782919002
-0.00498569259621603 0.001736972720098609 0.01473557881530314
0.0003612368194528478 0.008774989975117102 0.02166689499392818
0.003928585670856336 -0.003504065524561856 0.03196758433919802
0.0152575229572259 -0.004080150911155668 0.01525441224747994
0.02469760359888589 -0.004265918628067442 0.03187462439741953
-0.02465941435515909 -0.008780521615145828 0.02031090623452179
0.007991867987314655 0.009445108507012204 0.02299815900301019
0.002053712486529146 -0.0002430865753463782 0.02274850532083343
0.02454479112617037 0.009205850246484685 0.02549056075512241
-0.01647231723221389 0.009103880573586087 0.02163508400076497
0.005388756972416447 0.0007578413053055933 0.01385508798701843
-0.02484860634592225 0.009805072306925089 0.02633011565151439
0.001046689210244413 -0.009144859793374989 0.02614858646467902
-0.01891362568549558 -0.008548614807664912 0.0196008542470576
0.007601791781360594 0.002653398661042507 0.03229002489233534
0.02457330438412393 0.008957963829083907 0.01949168308393968
0.02480115837977983 -0.009113437280004109 0.02000553117614366
-0.01496596117782568 -0.0004529631549036549 0.0136410537234768
0.02510167307997421 0.001021460049184329 0.03328211350926432
0.006664445897084014 -0.00763535871164671 0.02916914145127441
-0.007122007385833439 0.009313429656891097 0.02444662354853356
0.01792086008447733 0.00722347736959768 0.01770710322706241
-0.01585759548778621 0.003533923295852232 0.022386570370086
-0.02516425202581505 0.001989651763501777 0.03314015429877433
-0.02366160703577935 0.0002536950217516677 0.01381733771327952
0.0193855684940167 -0.005829670470361706 0.03124621793082275
0.01872746674151392 2.743127376758636e-05 0.02153841441118499
-0.005856726141285561 -0.004104126291391726 0.03224498494588789
0.007072934250777358 0.008024975667669111 0.0174139972160105
-0.01415388884412239 -0.001922436806002331 0.03314772550281529
0.01371891412888694 0.009256886774065338 0.02646986514806465
-0.009878492718420199 -0.006734479451582762 0.01650878502935963
-0.0237248960380167 -0.005927815049913764 0.03116819804020117
0.01912989644540995 0.009641315632166234 0.02593722359619209
0.01956483007006657 -0.009675155639802839 0.0236341811964915
0.009347697440410328 -0.009170595227441658 0.01957778867570077
-0.0123262717328035 -0.008704179399259875 0.02859189546635445
-0.009908073145194039 0.001455837752826324 0.03327244504578805
0.01329547088832314 -0.006254215141136562 0.03133414385409477
-0.01999800412200079 0.003553049850606043 0.03317511837807618
0.009776691436781913 -0.003787140604151728 0.02273173820128914
0.01251004739034961 0.004958545107502991 0.0323706997082954
0.006070265892409909 -0.0001074163317803525 0.01923945251496348
0.01997132360413913 0.00251254704606772 0.03326158293777474
-0.01862759467388974 0.002266021239785149 0.02676613047997013
-0.02342107756170151 0.00928881950244617 0.02017698737159834
-0.009622766799456145 0.004510214709962837 0.01426134323998859
0.0006822993810397019 0.00648966268975393 0.03107873039972458
-0.0004465903588611939 -0.006776500854298809 0.01605945765153119
-0.007020175167671217 0.002099789228605505 0.02708010284372092
-0.0009401329781600111 0.003748066630904504 0.02125028184091192
0.005292718206476005 -0.004460532794786328 0.01443047732985214
0.009899488414139922 0.003350968175456249 0.02146241000261325
-0.005175962281517597 -0.01003650230843082 0.02368669126457149
-0.0001230548366370522 0.0005205322067309832 0.01297978352032478
-0.005539345280497362 -0.009112471946850479 0.01853065997349819
0.01980343163363871 -0.006783836290761711 0.01592204477198598
0.0116673553661973 -0.0006946968927801392 0.01364976982182102
-0.00404656718474723 -0.004957649994147307 0.02477479015994172
0.005497586846978627 -0.01022310808605704 0.02382402395748161
-0.0008015773678508837 -0.00205635675291814 0.03346513759130327
-0.02559933827629548 -0.002684154180214346 0.02790471847246806
0.02527079446659927 -0.002621968191895745 0.01934078076111011
-0.01377666099028295 0.0002575173387520096 0.02674961583813612
0.01435581721523619 0.005360273090105273 0.0146105264710504
0.01618314312479122 -0.001550675806929447 0.02748382464563427
-0.018480506243459 -0.009512013557100926 0.02724115136177172
-0.02537329707298239 0.00390572864483456 0.02549289503279584
-0.008384578999206081 -0.001968903571846825 0.01319008227779773
0.01632137943749789 0.004205610066353924 0.0239275162722191
-0.01010190460316773 -0.0106611443614754 0.0245208526434497
-0.02221427535764811 0.001141071867518435 0.01880600118101332
-0.0118864146795157 -0.004638699828588501 0.02520574209286128
0.02529564442565226 -0.006274890349618185 0.01588030938196917
-0.01152596407088705 0.01008383230767968 0.02207370389517009
-0.006225016830980822 0.001879621190086667 0.01957342132356758
0.01286848639111878 4.507353754513065e-05 0.01849225707554717
0.02562875304631347 0.004238564106394726 0.02582839968287301
0.01223453360970083 0.001463438426313054 0.02825168601702819
-0.01162008131749038 0.009081558832867737 0.02855563513277882
-0.01680707312317368 0.007913339248650064 0.01679270683568211
3 11 0 137
849
850
851
852
853
854
855
856
857
858
859
860
861
862
863
864
865
866
867
868
869
870
871
872
873
874
875
876
877
878
879
880
881
882
883
884
885
886
887
888
889
890
891
892
893
894
895
896
897
898
899
900
901
902
903
904
905
906
907
908
909
910
911
912
913
914
915
916
917
918
919
920
921
922
923
924
925
926
927
928
929
930
931
932
933
934
935
936
937
938
939
940
941
942
943
944
945
946
947
948
949
950
951
952
953
954
955
956
957
958
959
960
961
962
963
964
965
966
967
968
969
970
971
972
973
974
975
976
977
978
979
980
981
982
983
984
985
-4.743495519918262e-06 -2.117943309797238e-06 -0.02734109873763929
4.723525137388315e-06 1.657702872141092e-06 -0.01229938499462255
-0.0002295902720094866 0.002027080388569774 -0.04025757220149372
0.004269304023286716 0.002482417816416479 -0.003387081140896489
-0.005240428450674385 -0.0002949843125725896 -0.003885257681393027
-0.00443752252942863 -0.003617134589180745 -0.01981654107941053
-0.001500179326551373 0.005525614882704446 -0.0198206847346469
0.005672963841767722 -0.0006116300970916092 -0.01982365887906562
0.001587724194444088 -0.005505564412934318 -0.03485300903085927
0.001572559357644531 -0.006037204064125239 -0.003167963675095585
0.006610054323023928 0.0005170381677936665 -0.04520924595626287
-0.006226548290638442 -0.0002489544315581549 -0.0338911583973099
0.0003010713212954586 -0.006024548097098221 -0.04449900342588581
0.005821500294368233 0.002263045266958042 -0.03370624873777581
-0.001683568177266201 0.006613933387297289 -0.03223041233756206
-0.001874112616765173 0.006522026843658786 -0.007393586699236579
0.001999336094387567 -0.006770780623754683 -0.02347598975954217
-0.003687928864307403 -0.006340180726533008 -0.009162261639603269
-0.006466157886283533 -0.002900758060157677 -0.0414794270709387
0.002263204138428332 -0.00694289283713528 -0.01550645134681058
0.006471196043820785 -0.003041271996984642 -0.008724891201633904
0.004754717878143138 0.005577995432072004 -0.02455581513001633
-0.006939259798332652 0.002231923950406586 -0.01521171103520399
-0.006886288676992204 0.002210743316593193 -0.02439559898501457
-0.004026905027974381 -0.006299587598233764 -0.02951787023131237
0.004370722877877495 0.006025597448012204 -0.01468844179862304
0.002043206227819633 0.006903410396055012 -0.04603508595728229
0.007048074496657455 -0.002946710097235954 -0.02777582416761771
-0.005865108919354638 0.003918282402018796 -0.04558463143443574
0.007352678299414419 -0.002953869374150102 -0.03872046059476954
0.00740401806712461 -0.003121605712327456 -0.0003678671293396293
-0.004619532298077304 0.006226284148813327 -0.0006102956132162688
-0.006563000017042126 0.005104617475526128 -0.03858855763377038
0.006018041240809304 0.005358921474331198 -0.04007372748417253
0.007532532757121698 0.003626275192030797 -0.009205737594513586
-0.00352644532086969 0.007914433809953696 -0.01381407096471318
-0.004914381910559446 -0.006917483318859518 -0.03622483673754941
-0.008289481117591976 -0.001472284061773211 -0.00976309247928364
-0.001142410630085772 0.008562655572876868 -0.02581356785792838
0.0002924395280577297 0.00847376282235365 -0.03839099433000085
-1.672552029895766e-05 0.0003741036363876442 -0.04688927635372889
-0.005135646921807214 -0.006961157719809867 -0.002547322709123122
-0.0001629040334061036 -0.0007102273841394446 0.0002618168470345621
0.002490245957945338 -0.008313734865977633 -0.009171304466705232
0.0020316456731789 0.008013029654241432 0.000132525142318758
0.004443099805690413 0.007734183027812349 -0.03061113040220034
0.008623385837760306 -0.0003382177517126701 -0.01413197640915124
0.006382774072743953 -0.005822208689276056 -0.04711367498328065
-0.007108131413644393 -0.005577282724585089 -0.01442813647894593
-0.007888517594017114 -0.003984312321342103 -0.02509129006000113
-0.007357192993222789 0.004735419726819375 -0.03017157516147775
0.002240868114327209 -0.008762217389193885 -0.02947249867485959
-0.007570125905207632 0.004788713420263978 -0.009479079866361702
0.008721640914618691 0.002712847896795965 0.0007557570648778012
-0.003929792789951757 -0.008482445264219877 -0.0236089470610853
-7.660790717948487e-05 0.0004376121421889748 -0.03426718620537285
0.004027253405287954 -0.0080453773238133 -0.03996453175854776
0.008855375994384447 0.00297441468552784 -0.02837240222997292
0.0002716065452713495 -0.001017089371190577 -0.006321793495030033
-0.007088753737298793 -0.005339980752229244 -0.04736158130300395
0.003643909959118639 0.008236381815572418 -0.009123788944391713
0.006597161334192896 -0.006534493736416448 -0.019632122918685
-0.003181359423717014 0.008772089742735084 -0.04814854233960538
-0.002938715206925053 -0.008955647087326532 -0.01761915307328973
-1.30918413936375e-05 3.906807027878818e-06 -0.02140677052047615
0.007333452549666479 -0.005327355935300543 -0.03324288377097005
-0.001027366628189355 -0.009481169954754677 0.0008545774799075636
-0.009358667843428346 -0.0004536989286905613 -0.01981159313416269
-0.007343385954215021 0.005821068276377872 -0.01981444070864193
0.003409418303079653 0.008714297293926114 -0.01979912627574726
0.009351901614852744 8.001084810922758e-05 -0.004785475776667305
0.001899219893120113 -0.009622798576878309 -0.04843901550121225
0.007822737570702069 0.004847269069362707 -0.01960376984220064
-0.003887850141501338 0.008549913880406851 -0.04240212569342018
-0.009607689221644554 -0.0004572892066296629 -0.02926849784157386
-0.004840461650976205 -0.008407814820562685 -0.04284759921835492
-0.001127026477835075 -0.003582567959867837 -0.03951712907527065
-0.00988261390056687 0.0004949634314145453 -0.03846601240838545
0.009636377079795373 -0.002015413192478201 -0.04865713897151258
0.006961945029373163 -0.006821409169974526 -0.004585047081955937
-0.009644276858690185 -0.0001740255439688839 -0.04708896420408645
0.007432486236700606 -0.005822314201746204 -0.01354004110184643
-0.009617977996832183 0.0001757998032415193 -4.220449387239318e-05
0.004271650123127993 -0.007280430565941638 0.001495695281525013
-0.00914122011049835 -0.00397441271058559 -0.004972450544798147
0.009652241231308874 0.001959190659284692 -0.03767512425633035
0.009484554159263876 -2.094044296075391e-05 -0.02377581258160404
-0.006479550090522137 0.007511892559066723 -0.02557058129627721
-0.008509746189736041 -0.005007001745057858 0.001277238411294963
0.007697644967845644 0.005918420157442262 -0.04718730110575684
-0.008379965264132946 -0.005031450201650375 -0.03249935841245443
-0.0004742517584587313 -0.009817473499099271 -0.03746350641230633
-0.008714211844096174 0.004185276770194522 -0.003958910775989145
0.00968081058989689 -0.003540456418677469 -0.04351587715175945
0.00600731282886924 0.007881374862039502 -0.003949433967354647
0.005134996409108868 0.008763189269074339 -0.03591474712100335
-0.001031927182685549 0.003193900073988339 -0.003290804173175226
-0.001361950124698332 -0.009700201757081011 -0.01258311932311512
0.009903868147433093 -0.0007822895212334921 -0.03204494393878403
-0.001348373896482632 -0.009689088491472295 -0.005733084560740871
0.001267447001411155 0.0102481546549493 -0.01369808945800123
-0.002103096638400955 -0.003980193996549338 -0.01507908936071983
0.003328057991066872 -0.002336632526733432 -0.04214488592210942
0.002012004885474723 0.001807372801851225 -0.01685657606500748
-0.003810955695574675 0.00115008167885293 -0.008851737275189276
0.002310857839022693 0.003160078838830431 -0.008782500252080661
-0.00272949696679654 -0.003556031086508614 -0.02471732504904004
0.002980987725918605 -0.002262380514877616 -0.03099295567931174
0.001187617728667633 0.009912403304693038 -0.004729959153224697
0.007015091430373549 -0.007186698429716329 -0.02477096703196904
-0.005468772256066012 0.008737131364783175 -0.03506007113821322
0.004428382078990262 0.0004268458407637563 -0.02472699696117032
-0.003128462740980492 0.004063765550999032 -0.02735096371121889
0.003604620228919915 0.002567324327190945 0.001792842671300232
0.002590954552456009 -0.01004385969945496 -0.01957526828287136
-0.00463264334503185 0.001488782071733456 -0.01980568831871476
-0.001999006891835282 0.01044028998834602 -0.021136500146426
-0.004581913208232162 -0.00125217693756873 -0.02918088590602105
-0.003573745872957713 -0.009471262638781484 -0.04815718049550227
-0.001767630768203658 -0.009812255396770395 -0.0324983009035419
0.0044208557128595 0.00270819495442997 -0.04909231191517945
-0.009252438531701934 -0.004480660973756339 -0.03750135289617472
0.01001534470698038 -0.002922914432808948 -0.01834649030940394
0.001044342115798415 0.01065419832424962 -0.03356102368652949
-0.004762440885461117 0.00136946427918603 0.000898864512836019
0.003760235465657284 0.002925491282249048 -0.02910514354297206
0.003950607931226807 -0.00226192252212907 -0.01453667734846331
-0.00478722365304832 -0.001056221253300286 -0.04590180672465358
-0.001783626571549381 -0.004101949489402467 -0.04885583745643188
-0.01017349635760579 -0.001620770450068905 -0.01498141996998037
-0.002272717246299816 0.009927817578263932 0.00177038974625658
-0.007842757934782719 -0.007163132133542667 -0.02077431033933243
0.003757021767379813 0.009515116590662297 -0.04199525266963187
-0.009438159310144141 0.003777722563435107 -0.03466399157005148
0.006943127774471669 0.007400456741528005 0.0009566980210560091
0.004279477993279542 0.0009931194559957945 -0.03831066698617245
0.009165688706694852 0.004593916756407567 -0.01478881638330351
$EndNodes
$Elements
2 3647 1 3647
3 10 4 1833
1 237 118 720 800 
2 207 754 729 782 
3 237 745 720 797 
4 743 751 170 799 
5 718 760 750 845 
6 169 731 181 814 
7 713 731 721 743 
8 169 181 731 848 
9 169 731 814 848 
10 738 752 393 773 
11 135 136 733 768 
12 237 720 24 797 
13 102 723 29 828 
14 726 170 751 799 
15 170 751 743 781 
16 731 785 181 814 
17 723 711 734 744 
18 136 749 733 768 
19 723 770 29 828 
20 135 768 733 814 
21 719 735 716 833 
22 753 760 360 830 
23 716 735 719 753 
24 362 760 753 772 
25 735 756 747 802 
26 237 307 118 800 
27 723 736 711 744 
28 718 741 716 755 
29 718 755 716 845 
30 726 765 743 840 
31 721 743 726 765 
32 747 756 282 802 
33 725 740 711 746 
34 721 731 713 790 
35 747 771 167 803 
36 102 29 723 782 
37 231 766 722 777 
38 712 735 747 794 
39 727 167 771 803 
40 393 752 389 773 
41 195 197 282 756 
42 237 118 24 720 
43 29 770 723 782 
44 711 736 723 818 
45 389 752 732 773 
46 133 769 749 796 
47 325 738 400 773 
48 359 716 760 772 
49 259 815 102 828 
50 137 749 778 796 
51 135 139 768 814 
52 170 726 751 838 
53 136 135 733 749 
54 743 765 713 840 
55 716 793 772 811 
56 374 359 362 772 
57 720 24 797 807 
58 713 738 731 743 
59 359 760 362 772 
60 231 232 722 766 
61 185 734 193 780 
62 719 747 735 794 
63 185 758 734 780 
64 397 732 331 773 
65 253 133 749 796 
66 185 193 179 780 
67 135 139 136 768 
68 721 713 743 765 
69 339 783 718 789 
70 722 766 232 779 
71 134 733 749 769 
72 339 718 783 801 
73 137 778 254 796 
74 193 734 185 758 
75 129 188 736 769 
76 723 734 711 775 
77 134 253 133 749 
78 134 132 733 769 
79 723 102 815 828 
80 259 744 815 828 
81 188 754 736 769 
82 716 772 359 786 
83 721 743 731 785 
84 186 166 737 832 
85 231 722 232 777 
86 211 750 728 764 
87 715 734 723 775 
88 173 167 747 771 
89 186 737 796 832 
90 711 746 726 843 
91 716 741 718 837 
92 737 789 339 801 
93 250 743 738 781 
94 753 784 719 830 
95 711 725 746 843 
96 711 723 775 818 
97 718 339 789 801 
98 186 737 166 796 
99 719 716 794 833 
100 167 727 162 803 
101 736 754 723 818 
102 753 760 716 772 
103 32 793 240 811 
104 363 753 360 830 
105 727 771 747 803 
106 715 723 734 770 
107 720 732 713 745 
108 754 775 723 818 
109 283 175 207 754 
110 732 738 713 781 
111 363 784 753 830 
112 175 729 207 754 
113 718 760 716 837 
114 312 797 724 804 
115 360 753 362 760 
116 713 738 732 752 
117 170 743 247 781 
118 169 183 181 848 
119 229 759 766 807 
120 731 738 713 839 
121 729 754 175 774 
122 744 763 205 815 
123 135 733 270 814 
124 374 359 772 786 
125 134 733 135 749 
126 368 320 753 784 
127 718 716 760 845 
128 359 716 786 845 
129 716 760 719 794 
130 716 753 719 760 
131 134 749 133 769 
132 183 731 181 848 
133 713 732 720 752 
134 733 748 270 814 
135 240 793 757 811 
136 129 273 188 769 
137 273 754 188 769 
138 711 726 746 826 
139 270 733 244 748 
140 719 760 753 830 
141 275 780 734 787 
142 760 794 716 837 
143 204 764 728 771 
144 711 740 725 775 
145 122 763 739 847 
146 754 714 775 818 
147 721 726 746 843 
148 275 734 770 787 
149 331 397 378 732 
150 245 737 339 801 
151 722 779 232 813 
152 772 793 119 811 
153 400 738 393 773 
154 726 743 721 799 
155 735 756 730 808 
156 123 739 122 763 
157 359 760 716 845 
158 735 808 730 833 
159 119 793 32 811 
160 233 777 722 813 
161 736 205 763 815 
162 123 763 122 847 
163 711 744 736 817 
164 392 389 732 773 
165 711 726 765 843 
166 747 794 771 844 
167 170 156 726 838 
168 257 728 318 789 
169 795 817 744 826 
170 257 211 318 728 
171 312 724 795 804 
172 747 712 794 844 
173 170 726 156 799 
174 249 160 785 836 
175 732 202 773 781 
176 249 785 743 836 
177 283 175 754 774 
178 728 750 318 789 
179 711 818 725 843 
180 134 132 135 733 
181 135 244 270 733 
182 211 318 728 750 
183 732 202 781 834 
184 731 785 738 792 
185 718 794 760 837 
186 721 765 726 843 
187 387 835 752 839 
188 722 813 767 835 
189 722 835 767 839 
190 711 746 740 826 
191 714 723 754 775 
192 325 346 738 773 
193 734 795 744 826 
194 264 740 159 827 
195 186 187 166 832 
196 748 814 731 848 
197 715 734 775 826 
198 736 763 744 815 
199 30 757 730 782 
200 363 362 360 753 
201 232 722 233 777 
202 339 783 297 801 
203 30 109 730 757 
204 331 732 289 773 
205 211 728 323 764 
206 734 744 711 826 
207 725 768 746 843 
208 24 720 118 791 
209 743 799 249 836 
210 309 797 312 804 
211 249 160 267 785 
212 205 736 271 815 
213 744 817 711 826 
214 271 736 205 763 
215 119 240 32 793 
216 264 762 740 827 
217 229 226 759 807 
218 759 766 722 779 
219 731 743 738 785 
220 719 771 747 794 
221 202 732 289 834 
222 721 713 765 790 
223 187 737 166 832 
224 732 752 389 829 
225 230 766 759 779 
226 233 722 232 813 
227 711 736 733 817 
228 170 247 743 799 
229 230 232 766 779 
230 717 765 748 843 
231 724 817 795 826 
232 170 161 156 838 
233 242 730 770 782 
234 717 733 817 843 
235 715 761 723 770 
236 28 102 29 828 
237 211 341 750 764 
238 730 756 735 806 
239 245 798 737 801 
240 712 735 794 833 
241 129 769 736 788 
242 156 799 726 823 
243 138 774 769 796 
244 118 791 720 800 
245 758 780 185 821 
246 715 775 740 826 
247 118 335 791 800 
248 731 767 217 792 
249 259 102 28 828 
250 138 769 133 796 
251 30 730 242 782 
252 249 267 743 785 
253 312 795 758 804 
254 750 760 367 845 
255 739 763 123 805 
256 229 759 228 766 
257 711 733 736 818 
258 257 728 789 832 
259 250 738 252 781 
260 733 788 717 817 
261 748 765 721 843 
262 721 765 748 790 
263 259 744 205 815 
264 718 750 367 845 
265 714 778 749 796 
266 739 766 122 847 
267 732 752 738 773 
268 719 728 764 771 
269 196 756 192 806 
270 244 748 733 842 
271 286 754 207 815 
272 119 786 772 811 
273 717 748 733 843 
274 231 230 232 766 
275 719 728 771 794 
276 196 735 756 806 
277 242 770 29 782 
278 725 740 715 775 
279 731 813 722 848 
280 106 313 795 797 
281 123 122 124 847 
282 715 740 725 762 
283 753 784 216 802 
284 107 739 123 805 
285 129 130 769 788 
286 217 785 731 792 
287 30 757 782 809 
288 719 764 728 794 
289 138 273 769 774 
290 723 815 744 828 
291 717 748 765 790 
292 211 204 323 728 
293 754 769 273 774 
294 204 323 728 764 
295 736 788 733 817 
296 712 747 735 808 
297 750 760 794 830 
298 750 794 764 830 
299 123 107 122 739 
300 203 747 802 824 
301 102 782 723 815 
302 312 106 795 797 
303 736 763 127 788 
304 733 769 130 788 
305 285 309 312 804 
306 731 767 722 813 
307 743 751 726 840 
308 316 770 730 787 
309 772 786 716 811 
310 715 730 761 770 
311 162 803 727 819 
312 245 199 339 737 
313 162 727 157 819 
314 231 232 233 777 
315 313 795 797 805 
316 250 252 251 781 
317 745 797 309 804 
318 199 339 737 789 
319 136 134 135 749 
320 720 739 745 812 
321 217 218 785 792 
322 137 255 254 778 
323 312 795 724 797 
324 127 736 125 763 
325 283 144 175 774 
326 368 753 363 784 
327 732 713 751 781 
328 726 751 743 799 
329 723 714 754 761 
330 367 750 718 783 
331 219 731 183 848 
332 157 162 167 727 
333 271 125 127 736 
334 734 715 780 826 
335 393 738 390 752 
336 767 813 731 848 
337 758 795 724 804 
338 711 817 733 843 
339 271 125 736 763 
340 383 400 393 773 
341 163 185 780 821 
342 124 122 766 847 
343 742 254 778 796 
344 737 774 166 796 
345 316 242 730 770 
346 720 745 739 797 
347 219 767 731 848 
348 337 216 784 802 
349 745 812 739 831 
350 127 788 763 847 
351 287 286 207 815 
352 149 746 816 822 
353 170 247 261 781 
354 149 148 746 822 
355 148 768 746 822 
356 162 762 803 819 
357 731 721 785 814 
358 719 794 735 833 
359 731 748 721 814 
360 312 106 313 795 
361 367 783 718 845 
362 390 752 738 839 
363 223 800 745 834 
364 341 99 750 764 
365 740 780 715 826 
366 268 738 785 792 
367 713 751 743 840 
368 335 380 791 800 
369 204 212 764 771 
370 719 771 764 824 
371 132 130 733 769 
372 166 737 187 789 
373 159 740 780 827 
374 720 713 752 812 
375 757 793 716 811 
376 257 211 728 832 
377 229 226 228 759 
378 162 157 762 819 
379 757 793 240 806 
380 245 165 142 737 
381 244 733 788 842 
382 147 768 148 822 
383 165 142 737 774 
384 308 783 339 789 
385 737 187 789 832 
386 714 761 723 775 
387 320 216 753 784 
388 253 749 137 796 
389 723 761 715 775 
390 29 30 242 782 
391 127 763 125 847 
392 750 760 718 794 
393 242 30 109 730 
394 720 745 713 812 
395 204 728 209 825 
396 711 775 734 826 
397 742 796 737 832 
398 312 758 198 804 
399 153 162 157 762 
400 32 240 757 811 
401 324 776 755 801 
402 718 789 737 801 
403 324 755 741 801 
404 320 349 368 753 
405 217 731 219 767 
406 373 359 786 845 
407 732 800 111 834 
408 389 392 732 829 
409 203 802 310 824 
410 156 823 726 838 
411 275 734 305 770 
412 716 794 833 837 
413 244 733 130 788 
414 392 732 397 773 
415 723 782 754 815 
416 714 742 778 796 
417 711 740 775 826 
418 268 738 743 785 
419 24 118 23 791 
420 724 797 795 805 
421 791 829 402 835 
422 378 111 331 732 
423 124 122 229 766 
424 750 728 764 794 
425 102 287 782 815 
426 165 774 737 798 
427 713 732 751 834 
428 730 757 109 806 
429 713 745 732 834 
430 168 157 167 727 
431 204 771 728 825 
432 206 798 741 809 
433 756 787 192 806 
434 737 728 837 844 
435 720 791 24 807 
436 392 393 389 773 
437 726 721 746 799 
438 230 228 759 766 
439 749 769 714 796 
440 169 814 748 848 
441 746 768 148 836 
442 109 757 240 806 
443 207 729 206 809 
444 741 755 718 801 
445 25 797 24 807 
446 723 754 729 761 
447 738 743 713 781 
448 211 323 341 764 
449 729 774 175 798 
450 183 219 217 731 
451 763 817 805 831 
452 320 337 216 784 
453 310 802 784 824 
454 721 748 731 790 
455 374 373 359 786 
456 396 767 835 839 
457 763 805 739 831 
458 729 754 714 761 
459 153 762 157 819 
460 755 786 716 845 
461 380 800 403 829 
462 207 175 206 729 
463 715 734 780 787 
464 715 770 734 787 
465 199 737 166 789 
466 198 758 312 795 
467 206 208 741 798 
468 751 781 202 834 
469 287 207 225 782 
470 740 746 726 826 
471 390 738 393 792 
472 168 727 167 825 
473 268 738 250 743 
474 165 737 245 798 
475 122 226 229 807 
476 738 773 346 781 
477 30 110 757 809 
478 206 741 208 809 
479 209 204 211 728 
480 111 732 378 800 
481 739 797 745 831 
482 724 765 817 826 
483 725 711 775 818 
484 388 402 829 835 
485 163 185 179 780 
486 111 289 331 732 
487 166 737 142 774 
488 731 722 767 839 
489 170 751 171 838 
490 738 731 792 839 
491 734 758 193 795 
492 188 127 129 736 
493 723 761 730 770 
494 747 808 712 844 
495 242 109 316 730 
496 141 166 774 796 
497 279 809 741 811 
498 717 763 739 831 
499 205 744 258 763 
500 739 797 25 807 
501 129 736 127 788 
502 767 813 396 835 
503 728 789 737 837 
504 141 166 142 774 
505 725 816 149 819 
506 714 778 742 810 
507 733 748 717 842 
508 727 771 167 825 
509 752 790 713 839 
510 313 797 106 805 
511 137 749 255 778 
512 713 751 745 834 
513 121 739 25 807 
514 722 790 752 839 
515 380 403 791 829 
516 99 365 750 764 
517 255 778 749 822 
518 391 800 732 829 
519 714 749 810 818 
520 715 730 770 787 
521 717 817 763 831 
522 199 245 166 737 
523 255 749 137 822 
524 32 786 119 811 
525 738 732 773 781 
526 361 760 750 830 
527 725 715 762 810 
528 307 745 223 800 
529 316 315 770 787 
530 725 819 149 822 
531 714 749 778 810 
532 157 727 168 819 
533 390 738 792 839 
534 217 767 219 792 
535 728 737 832 844 
536 390 387 752 839 
537 230 229 228 766 
538 729 754 723 782 
539 393 390 389 752 
540 396 835 387 839 
541 206 729 175 798 
542 23 118 335 791 
543 380 791 800 829 
544 756 787 730 808 
545 732 745 720 800 
546 715 725 775 810 
547 202 200 751 834 
548 714 810 775 818 
549 134 133 132 769 
550 716 833 741 837 
551 722 813 777 848 
552 735 730 806 833 
553 766 777 236 842 
554 236 766 231 777 
555 723 744 734 828 
556 147 148 768 836 
557 391 732 392 829 
558 397 392 378 732 
559 377 393 400 738 
560 316 787 730 806 
561 722 752 790 812 
562 305 275 193 734 
563 720 797 739 807 
564 766 807 759 812 
565 149 746 150 816 
566 715 730 787 808 
567 377 393 738 792 
568 341 99 293 750 
569 214 753 735 793 
570 149 816 725 822 
571 735 753 214 802 
572 724 765 826 840 
573 755 776 718 801 
574 155 740 264 816 
575 726 711 765 826 
576 712 808 735 833 
577 316 730 109 806 
578 199 166 187 789 
579 297 783 776 801 
580 255 137 265 822 
581 784 802 719 824 
582 728 209 825 832 
583 149 148 150 746 
584 137 253 134 749 
585 269 813 767 848 
586 355 105 350 776 
587 717 817 765 843 
588 733 717 788 842 
589 127 125 126 847 
590 736 769 754 818 
591 30 31 109 757 
592 385 813 779 835 
593 720 752 732 829 
594 143 244 130 788 
595 127 126 788 847 
596 713 790 752 812 
597 225 207 206 809 
598 209 728 211 832 
599 244 788 143 842 
600 750 783 345 789 
601 132 130 244 733 
602 264 159 263 827 
603 736 754 188 815 
604 282 756 747 803 
605 181 183 217 731 
606 776 783 718 801 
607 223 224 800 834 
608 737 718 801 837 
609 260 259 205 815 
610 131 129 130 769 
611 726 746 740 823 
612 190 798 245 801 
613 196 192 272 806 
614 290 331 289 773 
615 373 786 755 845 
616 258 205 259 744 
617 137 749 265 822 
618 719 753 735 802 
619 153 162 762 803 
620 115 750 352 783 
621 101 346 325 773 
622 740 762 264 816 
623 378 732 391 800 
624 736 744 723 815 
625 735 753 716 793 
626 245 142 166 737 
627 769 774 714 796 
628 271 205 125 763 
629 171 202 751 781 
630 728 737 789 832 
631 193 305 734 795 
632 266 814 785 836 
633 171 202 200 751 
634 389 391 392 829 
635 210 742 254 778 
636 355 296 105 776 
637 272 192 787 806 
638 755 718 776 845 
639 186 796 742 832 
640 358 367 760 845 
641 316 315 242 770 
642 253 137 254 796 
643 749 768 136 822 
644 724 795 758 826 
645 738 752 713 839 
646 715 808 762 810 
647 740 746 725 816 
648 730 787 756 806 
649 743 751 713 781 
650 711 817 765 826 
651 349 363 368 753 
652 720 829 791 835 
653 107 25 121 739 
654 729 714 754 774 
655 713 812 745 831 
656 719 802 747 824 
657 252 325 346 738 
658 236 766 842 847 
659 724 797 745 804 
660 107 25 739 797 
661 724 805 817 831 
662 265 136 768 822 
663 170 171 161 838 
664 206 729 798 809 
665 724 744 795 817 
666 289 732 111 834 
667 725 768 749 822 
668 181 731 217 785 
669 747 756 735 808 
670 188 271 127 736 
671 729 820 837 846 
672 30 782 110 809 
673 730 715 761 808 
674 365 750 764 830 
675 215 735 196 806 
676 145 814 266 836 
677 27 744 795 805 
678 139 135 270 814 
679 168 241 819 825 
680 138 133 141 796 
681 135 132 244 733 
682 155 264 152 816 
683 243 149 819 822 
684 342 767 269 813 
685 196 195 192 756 
686 275 180 780 787 
687 165 175 774 798 
688 159 264 155 740 
689 730 761 723 782 
690 279 238 809 811 
691 173 771 747 824 
692 193 213 305 795 
693 256 186 254 742 
694 734 780 758 826 
695 778 819 241 825 
696 727 762 808 810 
697 265 749 136 822 
698 230 759 228 779 
699 724 826 758 840 
700 729 820 737 837 
701 735 747 719 802 
702 30 110 31 757 
703 317 240 793 806 
704 344 217 219 792 
705 318 750 345 789 
706 149 147 148 822 
707 243 184 149 822 
708 324 741 208 801 
709 780 821 758 826 
710 258 763 744 805 
711 243 819 184 822 
712 720 800 791 829 
713 286 283 207 754 
714 317 109 240 806 
715 188 271 736 815 
716 277 748 244 842 
717 237 309 745 797 
718 159 780 740 821 
719 731 713 790 839 
720 107 797 739 805 
721 743 785 721 836 
722 402 386 791 835 
723 742 832 737 844 
724 319 777 813 848 
725 282 284 756 803 
726 27 795 313 805 
727 754 769 714 818 
728 254 742 186 796 
729 132 131 130 769 
730 113 753 336 772 
731 208 741 798 801 
732 186 742 256 832 
733 728 794 789 837 
734 727 808 747 844 
735 821 823 156 838 
736 339 308 297 783 
737 367 750 361 760 
738 277 270 244 748 
739 766 812 717 831 
740 714 729 761 820 
741 729 723 761 782 
742 743 721 799 836 
743 295 115 352 783 
744 198 193 758 795 
745 121 25 24 807 
746 736 769 733 788 
747 729 714 774 820 
748 771 794 728 844 
749 723 770 730 782 
750 739 807 766 812 
751 237 309 307 745 
752 26 313 106 805 
753 336 772 753 793 
754 722 766 759 812 
755 285 312 198 804 
756 174 747 173 803 
757 725 816 746 822 
758 265 136 140 768 
759 155 159 740 821 
760 105 350 776 783 
761 766 790 717 812 
762 747 771 719 824 
763 305 770 734 828 
764 728 794 837 844 
765 746 768 725 822 
766 31 32 240 757 
767 316 194 787 806 
768 739 766 717 831 
769 204 212 323 764 
770 789 794 718 837 
771 776 783 356 845 
772 165 175 144 774 
773 730 808 761 846 
774 717 812 790 831 
775 190 245 339 801 
776 359 360 362 760 
777 748 814 733 843 
778 177 771 204 825 
779 268 252 738 792 
780 255 210 254 778 
781 711 733 818 843 
782 739 812 766 831 
783 369 755 114 776 
784 208 798 176 801 
785 273 138 144 774 
786 727 803 762 819 
787 324 299 755 776 
788 217 326 218 792 
789 712 837 820 846 
790 327 111 378 800 
791 727 168 819 825 
792 140 136 139 768 
793 295 352 370 783 
794 168 167 177 825 
795 732 781 751 834 
796 279 208 741 809 
797 734 795 305 828 
798 151 149 816 819 
799 250 268 252 738 
800 163 780 159 821 
801 725 778 749 810 
802 25 237 24 797 
803 272 787 194 806 
804 201 751 172 834 
805 170 156 246 799 
806 167 771 177 825 
807 31 240 109 757 
808 113 366 753 772 
809 739 763 717 847 
810 29 770 103 828 
811 293 99 365 750 
812 162 174 173 803 
813 259 260 102 815 
814 740 762 715 827 
815 215 793 735 806 
816 138 141 774 796 
817 722 731 790 839 
818 723 754 736 815 
819 182 231 236 766 
820 172 751 201 804 
821 170 246 247 799 
822 390 792 767 839 
823 27 744 259 828 
824 200 172 751 834 
825 292 738 252 792 
826 715 787 756 808 
827 396 813 385 835 
828 369 114 353 776 
829 737 798 729 837 
830 219 269 767 848 
831 307 223 224 800 
832 726 826 765 840 
833 759 791 386 835 
834 289 111 222 834 
835 184 819 778 822 
836 200 201 172 834 
837 720 791 759 835 
838 737 837 820 844 
839 203 747 281 802 
840 757 809 238 811 
841 281 747 282 802 
842 737 789 718 837 
843 336 753 214 793 
844 201 804 751 834 
845 292 377 738 792 
846 345 750 115 783 
847 392 391 378 732 
848 107 121 122 739 
849 279 206 208 809 
850 402 791 403 829 
851 298 349 320 753 
852 740 715 780 827 
853 324 299 776 801 
854 324 239 741 755 
855 727 747 771 844 
856 322 399 381 767 
857 733 769 736 818 
858 316 272 194 806 
859 206 176 208 798 
860 252 292 325 738 
861 712 761 808 846 
862 377 390 393 792 
863 173 747 220 824 
864 282 747 174 803 
865 192 756 191 787 
866 729 837 741 846 
867 146 768 145 814 
868 308 345 783 789 
869 729 798 741 837 
870 737 820 742 844 
871 390 396 387 839 
872 304 369 347 755 
873 210 825 209 832 
874 316 194 315 787 
875 146 140 145 768 
876 722 752 835 839 
877 236 182 766 847 
878 210 742 778 825 
879 131 273 129 769 
880 203 220 747 824 
881 203 282 281 747 
882 309 106 312 797 
883 236 788 128 847 
884 278 777 319 848 
885 113 366 349 753 
886 719 764 794 830 
887 730 782 757 846 
888 210 742 825 832 
889 745 804 223 834 
890 272 192 194 787 
891 146 768 814 836 
892 322 381 300 767 
893 113 349 298 753 
894 373 755 357 845 
895 28 27 259 828 
896 250 249 267 743 
897 258 744 27 805 
898 178 204 209 825 
899 155 158 159 821 
900 154 746 248 823 
901 716 755 741 811 
902 716 735 793 833 
903 352 115 293 750 
904 179 275 180 780 
905 745 800 732 834 
906 140 145 768 814 
907 319 813 269 848 
908 235 236 231 777 
909 256 254 210 742 
910 258 259 27 744 
911 336 303 772 793 
912 189 169 748 848 
913 746 799 248 823 
914 353 296 355 776 
915 714 769 754 774 
916 126 236 128 847 
917 107 25 797 805 
918 201 223 804 834 
919 236 842 788 847 
920 712 820 837 844 
921 315 275 770 787 
922 150 746 154 816 
923 785 814 721 836 
924 155 821 740 823 
925 173 203 220 747 
926 782 809 757 846 
927 154 150 248 746 
928 279 741 239 811 
929 214 197 196 735 
930 340 317 240 793 
931 191 787 756 827 
932 26 106 797 805 
933 28 29 103 828 
934 249 743 247 799 
935 763 788 736 817 
936 214 196 215 735 
937 122 739 121 807 
938 197 735 214 802 
939 155 740 816 823 
940 286 188 754 815 
941 257 209 211 832 
942 265 768 140 822 
943 215 214 735 793 
944 793 806 757 833 
945 233 319 777 813 
946 126 128 788 847 
947 716 757 741 833 
948 27 795 744 828 
949 741 755 239 811 
950 219 183 269 848 
951 764 771 212 824 
952 721 814 748 843 
953 715 803 762 808 
954 311 251 346 781 
955 214 753 216 802 
956 138 273 131 769 
957 154 816 746 823 
958 729 774 737 820 
959 733 768 749 843 
960 311 346 773 781 
961 719 784 753 802 
962 733 814 768 843 
963 276 803 762 827 
964 718 783 776 845 
965 270 189 169 748 
966 164 159 780 827 
967 720 732 800 829 
968 335 306 380 800 
969 146 814 145 836 
970 200 202 289 834 
971 748 777 277 848 
972 31 32 757 811 
973 210 778 241 825 
974 221 318 345 789 
975 199 308 339 789 
976 717 788 763 817 
977 208 176 301 801 
978 741 809 757 811 
979 236 777 235 842 
980 113 336 303 772 
981 198 213 193 795 
982 184 243 778 819 
983 404 397 290 773 
984 723 734 770 828 
985 290 397 331 773 
986 315 275 305 770 
987 152 264 762 816 
988 713 745 751 840 
989 319 342 269 813 
990 147 768 146 836 
991 102 288 29 782 
992 171 261 202 781 
993 173 262 771 824 
994 733 749 818 843 
995 27 313 26 805 
996 759 812 720 835 
997 367 356 783 845 
998 277 777 748 842 
999 160 266 785 836 
1000 739 717 766 847 
1001 358 367 361 760 
1002 110 238 757 809 
1003 727 762 803 808 
1004 153 762 151 816 
1005 99 348 365 764 
1006 195 282 284 756 
1007 154 248 799 823 
1008 737 796 742 820 
1009 104 368 375 784 
1010 295 345 115 783 
1011 324 208 301 801 
1012 712 837 794 844 
1013 402 388 386 835 
1014 102 287 288 782 
1015 752 720 812 835 
1016 780 787 180 827 
1017 324 301 299 801 
1018 716 741 757 811 
1019 151 762 153 819 
1020 362 363 349 753 
1021 151 816 762 819 
1022 297 105 776 783 
1023 758 826 726 840 
1024 283 286 188 754 
1025 208 324 239 741 
1026 198 193 185 758 
1027 192 191 180 787 
1028 160 266 267 785 
1029 386 382 759 779 
1030 210 256 742 832 
1031 379 779 385 813 
1032 169 270 748 814 
1033 191 180 787 827 
1034 307 309 223 745 
1035 311 773 202 781 
1036 380 403 402 791 
1037 250 247 249 743 
1038 382 398 386 759 
1039 211 341 318 750 
1040 756 803 715 808 
1041 260 205 271 815 
1042 117 24 791 807 
1043 737 774 729 798 
1044 726 823 821 838 
1045 128 788 236 842 
1046 298 320 216 753 
1047 282 174 284 803 
1048 779 813 722 835 
1049 304 755 347 786 
1050 365 361 750 830 
1051 715 803 756 827 
1052 737 774 796 820 
1053 718 783 750 789 
1054 243 168 241 819 
1055 178 177 204 825 
1056 230 228 112 779 
1057 283 188 273 754 
1058 717 777 748 790 
1059 99 291 348 764 
1060 32 33 119 786 
1061 737 801 798 837 
1062 742 778 727 810 
1063 213 305 795 828 
1064 124 229 182 766 
1065 138 131 133 769 
1066 762 810 727 819 
1067 727 778 742 825 
1068 140 768 139 814 
1069 110 238 31 757 
1070 748 777 717 842 
1071 310 784 343 824 
1072 153 152 264 762 
1073 810 820 808 844 
1074 279 208 239 741 
1075 762 803 715 827 
1076 296 297 105 776 
1077 314 795 27 828 
1078 365 764 348 830 
1079 30 288 110 782 
1080 147 146 148 836 
1081 725 762 740 816 
1082 136 265 137 749 
1083 725 810 762 819 
1084 758 795 734 826 
1085 368 104 320 784 
1086 124 766 182 847 
1087 761 782 730 846 
1088 171 200 172 751 
1089 278 233 319 777 
1090 729 782 761 846 
1091 117 24 23 791 
1092 268 743 267 785 
1093 150 148 248 746 
1094 716 793 757 833 
1095 720 752 829 835 
1096 386 779 759 835 
1097 343 824 784 841 
1098 136 137 134 749 
1099 310 220 203 824 
1100 173 262 167 771 
1101 123 763 258 805 
1102 155 816 152 823 
1103 347 755 373 786 
1104 153 152 762 816 
1105 717 777 766 842 
1106 205 258 123 763 
1107 128 127 126 788 
1108 396 390 767 839 
1109 757 806 730 833 
1110 715 775 761 810 
1111 337 784 310 802 
1112 219 269 342 767 
1113 227 376 398 759 
1114 153 762 276 803 
1115 268 250 267 743 
1116 749 769 733 818 
1117 715 761 808 810 
1118 347 357 373 755 
1119 308 221 345 789 
1120 242 103 29 770 
1121 164 263 159 827 
1122 165 245 190 798 
1123 394 300 767 792 
1124 765 790 713 831 
1125 248 746 148 836 
1126 274 758 185 821 
1127 31 757 238 811 
1128 388 752 387 835 
1129 300 381 394 767 
1130 173 174 203 747 
1131 724 739 805 831 
1132 399 767 100 813 
1133 714 769 749 818 
1134 717 842 766 847 
1135 341 323 99 764 
1136 212 204 177 771 
1137 717 766 777 790 
1138 129 127 128 788 
1139 755 786 120 811 
1140 713 831 745 840 
1141 158 156 821 823 
1142 729 761 820 846 
1143 282 203 174 747 
1144 746 768 721 843 
1145 153 276 162 803 
1146 248 799 746 836 
1147 744 763 736 817 
1148 132 133 131 769 
1149 214 336 298 753 
1150 221 257 318 789 
1151 328 227 398 759 
1152 203 281 310 802 
1153 270 277 189 748 
1154 401 23 380 791 
1155 100 399 322 767 
1156 402 386 376 791 
1157 213 795 314 828 
1158 347 372 333 786 
1159 335 118 306 800 
1160 158 821 155 823 
1161 180 164 780 827 
1162 727 819 778 825 
1163 741 798 729 809 
1164 198 758 280 804 
1165 395 403 380 800 
1166 745 797 724 831 
1167 278 277 777 848 
1168 146 145 266 836 
1169 141 186 166 796 
1170 362 753 366 772 
1171 373 357 359 845 
1172 741 837 833 846 
1173 721 746 799 836 
1174 29 288 30 782 
1175 261 247 251 781 
1176 395 327 378 800 
1177 189 183 169 848 
1178 243 149 151 819 
1179 280 185 274 758 
1180 711 765 817 843 
1181 113 298 336 753 
1182 752 388 829 835 
1183 152 816 154 823 
1184 156 246 799 823 
1185 213 314 305 828 
1186 246 249 247 799 
1187 767 792 731 839 
1188 724 804 745 840 
1189 120 755 304 786 
1190 171 751 172 838 
1191 274 280 758 838 
1192 145 169 181 814 
1193 31 238 32 811 
1194 387 388 389 752 
1195 386 759 376 791 
1196 147 140 146 768 
1197 23 335 380 791 
1198 296 19 353 355 
1199 210 178 209 825 
1200 724 745 831 840 
1201 396 767 399 813 
1202 114 299 353 776 
1203 356 776 350 783 
1204 235 777 277 842 
1205 747 727 803 808 
1206 749 778 725 822 
1207 315 194 275 787 
1208 163 164 159 780 
1209 189 748 277 848 
1210 234 384 379 779 
1211 347 369 357 755 
1212 155 152 154 823 
1213 727 810 808 844 
1214 394 767 390 792 
1215 396 379 385 813 
1216 130 129 128 788 
1217 722 812 759 835 
1218 284 803 276 827 
1219 243 241 778 819 
1220 778 819 725 822 
1221 186 256 187 832 
1222 114 755 299 776 
1223 263 284 276 827 
1224 729 741 809 846 
1225 188 286 271 815 
1226 214 298 216 753 
1227 352 293 365 750 
1228 195 191 192 756 
1229 285 201 223 804 
1230 288 110 782 809 
1231 724 739 797 805 
1232 364 784 363 830 
1233 153 151 152 816 
1234 371 12 116 841 
1235 759 807 720 812 
1236 348 830 764 841 
1237 172 751 804 838 
1238 808 810 761 820 
1239 238 279 239 811 
1240 376 759 227 791 
1241 314 313 27 795 
1242 334 772 119 786 
1243 141 142 138 774 
1244 333 304 347 786 
1245 153 264 276 762 
1246 287 102 260 815 
1247 340 240 119 793 
1248 389 752 388 829 
1249 287 225 288 782 
1250 721 768 746 836 
1251 712 808 820 844 
1252 297 776 330 801 
1253 272 215 196 806 
1254 26 797 25 805 
1255 103 770 305 828 
1256 389 390 387 752 
1257 395 378 391 800 
1258 714 796 774 820 
1259 290 338 404 773 
1260 268 292 252 792 
1261 176 206 175 798 
1262 722 777 766 790 
1263 748 731 790 848 
1264 224 111 327 800 
1265 120 786 32 811 
1266 306 395 380 800 
1267 724 795 744 805 
1268 398 376 386 759 
1269 348 764 291 841 
1270 147 140 768 822 
1271 717 790 765 831 
1272 107 26 25 805 
1273 735 806 793 833 
1274 351 302 334 772 
1275 741 801 718 837 
1276 293 318 341 750 
1277 744 724 805 817 
1278 32 120 33 786 
1279 318 293 115 750 
1280 210 209 256 832 
1281 756 803 284 827 
1282 741 833 757 846 
1283 191 756 284 827 
1284 288 782 225 809 
1285 349 366 362 753 
1286 385 779 386 835 
1287 222 224 223 834 
1288 712 820 761 846 
1289 299 114 324 755 
1290 355 350 356 776 
1291 739 724 797 831 
1292 165 144 142 774 
1293 195 284 191 756 
1294 296 353 299 776 
1295 722 790 766 812 
1296 197 281 282 802 
1297 119 772 303 793 
1298 739 720 807 812 
1299 763 788 717 847 
1300 386 385 382 779 
1301 322 300 219 767 
1302 234 779 379 813 
1303 274 185 163 821 
1304 304 114 369 755 
1305 740 726 821 826 
1306 719 794 760 830 
1307 722 752 812 835 
1308 329 384 234 779 
1309 345 318 115 750 
1310 277 244 143 842 
1311 274 758 821 838 
1312 320 104 337 784 
1313 321 764 212 824 
1314 143 130 128 788 
1315 122 121 226 807 
1316 257 789 187 832 
1317 352 750 367 783 
1318 154 248 246 799 
1319 742 810 727 844 
1320 740 821 780 826 
1321 740 821 726 823 
1322 255 184 778 822 
1323 742 714 810 820 
1324 747 803 756 808 
1325 717 765 817 831 
1326 753 772 716 793 
1327 315 305 103 770 
1328 748 790 777 848 
1329 372 351 33 786 
1330 107 123 258 805 
1331 215 317 793 806 
1332 742 796 714 820 
1333 227 791 759 807 
1334 724 758 804 840 
1335 255 241 210 778 
1336 235 278 277 777 
1337 258 27 26 805 
1338 374 772 351 786 
1339 285 198 280 804 
1340 154 799 246 823 
1341 757 833 730 846 
1342 158 163 159 821 
1343 728 832 825 844 
1344 351 772 334 786 
1345 379 399 100 813 
1346 294 343 784 841 
1347 184 243 241 778 
1348 198 312 213 795 
1349 230 231 182 766 
1350 364 784 830 841 
1351 226 227 759 807 
1352 288 225 110 809 
1353 117 791 227 807 
1354 150 151 149 816 
1355 712 833 794 837 
1356 210 241 178 825 
1357 353 776 356 845 
1358 33 334 119 786 
1359 133 253 141 796 
1360 330 776 299 801 
1361 712 808 761 820 
1362 151 153 157 819 
1363 342 100 322 767 
1364 215 336 214 793 
1365 337 310 281 802 
1366 381 399 396 767 
1367 379 396 399 813 
1368 764 824 321 841 
1369 194 180 275 787 
1370 18 355 105 350 
1371 180 191 164 827 
1372 726 799 746 823 
1373 330 299 301 801 
1374 280 198 185 758 
1375 239 755 120 811 
1376 110 279 238 809 
1377 290 202 311 773 
1378 355 296 18 105 
1379 280 804 758 838 
1380 354 294 375 784 
1381 113 303 302 772 
1382 173 220 262 824 
1383 359 358 760 845 
1384 147 265 140 822 
1385 825 832 742 844 
1386 255 265 184 822 
1387 332 401 376 791 
1388 125 205 123 763 
1389 388 402 403 829 
1390 744 795 734 828 
1391 329 112 384 779 
1392 727 825 742 844 
1393 99 323 291 764 
1394 764 719 824 841 
1395 727 810 778 819 
1396 181 217 218 785 
1397 784 824 719 841 
1398 179 180 164 780 
1399 33 1 351 372 
1400 262 212 771 824 
1401 113 302 366 772 
1402 217 344 326 792 
1403 744 805 763 817 
1404 384 112 382 779 
1405 128 143 788 842 
1406 761 775 714 810 
1407 758 726 838 840 
1408 745 804 751 840 
1409 370 350 105 783 
1410 297 190 339 801 
1411 712 833 837 846 
1412 100 767 342 813 
1413 230 182 229 766 
1414 357 353 356 845 
1415 268 326 292 792 
1416 308 199 221 789 
1417 764 830 719 841 
1418 235 231 233 777 
1419 338 383 404 773 
1420 746 816 740 823 
1421 302 351 366 772 
1422 724 817 765 831 
1423 379 100 234 813 
1424 404 392 397 773 
1425 363 375 368 784 
1426 364 363 360 830 
1427 12 371 348 841 
1428 370 105 295 783 
1429 278 319 269 848 
1430 294 354 371 841 
1431 128 236 143 842 
1432 375 294 104 784 
1433 755 716 786 811 
1434 347 304 21 369 
1435 742 820 810 844 
1436 221 187 257 789 
1437 374 351 373 786 
1438 101 311 346 773 
1439 300 394 108 792 
1440 715 787 780 827 
1441 291 116 12 841 
1442 384 329 48 112 
1443 26 106 25 797 
1444 391 395 800 829 
1445 359 358 360 760 
1446 228 226 227 759 
1447 161 274 158 838 
1448 152 150 154 816 
1449 274 821 158 838 
1450 242 315 103 770 
1451 232 779 234 813 
1452 310 294 343 784 
1453 367 358 356 845 
1454 713 765 831 840 
1455 239 304 120 755 
1456 361 360 358 760 
1457 382 384 48 112 
1458 759 779 722 835 
1459 317 316 109 806 
1460 354 294 784 841 
1461 757 809 741 846 
1462 290 404 38 397 
1463 220 310 343 824 
1464 294 371 116 841 
1465 361 360 760 830 
1466 758 838 804 840 
1467 197 214 216 802 
1468 241 168 178 825 
1469 401 23 2 380 
1470 362 366 374 772 
1471 365 348 361 830 
1472 798 801 741 837 
1473 171 172 161 838 
1474 176 798 190 801 
1475 179 164 163 780 
1476 354 784 364 841 
1477 140 139 145 814 
1478 112 232 230 779 
1479 751 804 745 834 
1480 194 192 180 787 
1481 381 396 394 767 
1482 108 394 377 792 
1483 340 215 317 793 
1484 379 384 385 779 
1485 328 49 112 398 
1486 715 756 787 827 
1487 291 764 321 841 
1488 396 385 387 835 
1489 340 119 303 793 
1490 49 382 112 398 
1491 178 168 177 825 
1492 353 299 19 296 
1493 784 719 830 841 
1494 248 148 160 836 
1495 376 227 332 791 
1496 721 768 814 843 
1497 233 232 234 813 
1498 243 157 168 819 
1499 138 142 144 774 
1500 788 842 717 847 
1501 721 814 768 836 
1502 728 825 771 844 
1503 333 120 304 786 
1504 403 800 395 829 
1505 365 367 352 750 
1506 350 105 17 370 
1507 323 212 291 764 
1508 212 321 291 764 
1509 377 394 390 792 
1510 176 175 165 798 
1511 253 254 186 796 
1512 294 371 11 116 
1513 761 810 714 820 
1514 351 334 33 786 
1515 383 338 101 773 
1516 370 105 17 295 
1517 762 816 725 819 
1518 778 810 725 819 
1519 292 108 377 792 
1520 156 154 246 823 
1521 303 119 302 772 
1522 330 297 296 776 
1523 167 262 177 771 
1524 332 23 401 791 
1525 226 117 227 807 
1526 237 106 309 797 
1527 261 311 202 781 
1528 354 371 11 294 
1529 364 354 363 784 
1530 10 375 354 294 
1531 189 277 278 848 
1532 33 333 372 786 
1533 169 139 270 814 
1534 314 213 313 795 
1535 726 751 838 840 
1536 397 38 290 331 
1537 392 383 393 773 
1538 759 791 720 807 
1539 235 233 278 777 
1540 158 155 156 823 
1541 28 314 27 828 
1542 347 373 372 786 
1543 349 298 7 113 
1544 369 114 20 353 
1545 300 108 344 792 
1546 248 249 246 799 
1547 261 251 311 781 
1548 301 176 190 801 
1549 236 126 182 847 
1550 307 306 118 800 
1551 312 313 213 795 
1552 223 201 222 834 
1553 758 821 726 826 
1554 375 10 104 294 
1555 729 809 782 846 
1556 367 356 350 783 
1557 379 234 47 384 
1558 255 184 241 778 
1559 370 352 367 783 
1560 190 297 330 801 
1561 287 260 286 815 
1562 266 181 218 785 
1563 114 239 324 755 
1564 172 804 280 838 
1565 297 308 105 783 
1566 199 187 221 789 
1567 176 165 190 798 
1568 228 227 328 759 
1569 364 830 348 841 
1570 321 824 343 841 
1571 404 38 338 290 
1572 398 227 50 376 
1573 172 201 280 804 
1574 380 335 34 306 
1575 353 355 356 776 
1576 12 348 291 841 
1577 372 333 22 347 
1578 394 396 390 767 
1579 758 726 821 838 
1580 200 289 222 834 
1581 306 327 395 800 
1582 391 403 395 829 
1583 336 215 303 793 
1584 125 124 126 847 
1585 114 304 239 755 
1586 351 302 5 334 
1587 25 106 237 797 
1588 790 812 713 831 
1589 267 266 218 785 
1590 337 104 310 784 
1591 104 368 9 375 
1592 262 321 212 824 
1593 329 47 234 384 
1594 320 8 368 349 
1595 225 206 279 809 
1596 804 838 751 840 
1597 117 121 24 807 
1598 399 100 46 379 
1599 143 235 277 842 
1600 401 380 402 791 
1601 1 33 351 334 
1602 107 258 26 805 
1603 276 174 162 803 
1604 212 177 262 771 
1605 43 108 300 394 
1606 263 191 284 827 
1607 328 398 227 50 
1608 271 286 260 815 
1609 317 215 272 806 
1610 727 771 825 844 
1611 219 342 322 767 
1612 348 364 361 830 
1613 367 365 361 750 
1614 381 300 44 322 
1615 338 311 101 773 
1616 119 334 302 772 
1617 276 284 174 803 
1618 322 45 381 399 
1619 378 327 36 111 
1620 8 320 298 349 
1621 149 184 147 822 
1622 379 100 46 234 
1623 146 266 160 836 
1624 397 378 37 331 
1625 383 39 338 404 
1626 383 101 40 400 
1627 158 274 163 821 
1628 295 308 345 783 
1629 294 116 343 841 
1630 14 365 293 99 
1631 335 2 23 380 
1632 302 6 113 366 
1633 113 7 349 366 
1634 152 151 150 816 
1635 319 100 342 813 
1636 314 103 305 828 
1637 101 325 40 400 
1638 143 236 235 842 
1639 151 157 243 819 
1640 317 272 316 806 
1641 383 392 404 773 
1642 352 115 15 293 
1643 724 831 765 840 
1644 304 22 333 347 
1645 291 13 99 348 
1646 1 33 333 372 
1647 366 302 5 351 
1648 253 186 141 796 
1649 395 380 34 306 
1650 111 37 378 331 
1651 320 368 9 104 
1652 332 51 376 401 
1653 299 20 114 353 
1654 191 263 164 827 
1655 104 294 310 784 
1656 274 172 280 838 
1657 114 21 304 369 
1658 116 291 321 841 
1659 376 401 402 791 
1660 117 332 227 791 
1661 120 32 238 811 
1662 375 363 354 784 
1663 386 388 387 835 
1664 374 366 351 772 
1665 257 187 256 832 
1666 116 321 343 841 
1667 384 382 385 779 
1668 257 256 209 832 
1669 306 307 224 800 
1670 222 201 200 834 
1671 314 28 103 828 
1672 268 267 218 785 
1673 145 139 169 814 
1674 105 17 18 350 
1675 224 327 306 800 
1676 326 108 292 792 
1677 216 281 197 802 
1678 391 389 388 829 
1679 308 295 105 783 
1680 33 120 333 786 
1681 232 329 234 779 
1682 201 285 280 804 
1683 387 385 386 835 
1684 338 101 39 383 
1685 226 121 117 807 
1686 126 124 182 847 
1687 372 373 351 786 
1688 21 22 304 347 
1689 155 154 156 823 
1690 359 357 358 845 
1691 148 146 160 836 
1692 330 296 299 776 
1693 332 23 2 401 
1694 23 332 117 791 
1695 45 322 100 399 
1696 225 279 110 809 
1697 306 35 395 327 
1698 51 376 227 332 
1699 42 377 108 394 
1700 232 112 329 779 
1701 337 281 216 802 
1702 262 220 321 824 
1703 370 367 350 783 
1704 330 301 190 801 
1705 400 325 41 292 
1706 13 365 99 348 
1707 19 20 299 353 
1708 215 340 303 793 
1709 108 43 42 394 
1710 147 184 265 822 
1711 48 382 112 49 
1712 227 50 376 51 
1713 381 44 300 394 
1714 365 14 13 99 
1715 11 10 354 294 
1716 46 379 234 47 
1717 269 183 189 848 
1718 356 358 357 845 
1719 15 365 352 293 
1720 36 395 327 378 
1721 302 5 6 366 
1722 34 35 395 306 
1723 274 161 172 838 
1724 319 234 100 813 
1725 354 364 371 841 
1726 338 290 311 773 
1727 233 234 319 813 
1728 238 239 120 811 
1729 42 377 292 108 
1730 7 8 298 349 
1731 6 7 113 366 
1732 41 377 400 292 
1733 343 321 220 824 
1734 361 364 360 830 
1735 378 36 37 111 
1736 101 40 39 383 
1737 364 348 371 841 
1738 291 12 13 348 
1739 388 403 391 829 
1740 115 15 16 352 
1741 326 344 108 792 
1742 269 189 278 848 
1743 44 43 300 394 
1744 365 15 14 293 
1745 18 19 296 355 
1746 333 22 1 372 
1747 35 36 395 327 
1748 44 45 381 322 
1749 371 12 11 116 
1750 351 5 1 334 
1751 329 48 47 384 
1752 332 2 51 401 
1753 9 10 104 375 
1754 398 328 49 50 
1755 370 17 16 295 
1756 34 2 335 380 
1757 39 38 338 404 
1758 37 38 397 331 
1759 9 8 368 320 
1760 325 41 40 400 
1761 377 41 42 292 
1762 114 20 21 369 
1763 46 45 100 399 
1764 802 756 197 735 
1765 802 197 756 282 
1766 756 197 196 195 
1767 756 196 197 735 
1768 207 815 782 287 
1769 782 815 207 754 
1770 800 237 745 720 
1771 800 745 237 307 
1772 173 803 167 162 
1773 167 803 173 747 
1774 780 193 275 734 
1775 780 275 193 179 
1776 766 122 807 739 
1777 766 807 122 229 
1778 781 171 170 751 
1779 781 170 171 261 
1780 781 252 346 738 
1781 781 346 252 251 
1782 249 836 248 160 
1783 248 836 249 799 
1784 781 250 247 251 
1785 781 247 250 743 
1786 809 207 782 225 
1787 809 782 207 729 
1788 810 818 725 775 
1789 725 818 810 749 
1790 101 400 773 325 
1791 773 400 101 383 
1792 774 283 273 754 
1793 774 273 283 144 
1794 792 218 268 326 
1795 792 268 218 785 
1796 808 846 833 712 
1797 833 846 808 730 
1798 834 224 111 222 
1799 834 111 224 800 
1800 814 266 181 145 
1801 814 181 266 785 
1802 289 773 202 290 
1803 202 773 289 732 
1804 352 295 16 115 
1805 352 16 295 370 
1806 794 789 750 728 
1807 794 750 789 718 
1808 804 309 223 285 
1809 804 223 309 745 
1810 827 264 276 263 
1811 827 276 264 762 
1812 219 792 300 344 
1813 300 792 219 767 
1814 847 123 125 124 
1815 847 125 123 763 
1816 843 749 725 768 
1817 843 725 749 818 
1818 790 848 722 777 
1819 722 848 790 731 
1820 398 759 779 328 
1821 779 759 398 382 
1822 779 112 398 328 
1823 398 112 779 382 
1824 292 400 738 377 
1825 292 738 400 325 
1826 755 845 369 357 
1827 755 369 845 776 
1828 353 369 845 357 
1829 353 845 369 776 
1830 158 838 156 161 
1831 156 838 158 821 
1832 779 328 228 112 
1833 779 228 328 759 
3 11 4 1814
1834 863 888 862 904 
1835 509 880 864 957 
1836 854 868 865 913 
1837 858 869 852 879 
1838 692 896 889 977 
1839 862 888 863 944 
1840 424 859 543 938 
1841 432 905 857 914 
1842 468 463 884 901 
1843 871 884 463 901 
1844 852 869 858 907 
1845 543 882 859 934 
1846 854 868 913 950 
1847 865 868 856 913 
1848 866 886 562 933 
1849 493 866 562 933 
1850 851 867 860 881 
1851 862 904 888 984 
1852 694 889 692 896 
1853 877 889 699 911 
1854 694 889 896 969 
1855 870 887 469 894 
1856 491 870 469 894 
1857 692 889 693 977 
1858 432 430 905 914 
1859 543 859 71 934 
1860 462 899 863 936 
1861 537 905 861 940 
1862 860 873 885 904 
1863 857 885 873 904 
1864 469 491 485 870 
1865 850 871 884 952 
1866 432 857 905 940 
1867 462 863 887 936 
1868 863 881 851 904 
1869 874 884 850 954 
1870 537 861 539 940 
1871 463 468 473 901 
1872 480 864 479 884 
1873 479 884 864 901 
1874 855 884 871 952 
1875 694 693 692 889 
1876 860 867 851 925 
1877 616 880 509 957 
1878 862 888 944 984 
1879 562 886 866 897 
1880 856 868 865 910 
1881 526 864 880 941 
1882 851 881 863 888 
1883 436 435 900 903 
1884 526 864 509 880 
1885 666 880 962 973 
1886 863 899 462 959 
1887 865 900 435 903 
1888 424 71 543 859 
1889 695 699 889 911 
1890 695 889 875 911 
1891 424 543 613 938 
1892 432 900 857 940 
1893 538 861 537 905 
1894 861 924 539 940 
1895 859 71 934 942 
1896 869 879 858 928 
1897 855 870 913 961 
1898 857 900 432 914 
1899 78 869 883 895 
1900 436 900 873 903 
1901 474 901 484 978 
1902 861 905 538 920 
1903 703 875 637 911 
1904 463 884 871 917 
1905 484 901 886 978 
1906 851 877 867 881 
1907 705 631 877 911 
1908 462 460 899 936 
1909 856 913 868 975 
1910 850 884 874 952 
1911 678 80 879 902 
1912 526 901 864 941 
1913 865 868 854 912 
1914 78 883 869 919 
1915 866 892 850 907 
1916 873 904 860 966 
1917 607 858 636 932 
1918 474 871 901 978 
1919 432 900 940 968 
1920 860 881 867 926 
1921 562 866 493 897 
1922 892 928 512 930 
1923 572 451 860 923 
1924 850 892 869 907 
1925 663 891 879 932 
1926 866 850 892 950 
1927 890 937 891 973 
1928 556 881 877 922 
1929 80 639 678 879 
1930 664 915 891 932 
1931 849 913 870 961 
1932 860 881 863 904 
1933 436 873 900 968 
1934 880 945 962 973 
1935 855 887 870 961 
1936 852 879 869 919 
1937 859 896 889 969 
1938 859 875 851 882 
1939 865 900 955 956 
1940 436 437 435 903 
1941 480 509 479 864 
1942 664 662 915 932 
1943 886 901 871 978 
1944 479 864 526 901 
1945 572 923 860 982 
1946 865 955 849 956 
1947 892 950 850 975 
1948 462 863 464 887 
1949 868 950 892 975 
1950 884 874 949 954 
1951 862 894 618 944 
1952 618 894 862 906 
1953 618 934 862 944 
1954 913 950 868 975 
1955 437 865 435 903 
1956 636 858 607 948 
1957 537 538 539 861 
1958 858 892 607 948 
1959 431 914 900 958 
1960 665 879 663 891 
1961 869 892 850 975 
1962 601 915 890 937 
1963 851 888 904 984 
1964 453 898 872 916 
1965 873 955 900 956 
1966 869 928 892 930 
1967 875 877 851 922 
1968 510 886 483 941 
1969 416 869 78 895 
1970 880 945 893 962 
1971 607 892 858 928 
1972 851 875 859 889 
1973 535 896 905 942 
1974 851 877 875 889 
1975 460 462 899 959 
1976 582 884 917 965 
1977 857 940 900 968 
1978 864 850 884 954 
1979 468 884 463 917 
1980 871 855 952 964 
1981 874 883 954 975 
1982 886 901 483 941 
1983 585 512 928 930 
1984 678 879 679 902 
1985 851 888 863 904 
1986 858 879 852 891 
1987 703 684 637 875 
1988 607 928 858 932 
1989 601 677 915 937 
1990 850 864 884 953 
1991 874 895 883 975 
1992 867 877 851 976 
1993 489 908 867 924 
1994 906 921 870 935 
1995 580 469 887 894 
1996 896 927 694 969 
1997 860 926 572 982 
1998 585 928 869 930 
1999 646 919 902 943 
2000 695 875 698 911 
2001 862 863 894 944 
2002 493 562 563 933 
2003 430 878 905 914 
2004 508 911 875 922 
2005 479 509 526 864 
2006 850 884 871 953 
2007 432 940 542 968 
2008 864 884 949 954 
2009 705 877 699 911 
2010 864 949 909 954 
2011 582 917 459 965 
2012 428 430 878 905 
2013 510 933 886 941 
2014 480 588 864 884 
2015 580 894 887 972 
2016 508 922 875 981 
2017 860 851 881 904 
2018 867 926 877 929 
2019 864 884 588 949 
2020 873 849 955 956 
2021 858 915 636 932 
2022 886 950 871 953 
2023 451 860 923 939 
2024 873 956 904 966 
2025 493 472 492 866 
2026 857 904 873 956 
2027 493 866 492 897 
2028 432 905 488 940 
2029 492 866 472 897 
2030 868 854 912 950 
2031 860 851 904 925 
2032 437 865 903 963 
2033 858 891 890 915 
2034 879 891 665 962 
2035 571 898 453 916 
2036 619 906 862 947 
2037 469 470 887 918 
2038 611 921 906 935 
2039 870 906 611 921 
2040 582 884 459 917 
2041 880 957 616 979 
2042 428 878 430 914 
2043 453 872 898 923 
2044 451 860 939 970 
2045 637 875 595 911 
2046 424 71 859 927 
2047 462 887 461 936 
2048 535 532 896 942 
2049 890 891 853 973 
2050 511 914 431 958 
2051 921 971 76 985 
2052 508 875 595 981 
2053 875 889 695 969 
2054 462 464 863 972 
2055 572 452 451 923 
2056 855 913 870 952 
2057 652 877 631 911 
2058 436 873 438 903 
2059 615 934 618 944 
2060 891 962 945 973 
2061 618 862 619 906 
2062 867 881 877 926 
2063 539 861 538 920 
2064 870 918 855 952 
2065 455 490 453 872 
2066 863 881 860 982 
2067 453 872 490 916 
2068 490 872 455 916 
2069 850 871 952 964 
2070 863 961 860 966 
2071 536 538 905 920 
2072 866 890 858 907 
2073 864 588 909 949 
2074 464 887 863 972 
2075 432 430 488 905 
2076 424 927 859 938 
2077 870 894 499 906 
2078 935 958 566 971 
2079 873 898 441 903 
2080 853 890 866 907 
2081 536 905 896 920 
2082 424 641 927 938 
2083 580 887 464 972 
2084 853 890 858 891 
2085 452 923 572 982 
2086 539 861 920 967 
2087 889 896 861 977 
2088 863 904 961 966 
2089 491 499 485 870 
2090 891 915 858 932 
2091 863 860 904 966 
2092 654 931 880 973 
2093 636 915 858 948 
2094 705 631 683 877 
2095 616 526 509 880 
2096 78 883 415 895 
2097 453 454 872 923 
2098 454 455 453 872 
2099 896 905 861 920 
2100 858 891 852 907 
2101 909 949 874 954 
2102 435 865 494 900 
2103 409 935 566 971 
2104 76 921 935 971 
2105 78 869 544 919 
2106 859 927 896 969 
2107 646 883 919 943 
2108 510 931 933 941 
2109 853 858 890 907 
2110 863 959 881 982 
2111 523 867 908 929 
2112 447 897 472 946 
2113 492 472 447 897 
2114 890 853 937 973 
2115 850 874 954 975 
2116 578 874 883 909 
2117 873 576 939 968 
2118 588 509 480 864 
2119 499 870 491 894 
2120 511 876 914 958 
2121 850 871 950 953 
2122 558 556 877 922 
2123 459 884 468 917 
2124 887 918 470 965 
2125 853 891 858 907 
2126 850 950 871 964 
2127 870 921 918 952 
2128 472 897 866 946 
2129 493 527 866 933 
2130 886 897 871 950 
2131 578 883 874 985 
2132 441 898 873 939 
2133 416 544 78 869 
2134 536 538 537 905 
2135 875 889 877 911 
2136 474 483 484 901 
2137 588 864 909 957 
2138 855 874 884 952 
2139 860 904 885 925 
2140 580 469 464 887 
2141 494 900 865 958 
2142 539 924 861 967 
2143 666 670 880 973 
2144 535 896 534 905 
2145 550 576 873 968 
2146 895 76 971 985 
2147 432 488 542 940 
2148 80 426 879 919 
2149 885 939 576 968 
2150 469 485 470 918 
2151 455 917 872 936 
2152 870 913 849 960 
2153 891 937 673 973 
2154 442 898 441 939 
2155 76 921 408 935 
2156 863 899 860 961 
2157 850 952 874 975 
2158 431 432 900 914 
2159 863 860 899 982 
2160 868 892 481 930 
2161 558 557 556 922 
2162 866 950 886 953 
2163 615 618 591 944 
2164 696 889 877 976 
2165 455 457 917 936 
2166 527 890 866 933 
2167 504 894 618 906 
2168 438 436 550 873 
2169 900 914 876 958 
2170 868 912 865 963 
2171 873 939 885 968 
2172 882 944 888 984 
2173 850 952 950 964 
2174 857 885 904 925 
2175 523 926 867 929 
2176 76 548 921 985 
2177 692 920 896 977 
2178 864 953 850 954 
2179 664 891 663 932 
2180 567 922 477 959 
2181 440 441 898 903 
2182 454 899 872 923 
2183 481 868 513 963 
2184 696 699 877 889 
2185 80 879 902 919 
2186 863 888 881 959 
2187 434 900 432 968 
2188 875 851 888 922 
2189 524 926 523 929 
2190 705 699 689 911 
2191 477 922 888 959 
2192 437 903 912 963 
2193 639 653 678 879 
2194 889 896 859 951 
2195 861 896 889 951 
2196 525 908 489 924 
2197 437 912 444 963 
2198 615 882 934 944 
2199 483 886 484 901 
2200 481 892 868 946 
2201 883 869 954 975 
2202 476 567 477 959 
2203 876 900 865 956 
2204 455 916 872 917 
2205 434 432 542 968 
2206 862 914 956 984 
2207 631 705 689 911 
2208 447 912 897 946 
2209 468 884 479 901 
2210 877 926 574 929 
2211 666 962 891 973 
2212 512 481 892 930 
2213 431 900 433 958 
2214 859 882 851 984 
2215 589 481 513 963 
2216 422 627 880 941 
2217 641 686 927 938 
2218 569 949 884 965 
2219 664 665 663 891 
2220 669 893 880 979 
2221 550 873 436 968 
2222 505 866 527 890 
2223 493 527 505 866 
2224 862 878 914 984 
2225 535 532 534 896 
2226 865 856 958 960 
2227 529 938 882 981 
2228 455 456 457 936 
2229 459 468 463 917 
2230 611 870 499 906 
2231 899 860 961 966 
2232 610 653 879 932 
2233 866 890 505 948 
2234 80 79 426 919 
2235 704 688 634 896 
2236 913 952 950 975 
2237 859 851 889 951 
2238 574 877 881 926 
2239 445 442 441 939 
2240 695 698 875 969 
2241 463 871 549 917 
2242 868 910 513 963 
2243 549 463 474 871 
2244 679 678 653 879 
2245 462 464 461 887 
2246 441 550 576 873 
2247 892 946 866 950 
2248 618 894 504 944 
2249 549 916 455 917 
2250 438 873 441 903 
2251 565 566 935 958 
2252 569 884 582 965 
2253 435 494 865 963 
2254 424 70 71 927 
2255 513 868 481 930 
2256 875 938 417 981 
2257 873 900 865 903 
2258 863 899 959 982 
2259 549 916 871 978 
2260 498 486 500 874 
2261 855 884 874 949 
2262 902 919 852 943 
2263 698 875 703 911 
2264 469 887 470 965 
2265 571 453 490 916 
2266 446 898 442 939 
2267 694 927 708 969 
2268 883 895 869 975 
2269 858 892 866 907 
2270 629 931 510 941 
2271 481 868 450 946 
2272 859 927 71 942 
2273 860 885 867 925 
2274 78 415 77 895 
2275 441 873 576 939 
2276 664 673 891 915 
2277 445 446 442 939 
2278 578 498 874 909 
2279 494 433 900 958 
2280 637 684 417 875 
2281 669 666 670 880 
2282 471 892 481 946 
2283 500 874 486 918 
2284 498 486 874 918 
2285 510 931 629 933 
2286 509 864 588 957 
2287 862 863 904 974 
2288 851 875 888 981 
2289 561 978 560 980 
2290 695 698 699 911 
2291 862 894 863 974 
2292 472 866 551 946 
2293 431 433 577 958 
2294 851 882 875 981 
2295 547 916 549 978 
2296 485 870 581 918 
2297 71 72 934 942 
2298 689 407 631 911 
2299 696 877 699 929 
2300 428 535 430 905 
2301 489 924 867 970 
2302 408 76 548 921 
2303 578 883 521 909 
2304 535 428 532 942 
2305 472 551 866 948 
2306 561 916 978 980 
2307 574 877 556 881 
2308 496 607 892 948 
2309 585 512 514 928 
2310 884 901 871 953 
2311 630 928 607 932 
2312 551 946 866 948 
2313 472 866 505 948 
2314 865 856 910 958 
2315 868 946 892 950 
2316 587 616 509 957 
2317 858 869 892 907 
2318 508 888 922 981 
2319 485 499 581 870 
2320 709 686 938 969 
2321 510 484 483 886 
2322 866 897 886 950 
2323 691 920 692 977 
2324 877 881 851 922 
2325 534 896 536 905 
2326 611 581 499 870 
2327 566 958 910 971 
2328 866 850 950 953 
2329 544 919 869 928 
2330 696 877 929 976 
2331 865 900 873 955 
2332 855 917 884 965 
2333 581 870 611 921 
2334 417 875 684 938 
2335 425 902 646 919 
2336 849 961 870 974 
2337 602 661 659 932 
2338 569 590 884 949 
2339 859 851 951 984 
2340 498 918 874 949 
2341 869 919 879 928 
2342 917 936 458 965 
2343 856 935 958 960 
2344 513 910 868 930 
2345 569 590 582 884 
2346 570 917 458 965 
2347 504 618 519 906 
2348 549 871 916 917 
2349 869 895 416 930 
2350 435 494 433 900 
2351 409 565 566 935 
2352 565 935 876 958 
2353 884 949 855 965 
2354 697 938 875 969 
2355 602 915 661 932 
2356 637 417 595 875 
2357 854 871 897 950 
2358 863 849 904 974 
2359 472 493 505 866 
2360 873 903 865 955 
2361 460 899 552 959 
2362 889 925 851 976 
2363 865 854 903 912 
2364 897 560 978 980 
2365 849 863 904 961 
2366 609 646 902 943 
2367 886 933 853 941 
2368 855 961 913 964 
2369 879 891 858 932 
2370 878 934 72 942 
2371 544 869 585 928 
2372 575 525 489 924 
2373 852 954 945 957 
2374 70 424 641 927 
2375 446 923 898 939 
2376 496 636 607 948 
2377 578 498 500 874 
2378 910 958 935 971 
2379 441 438 550 873 
2380 652 877 911 922 
2381 878 413 934 947 
2382 874 918 500 921 
2383 480 479 468 884 
2384 927 938 686 969 
2385 578 623 521 883 
2386 562 886 515 933 
2387 863 887 961 974 
2388 863 959 462 972 
2389 80 902 79 919 
2390 709 927 686 969 
2391 863 894 887 974 
2392 427 878 72 942 
2393 874 952 895 975 
2394 864 945 941 953 
2395 856 868 910 975 
2396 851 888 882 981 
2397 511 876 564 914 
2398 580 491 469 894 
2399 472 505 551 948 
2400 696 695 699 889 
2401 611 499 519 906 
2402 523 908 525 929 
2403 867 885 860 970 
2404 857 873 900 956 
2405 643 616 957 979 
2406 74 876 565 935 
2407 76 895 548 985 
2408 898 916 571 980 
2409 918 949 497 965 
2410 654 676 670 880 
2411 854 897 871 978 
2412 861 925 889 976 
2413 646 883 546 919 
2414 508 506 888 981 
2415 569 497 949 965 
2416 855 949 918 965 
2417 849 863 961 974 
2418 471 481 450 946 
2419 697 875 698 969 
2420 565 876 74 947 
2421 950 952 913 964 
2422 859 934 878 942 
2423 613 882 529 938 
2424 443 571 916 980 
2425 74 906 876 935 
2426 875 882 859 938 
2427 416 78 77 895 
2428 703 698 684 875 
2429 876 906 74 947 
2430 408 921 611 935 
2431 607 482 892 928 
2432 887 870 961 974 
2433 943 954 852 957 
2434 462 461 460 936 
2435 852 919 883 943 
2436 578 874 500 985 
2437 585 544 416 869 
2438 663 665 679 879 
2439 705 683 699 877 
2440 683 699 877 929 
2441 678 679 657 902 
2442 853 941 945 953 
2443 678 657 80 902 
2444 856 935 910 958 
2445 477 959 888 972 
2446 495 885 924 970 
2447 582 468 459 884 
2448 945 954 864 957 
2449 860 885 873 939 
2450 876 958 935 960 
2451 428 413 878 914 
2452 600 422 649 880 
2453 581 918 870 921 
2454 858 890 866 948 
2455 866 853 907 953 
2456 422 597 627 941 
2457 849 956 873 966 
2458 477 476 959 972 
2459 877 875 911 922 
2460 670 654 880 973 
2461 877 867 929 976 
2462 859 889 875 969 
2463 865 849 913 960 
2464 856 952 913 975 
2465 562 493 492 897 
2466 585 869 416 930 
2467 521 909 883 943 
2468 866 886 853 953 
2469 601 890 651 937 
2470 679 879 665 962 
2471 853 886 866 933 
2472 435 579 494 963 
2473 550 583 576 968 
2474 855 872 936 961 
2475 896 920 861 977 
2476 878 914 413 947 
2477 460 552 462 959 
2478 849 865 913 955 
2479 535 534 536 905 
2480 498 486 918 949 
2481 853 866 890 933 
2482 856 865 913 960 
2483 872 849 913 955 
2484 583 885 576 968 
2485 611 906 620 935 
2486 407 652 631 911 
2487 854 913 865 955 
2488 596 637 595 911 
2489 855 874 918 949 
2490 562 515 563 933 
2491 564 914 876 947 
2492 697 684 875 938 
2493 872 913 849 961 
2494 850 954 869 975 
2495 564 876 565 947 
2496 546 883 78 919 
2497 442 440 441 898 
2498 849 961 904 966 
2499 852 883 869 954 
2500 905 942 896 951 
2501 575 924 489 970 
2502 605 607 636 932 
2503 447 559 897 912 
2504 495 924 575 970 
2505 664 662 673 915 
2506 529 530 938 981 
2507 462 467 464 972 
2508 679 902 879 962 
2509 871 897 886 978 
2510 431 430 432 914 
2511 477 467 476 972 
2512 582 459 570 965 
2513 695 697 698 969 
2514 913 961 872 964 
2515 477 508 888 922 
2516 855 872 961 964 
2517 482 512 481 892 
2518 865 900 876 958 
2519 852 891 879 962 
2520 877 889 851 976 
2521 477 508 506 888 
2522 895 856 952 985 
2523 852 869 907 954 
2524 495 575 489 970 
2525 861 889 925 951 
2526 677 673 915 937 
2527 562 886 897 978 
2528 590 588 884 949 
2529 863 887 936 961 
2530 867 851 925 976 
2531 857 878 951 984 
2532 887 894 863 972 
2533 851 925 889 951 
2534 521 883 623 943 
2535 623 883 578 985 
2536 450 868 481 963 
2537 501 909 588 949 
2538 909 954 943 957 
2539 859 878 934 984 
2540 453 898 571 923 
2541 851 882 888 984 
2542 881 888 851 922 
2543 921 952 856 985 
2544 864 901 884 953 
2545 480 590 588 884 
2546 649 526 880 941 
2547 850 866 907 953 
2548 418 634 688 896 
2549 467 462 959 972 
2550 622 623 578 985 
2551 500 918 581 921 
2552 437 444 579 963 
2553 546 415 78 883 
2554 862 934 882 944 
2555 857 904 956 984 
2556 492 447 559 897 
2557 866 892 858 948 
2558 869 883 852 919 
2559 425 646 546 919 
2560 670 676 660 880 
2561 857 951 925 984 
2562 627 649 422 880 
2563 72 878 413 934 
2564 523 525 650 929 
2565 564 565 74 947 
2566 469 465 887 965 
2567 660 880 600 979 
2568 459 917 570 965 
2569 863 936 899 961 
2570 72 427 413 878 
2571 870 887 855 918 
2572 426 639 80 879 
2573 417 595 875 981 
2574 864 941 901 953 
2575 871 884 855 917 
2576 562 516 886 978 
2577 862 944 882 984 
2578 652 558 631 877 
2579 467 959 476 972 
2580 646 623 883 943 
2581 859 934 882 984 
2582 564 511 565 876 
2583 443 571 561 916 
2584 440 438 441 903 
2585 587 509 588 957 
2586 688 418 896 920 
2587 863 944 888 972 
2588 855 872 917 936 
2589 443 898 571 980 
2590 458 570 459 917 
2591 454 899 923 982 
2592 469 470 465 965 
2593 880 941 864 945 
2594 415 895 883 985 
2595 565 876 511 958 
2596 859 938 927 969 
2597 614 890 601 915 
2598 454 923 466 982 
2599 912 946 450 963 
2600 854 871 950 964 
2601 588 909 503 957 
2602 865 958 876 960 
2603 536 896 534 920 
2604 426 545 879 919 
2605 473 468 479 901 
2606 869 930 892 975 
2607 675 653 420 932 
2608 879 919 545 928 
2609 856 935 921 971 
2610 446 571 898 923 
2611 615 882 543 934 
2612 609 943 902 983 
2613 587 643 616 957 
2614 861 925 924 940 
2615 874 909 498 949 
2616 431 577 511 958 
2617 855 936 887 961 
2618 887 894 870 974 
2619 869 850 907 954 
2620 553 922 567 959 
2621 868 450 946 963 
2622 588 501 503 909 
2623 878 905 857 951 
2624 897 912 559 980 
2625 411 601 656 915 
2626 867 861 924 976 
2627 446 453 571 923 
2628 894 944 863 972 
2629 874 921 500 985 
2630 526 568 901 941 
2631 591 618 504 944 
2632 589 513 910 963 
2633 893 852 945 957 
2634 443 916 561 980 
2635 554 959 899 982 
2636 500 486 581 918 
2637 854 871 916 978 
2638 71 427 72 942 
2639 541 539 924 940 
2640 873 885 857 968 
2641 428 429 413 914 
2642 516 515 562 886 
2643 554 552 899 959 
2644 680 902 679 962 
2645 613 543 615 882 
2646 408 611 620 935 
2647 554 552 959 982 
2648 631 598 683 877 
2649 433 431 432 900 
2650 854 950 913 964 
2651 858 892 869 928 
2652 454 452 466 923 
2653 73 934 413 947 
2654 883 895 874 985 
2655 646 521 623 943 
2656 417 684 633 938 
2657 853 933 931 941 
2658 610 653 639 879 
2659 594 416 895 930 
2660 892 930 868 975 
2661 893 945 880 957 
2662 426 544 545 919 
2663 865 910 868 963 
2664 574 558 556 877 
2665 864 880 945 957 
2666 875 922 888 981 
2667 616 649 526 880 
2668 893 943 852 957 
2669 861 867 925 976 
2670 549 455 457 917 
2671 865 903 854 955 
2672 436 438 437 903 
2673 551 892 471 946 
2674 862 914 878 947 
2675 549 490 455 916 
2676 607 514 482 928 
2677 497 918 486 949 
2678 558 877 574 929 
2679 544 545 919 928 
2680 494 592 958 963 
2681 910 935 856 971 
2682 515 886 510 933 
2683 881 922 553 959 
2684 510 483 518 941 
2685 857 925 904 984 
2686 498 497 486 949 
2687 656 601 677 915 
2688 584 924 885 940 
2689 910 958 592 963 
2690 878 942 905 951 
2691 543 71 72 934 
2692 861 905 896 951 
2693 610 879 545 928 
2694 524 523 632 929 
2695 605 630 607 932 
2696 868 946 912 963 
2697 696 929 908 976 
2698 478 507 888 981 
2699 905 925 857 951 
2700 466 923 452 982 
2701 478 888 506 981 
2702 873 857 900 968 
2703 876 914 900 956 
2704 683 877 598 929 
2705 865 494 958 963 
2706 478 506 507 981 
2707 460 554 552 899 
2708 479 526 568 901 
2709 551 892 946 948 
2710 857 905 878 914 
2711 874 895 952 985 
2712 630 420 928 932 
2713 708 927 709 969 
2714 893 957 880 979 
2715 539 920 538 967 
2716 854 898 872 955 
2717 478 888 507 944 
2718 72 413 73 934 
2719 523 489 867 970 
2720 691 692 693 977 
2721 865 912 903 963 
2722 855 936 917 965 
2723 598 877 558 929 
2724 874 952 921 985 
2725 872 955 913 964 
2726 417 528 595 981 
2727 684 698 697 875 
2728 425 609 646 902 
2729 493 563 527 933 
2730 475 576 495 970 
2731 636 603 915 948 
2732 613 529 530 938 
2733 862 956 904 984 
2734 496 607 482 892 
2735 649 880 627 941 
2736 861 905 925 940 
2737 872 898 854 916 
2738 523 867 926 970 
2739 427 428 413 878 
2740 631 558 598 877 
2741 576 885 495 970 
2742 507 944 888 981 
2743 440 903 898 980 
2744 931 941 880 973 
2745 517 510 629 933 
2746 683 696 699 929 
2747 849 955 872 966 
2748 77 548 76 895 
2749 428 430 429 914 
2750 495 885 584 924 
2751 864 954 909 957 
2752 616 600 649 880 
2753 448 450 912 946 
2754 667 891 673 973 
2755 512 513 481 930 
2756 854 955 872 964 
2757 443 561 560 980 
2758 415 883 623 985 
2759 655 674 626 893 
2760 565 511 566 958 
2761 887 936 855 965 
2762 849 870 960 974 
2763 668 669 893 962 
2764 610 420 653 932 
2765 615 412 618 934 
2766 555 573 556 881 
2767 854 916 871 964 
2768 871 917 855 964 
2769 667 673 937 973 
2770 496 471 551 892 
2771 862 876 947 974 
2772 861 867 924 925 
2773 849 904 956 966 
2774 628 687 606 908 
2775 862 956 876 974 
2776 918 921 874 952 
2777 931 937 853 973 
2778 873 860 939 966 
2779 600 880 616 979 
2780 924 925 885 940 
2781 661 915 662 932 
2782 564 413 914 947 
2783 474 473 483 901 
2784 566 910 593 971 
2785 584 885 583 940 
2786 541 924 584 940 
2787 867 860 926 970 
2788 551 496 892 948 
2789 471 482 481 892 
2790 854 872 916 964 
2791 576 939 885 970 
2792 659 661 662 932 
2793 510 515 484 886 
2794 882 944 529 981 
2795 872 855 917 964 
2796 882 938 875 981 
2797 415 77 895 985 
2798 862 947 876 956 
2799 867 924 885 970 
2800 554 555 552 982 
2801 564 413 429 914 
2802 448 450 444 912 
2803 849 872 961 966 
2804 541 537 539 940 
2805 427 428 878 942 
2806 516 484 515 886 
2807 605 636 915 932 
2808 622 415 623 985 
2809 605 602 659 932 
2810 849 873 955 966 
2811 461 936 887 965 
2812 475 939 576 970 
2813 908 924 967 977 
2814 861 967 924 977 
2815 511 564 429 914 
2816 906 947 876 974 
2817 578 502 498 909 
2818 534 896 418 920 
2819 651 601 614 890 
2820 484 886 516 978 
2821 522 943 893 957 
2822 508 595 506 981 
2823 612 686 641 938 
2824 867 924 908 976 
2825 476 553 567 959 
2826 573 881 555 982 
2827 663 679 653 879 
2828 663 879 653 932 
2829 888 922 881 959 
2830 855 918 874 952 
2831 859 875 938 969 
2832 862 878 934 947 
2833 555 959 552 982 
2834 507 529 944 981 
2835 710 703 596 911 
2836 578 521 502 909 
2837 596 703 637 911 
2838 883 852 943 954 
2839 626 893 674 979 
2840 895 594 930 971 
2841 669 880 670 979 
2842 412 73 619 947 
2843 855 918 887 965 
2844 504 499 491 894 
2845 456 899 460 936 
2846 890 853 933 937 
2847 444 912 450 963 
2848 589 450 481 963 
2849 890 915 614 948 
2850 680 679 665 962 
2851 460 456 554 899 
2852 477 567 508 922 
2853 658 677 421 937 
2854 513 593 910 930 
2855 690 920 685 967 
2856 411 614 601 915 
2857 412 934 73 947 
2858 80 425 79 902 
2859 76 408 75 935 
2860 862 947 906 974 
2861 660 670 880 979 
2862 668 666 669 962 
2863 883 943 909 954 
2864 435 434 436 900 
2865 594 531 416 930 
2866 421 677 601 937 
2867 709 708 686 927 
2868 494 577 433 958 
2869 79 902 425 919 
2870 488 905 537 940 
2871 605 915 602 932 
2872 623 415 546 883 
2873 409 566 593 971 
2874 560 897 559 980 
2875 696 976 908 977 
2876 692 688 896 920 
2877 656 677 673 915 
2878 605 636 602 915 
2879 508 617 911 922 
2880 688 704 692 896 
2881 487 572 451 970 
2882 529 613 615 882 
2883 423 71 927 942 
2884 541 539 584 924 
2885 555 556 553 881 
2886 870 935 921 960 
2887 859 951 878 984 
2888 76 935 75 971 
2889 885 924 867 925 
2890 593 910 930 971 
2891 646 623 546 883 
2892 898 873 939 966 
2893 519 618 619 906 
2894 931 933 853 937 
2895 536 534 418 920 
2896 534 634 418 896 
2897 451 923 446 939 
2898 555 881 553 959 
2899 647 933 931 937 
2900 456 454 554 899 
2901 862 914 947 956 
2902 559 912 439 980 
2903 898 939 923 966 
2904 573 926 881 982 
2905 594 416 77 895 
2906 583 940 885 968 
2907 77 895 76 971 
2908 436 900 434 968 
2909 664 663 662 932 
2910 585 416 531 930 
2911 622 578 500 985 
2912 695 693 889 977 
2913 75 935 409 971 
2914 430 535 488 905 
2915 671 937 931 973 
2916 696 889 976 977 
2917 511 429 431 914 
2918 908 924 648 967 
2919 853 941 880 945 
2920 900 914 857 956 
2921 76 75 409 971 
2922 852 879 902 962 
2923 501 498 909 949 
2924 466 452 572 982 
2925 70 423 71 927 
2926 505 890 614 948 
2927 902 962 680 983 
2928 574 881 573 926 
2929 871 901 886 953 
2930 442 440 898 980 
2931 502 501 498 909 
2932 610 639 426 879 
2933 559 447 439 912 
2934 542 488 537 940 
2935 477 506 478 888 
2936 583 584 495 885 
2937 533 682 704 896 
2938 487 926 572 970 
2939 680 962 668 983 
2940 79 544 426 919 
2941 458 917 457 936 
2942 593 930 531 971 
2943 446 571 442 898 
2944 547 474 484 978 
2945 492 559 560 897 
2946 866 946 897 950 
2947 464 469 465 887 
2948 930 971 910 975 
2949 574 556 573 881 
2950 904 925 851 984 
2951 856 921 935 960 
2952 656 661 411 915 
2953 568 483 901 941 
2954 700 606 908 929 
2955 856 910 971 975 
2956 576 583 495 885 
2957 624 890 933 937 
2958 620 906 74 935 
2959 852 902 879 919 
2960 442 571 443 898 
2961 555 881 959 982 
2962 502 909 521 943 
2963 602 411 661 915 
2964 548 895 77 985 
2965 649 627 526 941 
2966 533 704 634 896 
2967 465 461 887 965 
2968 603 614 915 948 
2969 439 912 903 980 
2970 707 70 686 927 
2971 421 601 651 937 
2972 687 700 606 908 
2973 651 890 624 937 
2974 522 604 893 943 
2975 684 701 633 938 
2976 709 686 701 938 
2977 523 926 487 970 
2978 626 604 655 893 
2979 893 945 852 962 
2980 895 952 856 975 
2981 464 465 461 887 
2982 415 548 77 985 
2983 486 485 581 918 
2984 682 708 692 927 
2985 504 894 586 944 
2986 517 515 510 933 
2987 624 517 647 933 
2988 557 567 553 922 
2989 902 943 852 983 
2990 897 946 912 950 
2991 612 641 424 938 
2992 898 872 955 966 
2993 442 898 443 980 
2994 445 441 576 939 
2995 449 940 583 968 
2996 590 480 582 884 
2997 513 531 593 930 
2998 434 433 432 900 
2999 538 920 540 967 
3000 70 641 686 927 
3001 640 657 608 902 
3002 476 467 462 959 
3003 541 584 583 940 
3004 477 888 478 972 
3005 624 933 647 937 
3006 624 890 527 933 
3007 592 494 589 963 
3008 594 895 77 971 
3009 531 930 594 971 
3010 668 962 893 983 
3011 872 923 899 966 
3012 447 472 448 946 
3013 696 700 908 929 
3014 695 693 694 889 
3015 682 692 896 927 
3016 592 589 513 910 
3017 66 659 602 661 
3018 480 468 582 884 
3019 408 548 621 921 
3020 861 976 889 977 
3021 691 967 920 977 
3022 620 611 519 906 
3023 580 586 491 894 
3024 74 565 75 935 
3025 883 909 874 954 
3026 677 658 673 937 
3027 621 500 581 921 
3028 893 943 604 983 
3029 893 962 852 983 
3030 629 510 518 941 
3031 862 906 894 974 
3032 594 77 76 971 
3033 854 916 898 980 
3034 697 701 684 938 
3035 458 457 456 936 
3036 682 896 533 927 
3037 906 935 870 960 
3038 592 589 910 963 
3039 674 893 669 979 
3040 854 912 897 980 
3041 447 448 912 946 
3042 872 899 961 966 
3043 539 538 540 967 
3044 540 920 690 967 
3045 894 906 870 974 
3046 431 429 430 914 
3047 586 894 580 972 
3048 675 663 653 932 
3049 695 889 696 977 
3050 864 945 953 954 
3051 893 852 943 983 
3052 625 648 924 967 
3053 668 893 655 983 
3054 907 953 945 954 
3055 695 889 694 969 
3056 451 446 445 939 
3057 463 549 457 917 
3058 858 928 879 932 
3059 655 893 604 983 
3060 547 490 549 916 
3061 667 664 673 891 
3062 546 79 425 919 
3063 417 633 530 938 
3064 621 500 921 985 
3065 857 925 905 940 
3066 596 644 710 911 
3067 540 690 685 967 
3068 888 959 863 972 
3069 852 907 891 945 
3070 692 704 682 896 
3071 80 657 640 902 
3072 609 902 608 983 
3073 686 612 701 938 
3074 478 888 944 972 
3075 896 942 859 951 
3076 651 527 624 890 
3077 950 952 850 975 
3078 502 503 501 909 
3079 908 929 867 976 
3080 891 907 853 945 
3081 878 862 934 984 
3082 858 915 890 948 
3083 520 943 522 957 
3084 451 452 446 923 
3085 849 956 904 974 
3086 674 655 669 893 
3087 490 561 571 916 
3088 458 459 457 917 
3089 593 531 594 971 
3090 496 482 471 892 
3091 865 958 910 963 
3092 659 675 420 932 
3093 507 529 591 944 
3094 449 541 583 940 
3095 853 880 941 973 
3096 528 530 529 981 
3097 585 531 512 930 
3098 692 691 688 920 
3099 592 910 566 958 
3100 598 558 574 929 
3101 409 75 565 935 
3102 427 532 428 942 
3103 660 669 670 979 
3104 878 859 942 951 
3105 540 635 690 920 
3106 621 921 548 985 
3107 603 636 496 948 
3108 569 497 590 949 
3109 626 522 893 979 
3110 597 931 629 941 
3111 657 679 680 902 
3112 898 923 872 966 
3113 620 74 75 935 
3114 913 952 855 964 
3115 74 906 619 947 
3116 857 885 925 940 
3117 593 566 592 910 
3118 861 925 905 951 
3119 868 930 910 975 
3120 860 885 939 970 
3121 525 628 606 908 
3122 665 891 666 962 
3123 442 443 440 980 
3124 657 672 608 902 
3125 854 913 955 964 
3126 435 433 434 900 
3127 75 408 620 935 
3128 667 937 671 973 
3129 610 426 545 879 
3130 434 542 449 968 
3131 533 927 896 942 
3132 597 654 405 931 
3133 591 504 586 944 
3134 880 853 945 973 
3135 600 681 660 979 
3136 562 492 560 897 
3137 860 881 926 982 
3138 532 533 896 942 
3139 539 625 924 967 
3140 608 609 425 902 
3141 581 611 621 921 
3142 898 903 873 955 
3143 505 527 614 890 
3144 645 505 614 948 
3145 545 544 585 928 
3146 470 486 497 918 
3147 536 537 488 905 
3148 655 668 669 893 
3149 702 908 687 967 
3150 695 696 693 977 
3151 895 971 930 975 
3152 666 665 664 891 
3153 876 947 914 956 
3154 471 450 448 946 
3155 423 927 533 942 
3156 642 604 943 983 
3157 902 852 962 983 
3158 608 902 672 983 
3159 479 568 473 901 
3160 448 444 447 912 
3161 65 411 656 661 
3162 603 645 614 948 
3163 655 604 419 983 
3164 621 611 408 921 
3165 856 971 895 975 
3166 671 599 931 937 
3167 854 903 898 955 
3168 628 648 406 908 
3169 79 546 78 919 
3170 411 65 602 661 
3171 508 617 596 911 
3172 626 643 522 979 
3173 405 671 599 931 
3174 898 903 854 980 
3175 897 912 854 950 
3176 453 452 454 923 
3177 671 931 654 973 
3178 862 904 956 974 
3179 925 951 851 984 
3180 694 708 709 969 
3181 586 504 491 894 
3182 79 78 544 919 
3183 899 923 860 966 
3184 702 687 706 967 
3185 542 940 449 968 
3186 707 682 638 927 
3187 470 485 486 918 
3188 635 418 690 920 
3189 685 920 691 967 
3190 523 524 487 926 
3191 860 923 899 982 
3192 956 960 876 974 
3193 906 876 960 974 
3194 439 903 440 980 
3195 701 938 697 969 
3196 678 3 80 657 
3197 561 916 547 978 
3198 688 690 418 920 
3199 568 518 483 941 
3200 885 940 857 968 
3201 700 414 606 929 
3202 555 553 552 959 
3203 676 59 422 597 
3204 600 410 681 979 
3205 882 934 862 984 
3206 650 632 523 929 
3207 440 439 438 903 
3208 526 627 568 941 
3209 666 891 667 973 
3210 710 644 689 911 
3211 503 909 520 957 
3212 522 520 604 943 
3213 465 570 461 965 
3214 547 561 490 916 
3215 503 502 520 909 
3216 463 457 459 917 
3217 698 703 710 911 
3218 586 944 894 972 
3219 866 946 892 948 
3220 909 943 520 957 
3221 903 912 854 980 
3222 920 967 861 977 
3223 573 572 926 982 
3224 599 647 931 937 
3225 891 852 945 962 
3226 617 652 407 911 
3227 444 450 579 963 
3228 451 939 475 970 
3229 520 909 502 943 
3230 536 488 535 905 
3231 582 570 569 965 
3232 672 680 668 983 
3233 412 72 73 934 
3234 696 908 702 977 
3235 872 917 916 964 
3236 532 533 534 896 
3237 550 449 583 968 
3238 405 599 647 931 
3239 871 916 917 964 
3240 447 444 439 912 
3241 418 95 635 690 
3242 672 902 680 983 
3243 592 513 593 910 
3244 438 439 437 903 
3245 477 478 467 972 
3246 598 574 632 929 
3247 467 580 464 972 
3248 561 516 560 978 
3249 853 941 931 973 
3250 95 418 688 690 
3251 667 666 664 891 
3252 472 551 448 946 
3253 473 568 483 901 
3254 849 960 956 974 
3255 852 907 945 954 
3256 596 710 85 703 
3257 895 930 869 975 
3258 619 74 620 906 
3259 512 531 513 930 
3260 4 70 686 707 
3261 700 683 414 929 
3262 520 642 604 943 
3263 405 654 671 931 
3264 421 599 658 937 
3265 577 494 592 958 
3266 522 604 626 893 
3267 418 538 536 920 
3268 614 527 651 890 
3269 406 908 648 967 
3270 520 502 521 943 
3271 523 487 489 970 
3272 518 597 629 941 
3273 691 685 690 920 
3274 853 945 907 953 
3275 495 584 575 924 
3276 564 73 413 947 
3277 687 702 700 908 
3278 573 466 572 982 
3279 659 420 605 932 
3280 605 66 659 602 
3281 888 944 882 981 
3282 495 489 475 970 
3283 563 624 527 933 
3284 709 938 701 969 
3285 682 533 638 927 
3286 662 661 656 915 
3287 876 935 906 960 
3288 696 683 700 929 
3289 590 501 588 949 
3290 673 662 656 915 
3291 551 471 448 946 
3292 912 946 868 950 
3293 873 898 955 966 
3294 475 445 576 939 
3295 689 644 407 911 
3296 58 422 600 676 
3297 625 648 575 924 
3298 414 683 598 929 
3299 421 658 63 677 
3300 650 606 414 929 
3301 436 434 449 968 
3302 707 638 70 927 
3303 410 674 681 979 
3304 508 567 617 922 
3305 419 672 655 983 
3306 532 423 533 942 
3307 660 58 600 676 
3308 475 451 445 939 
3309 619 620 519 906 
3310 681 57 600 660 
3311 850 953 907 954 
3312 587 588 503 957 
3313 601 421 63 677 
3314 577 566 511 958 
3315 615 543 412 934 
3316 691 702 967 977 
3317 73 74 619 947 
3318 453 446 452 923 
3319 896 927 859 942 
3320 551 505 645 948 
3321 514 607 630 928 
3322 689 699 698 911 
3323 85 596 703 637 
3324 630 605 420 932 
3325 891 945 853 973 
3326 923 939 860 966 
3327 657 680 672 902 
3328 906 960 870 974 
3329 908 967 702 977 
3330 449 542 541 940 
3331 604 54 655 419 
3332 567 557 617 922 
3333 420 659 67 675 
3334 443 560 559 980 
3335 542 537 541 940 
3336 550 436 449 968 
3337 410 57 600 681 
3338 670 667 654 973 
3339 563 515 517 933 
3340 460 461 458 936 
3341 528 529 507 981 
3342 80 640 425 902 
3343 540 94 685 690 
3344 685 691 702 967 
3345 621 622 500 985 
3346 676 654 59 597 
3347 554 466 555 982 
3348 424 613 612 938 
3349 572 487 524 926 
3350 602 636 603 915 
3351 533 634 534 896 
3352 872 899 936 961 
3353 478 944 586 972 
3354 411 603 614 915 
3355 671 654 667 973 
3356 596 85 710 644 
3357 97 533 682 704 
3358 419 608 672 983 
3359 612 686 81 641 
3360 487 451 475 970 
3361 639 653 69 678 
3362 696 700 702 908 
3363 701 612 633 938 
3364 410 626 674 979 
3365 528 506 595 981 
3366 478 507 586 944 
3367 608 640 52 657 
3368 559 439 440 980 
3369 521 646 609 943 
3370 709 701 697 969 
3371 666 667 670 973 
3372 625 584 539 924 
3373 412 543 72 934 
3374 456 460 458 936 
3375 640 608 425 902 
3376 706 93 685 967 
3377 671 658 599 937 
3378 73 564 74 947 
3379 681 410 56 674 
3380 94 540 635 690 
3381 674 55 655 626 
3382 410 600 616 979 
3383 572 524 573 926 
3384 707 686 708 927 
3385 599 624 647 937 
3386 603 496 645 948 
3387 476 462 552 959 
3388 71 423 427 942 
3389 547 484 516 978 
3390 671 673 658 937 
3391 640 80 3 657 
3392 90 606 700 414 
3393 704 97 533 634 
3394 617 407 644 911 
3395 589 494 579 963 
3396 606 628 91 687 
3397 577 592 566 958 
3398 573 555 466 982 
3399 83 633 417 684 
3400 55 655 626 604 
3401 540 685 93 967 
3402 415 622 548 985 
3403 637 703 84 684 
3404 648 628 525 908 
3405 86 689 710 644 
3406 518 627 597 941 
3407 501 497 498 949 
3408 465 470 569 965 
3409 671 61 405 599 
3410 70 4 686 641 
3411 672 53 608 419 
3412 54 672 655 419 
3413 710 689 698 911 
3414 599 658 62 421 
3415 642 943 609 983 
3416 663 675 659 932 
3417 672 668 655 983 
3418 411 602 603 915 
3419 69 610 653 639 
3420 597 654 60 405 
3421 406 648 625 967 
3422 639 3 80 678 
3423 672 608 52 657 
3424 701 686 81 612 
3425 561 547 516 978 
3426 84 417 637 684 
3427 659 662 663 932 
3428 674 410 56 626 
3429 707 682 98 638 
3430 605 659 67 420 
3431 609 642 521 943 
3432 478 586 580 972 
3433 707 708 682 927 
3434 553 476 552 959 
3435 489 487 475 970 
3436 514 545 585 928 
3437 419 609 608 983 
3438 651 624 421 937 
3439 667 673 671 937 
3440 423 638 533 927 
3441 597 405 629 931 
3442 539 540 625 967 
3443 616 643 410 979 
3444 503 520 522 957 
3445 691 690 688 920 
3446 450 589 579 963 
3447 528 507 506 981 
3448 625 575 584 924 
3449 621 548 622 985 
3450 551 645 496 948 
3451 530 612 613 938 
3452 697 695 694 969 
3453 587 522 643 957 
3454 685 702 706 967 
3455 64 65 411 656 
3456 633 612 530 938 
3457 414 598 632 929 
3458 635 540 538 920 
3459 574 573 524 926 
3460 627 518 568 941 
3461 681 669 660 979 
3462 423 532 427 942 
3463 86 689 644 407 
3464 610 68 69 653 
3465 409 593 594 971 
3466 421 624 599 937 
3467 706 406 93 967 
3468 409 594 76 971 
3469 507 591 586 944 
3470 563 517 624 933 
3471 707 4 70 638 
3472 70 638 423 927 
3473 635 538 418 920 
3474 82 633 701 612 
3475 682 98 638 533 
3476 501 590 497 949 
3477 414 700 89 683 
3478 405 654 60 671 
3479 659 67 66 605 
3480 643 626 410 979 
3481 668 665 666 962 
3482 503 522 587 957 
3483 700 89 90 414 
3484 688 418 95 96 
3485 540 93 406 967 
3486 682 98 533 97 
3487 687 91 606 700 
3488 405 60 61 671 
3489 57 58 600 660 
3490 93 540 94 685 
3491 443 559 440 980 
3492 465 569 570 965 
3493 681 674 669 979 
3494 658 62 671 599 
3495 684 83 633 701 
3496 608 52 53 672 
3497 665 668 680 962 
3498 478 580 467 972 
3499 701 81 82 612 
3500 617 644 596 911 
3501 598 414 89 683 
3502 655 55 54 604 
3503 604 642 419 983 
3504 520 521 642 943 
3505 54 53 672 419 
3506 629 405 647 931 
3507 84 83 417 684 
3508 689 86 87 407 
3509 60 59 654 597 
3510 419 642 609 983 
3511 694 709 697 969 
3512 693 702 691 977 
3513 658 63 62 421 
3514 414 632 650 929 
3515 625 540 406 967 
3516 514 630 545 928 
3517 91 90 606 700 
3518 671 62 61 599 
3519 696 702 693 977 
3520 602 65 66 661 
3521 639 69 3 678 
3522 83 82 633 701 
3523 628 92 91 687 
3524 422 58 59 676 
3525 640 3 52 657 
3526 635 95 94 690 
3527 4 707 98 638 
3528 56 57 410 681 
3529 634 704 97 96 
3530 63 64 601 677 
3531 686 4 81 641 
3532 85 86 710 644 
3533 703 84 85 637 
3534 674 56 55 626 
3535 87 88 705 631 
3536 89 88 598 683 
3537 67 68 420 675 
3538 93 92 406 706 
3539 938 543 882 859 
3540 938 882 543 613 
3541 870 469 918 485 
3542 870 918 469 887 
3543 901 463 474 473 
3544 901 474 463 871 
3545 931 422 941 597 
3546 931 941 422 880 
3547 963 435 437 865 
3548 963 437 435 579 
3549 962 669 880 666 
3550 962 880 669 893 
3551 905 428 942 878 
3552 905 942 428 535 
3553 927 692 694 708 
3554 927 694 692 896 
3555 984 914 857 878 
3556 984 857 914 956 
3557 908 489 523 525 
3558 908 523 489 867 
3559 947 412 862 619 
3560 947 862 412 934 
3561 618 862 412 619 
3562 618 412 862 934 
3563 922 558 652 877 
3564 922 652 558 557 
3565 912 437 439 903 
3566 912 439 437 444 
3567 549 978 474 547 
3568 474 978 549 871 
3569 906 504 499 519 
3570 906 499 504 894 
3571 899 936 454 872 
3572 899 454 936 456 
3573 455 454 936 872 
3574 455 936 454 456 
3575 922 556 553 557 
3576 922 553 556 881 
3577 458 965 461 570 
3578 461 965 458 936 
3579 600 676 880 660 
3580 880 676 600 422 
3581 631 689 87 407 
3582 631 87 689 705 
3583 915 937 891 890 
3584 891 937 915 673 
3585 965 497 470 569 
3586 965 470 497 918 
3587 929 524 574 632 
3588 929 574 524 926 
3589 929 525 606 908 
3590 929 606 525 650 
3591 924 525 648 575 
3592 924 648 525 908 
3593 981 530 417 528 
3594 981 417 530 938 
3595 595 911 508 596 
3596 508 911 595 875 
3597 928 482 512 514 
3598 928 512 482 892 
3599 953 941 886 853 
3600 953 886 941 901 
3601 970 572 860 926 
3602 970 860 572 451 
3603 960 956 865 849 
3604 960 865 956 876 
3605 985 856 971 895 
3606 985 971 856 921 
3607 922 652 617 911 
3608 922 617 652 557 
3609 653 420 68 675 
3610 653 68 420 610 
3611 944 615 529 591 
3612 944 529 615 882 
3613 656 601 64 677 
3614 656 64 601 411 
3615 982 454 554 466 
3616 982 554 454 899 
3617 977 924 976 908 
3618 977 976 924 861 
3619 688 634 96 704 
3620 96 634 688 418 
3621 913 960 952 856 
3622 913 952 960 870 
3623 921 952 960 856 
3624 921 960 952 870 
3625 978 854 980 916 
3626 978 980 854 897 
3627 932 610 928 879 
3628 932 928 610 420 
3629 978 562 560 897 
3630 978 560 562 516 
3631 631 683 88 705 
3632 631 88 683 598 
3633 967 687 406 908 
3634 967 406 687 706 
3635 628 406 687 908 
3636 933 647 629 517 
3637 933 629 647 931 
3638 979 522 957 643 
3639 979 957 522 893 
3640 545 420 928 630 
3641 928 420 545 610 
3642 597 676 931 422 
3643 597 931 676 654 
3644 880 931 676 422 
3645 880 676 931 654 
3646 406 687 92 628 
3647 406 92 687 706 
$EndElements
