$MeshFormat
4.1 0 8
$EndMeshFormat
$PhysicalNames
8
1 2 "coilZ1"
1 3 "coilZ2"
1 4 "coilX1"
1 5 "coilX2"
1 6 "coilY1"
1 7 "coilY2"
2 8 "boundary"
3 1 "air"
$EndPhysicalNames
$Entities
26 27 1 1
1 1.065407527825468e-16 -2.609409655970519e-32 1.74 0 
2 1.065407527825468e-16 -2.609409655970519e-32 -1.74 0 
501 -0.58 -0.58 0.63162 0 
502 0.58 -0.58 0.63162 0 
503 0.58 0.58 0.63162 0 
504 -0.58 0.58 0.63162 0 
511 -0.58 -0.58 -0.63162 0 
512 0.58 -0.58 -0.63162 0 
513 0.58 0.58 -0.63162 0 
514 -0.58 0.58 -0.63162 0 
521 0.5445 -0.5 -0.5 0 
522 0.5445 0.5 -0.5 0 
523 0.5445 0.5 0.5 0 
524 0.5445 -0.5 0.5 0 
531 -0.5445 -0.5 -0.5 0 
532 -0.5445 0.5 -0.5 0 
533 -0.5445 0.5 0.5 0 
534 -0.5445 -0.5 0.5 0 
541 -0.54 0.58806 -0.54 0 
542 -0.54 0.58806 0.54 0 
543 0.54 0.58806 0.54 0 
544 0.54 0.58806 -0.54 0 
551 -0.54 -0.58806 -0.54 0 
552 -0.54 -0.58806 0.54 0 
553 0.54 -0.58806 0.54 0 
554 0.54 -0.58806 -0.54 0 
1 -1.000000001072644e-07 -1.000000001071437e-07 1.7399999 1.000000001072644e-07 1.000000001071437e-07 1.7400001 0 2 1 -1 
2 -1.000000002804313e-07 -1.00000000426163e-07 -1.7400001 1.7400001 1e-07 1.7400001 0 2 2 -1 
3 -1.000000001072644e-07 -1.000000001071437e-07 -1.7400001 1.000000001072644e-07 1.000000001071437e-07 -1.7399999 0 2 2 -2 
201 -0.5800000999999999 -0.5800000999999999 0.6316199 0.5800000999999999 -0.5799999 0.6316200999999999 1 2 2 501 -502 
202 0.5799999 -0.5800000999999999 0.6316199 0.5800000999999999 0.5800000999999999 0.6316200999999999 1 2 2 502 -503 
203 -0.5800000999999999 0.5799999 0.6316199 0.5800000999999999 0.5800000999999999 0.6316200999999999 1 2 2 503 -504 
204 -0.5800000999999999 -0.5800000999999999 0.6316199 -0.5799999 0.5800000999999999 0.6316200999999999 1 2 2 504 -501 
211 -0.5800000999999999 -0.5800000999999999 -0.6316200999999999 0.5800000999999999 -0.5799999 -0.6316199 1 3 2 511 -512 
212 0.5799999 -0.5800000999999999 -0.6316200999999999 0.5800000999999999 0.5800000999999999 -0.6316199 1 3 2 512 -513 
213 -0.5800000999999999 0.5799999 -0.6316200999999999 0.5800000999999999 0.5800000999999999 -0.6316199 1 3 2 513 -514 
214 -0.5800000999999999 -0.5800000999999999 -0.6316200999999999 -0.5799999 0.5800000999999999 -0.6316199 1 3 2 514 -511 
221 0.5444999 -0.5000000999999999 -0.5000000999999999 0.5445000999999999 0.5000000999999999 -0.4999999 1 4 2 521 -522 
222 0.5444999 0.4999999 -0.5000000999999999 0.5445000999999999 0.5000000999999999 0.5000000999999999 1 4 2 522 -523 
223 0.5444999 -0.5000000999999999 0.4999999 0.5445000999999999 0.5000000999999999 0.5000000999999999 1 4 2 523 -524 
224 0.5444999 -0.5000000999999999 -0.5000000999999999 0.5445000999999999 -0.4999999 0.5000000999999999 1 4 2 524 -521 
231 -0.5445000999999999 -0.5000000999999999 -0.5000000999999999 -0.5444999 0.5000000999999999 -0.4999999 1 5 2 531 -532 
232 -0.5445000999999999 0.4999999 -0.5000000999999999 -0.5444999 0.5000000999999999 0.5000000999999999 1 5 2 532 -533 
233 -0.5445000999999999 -0.5000000999999999 0.4999999 -0.5444999 0.5000000999999999 0.5000000999999999 1 5 2 533 -534 
234 -0.5445000999999999 -0.5000000999999999 -0.5000000999999999 -0.5444999 -0.4999999 0.5000000999999999 1 5 2 534 -531 
241 -0.5400001 0.5880599000000001 -0.5400001 -0.5399999000000001 0.5880601 0.5400001 1 6 2 541 -542 
242 -0.5400001 0.5880599000000001 0.5399999000000001 0.5400001 0.5880601 0.5400001 1 6 2 542 -543 
243 0.5399999000000001 0.5880599000000001 -0.5400001 0.5400001 0.5880601 0.5400001 1 6 2 543 -544 
244 -0.5400001 0.5880599000000001 -0.5400001 0.5400001 0.5880601 -0.5399999000000001 1 6 2 544 -541 
251 -0.5400001 -0.5880601 -0.5400001 -0.5399999000000001 -0.5880599000000001 0.5400001 1 7 2 551 -552 
252 -0.5400001 -0.5880601 0.5399999000000001 0.5400001 -0.5880599000000001 0.5400001 1 7 2 552 -553 
253 0.5399999000000001 -0.5880601 -0.5400001 0.5400001 -0.5880599000000001 0.5400001 1 7 2 553 -554 
254 -0.5400001 -0.5880601 -0.5400001 0.5400001 -0.5880599000000001 -0.5399999000000001 1 7 2 554 -551 
1 -1.7400001 -1.7400001 -1.7400001 1.7400001 1.7400001 1.7400001 1 8 4 -1 -2 3 2 
1 -1.7400001 -1.7400001 -1.7400001 1.7400001 1.7400001 1.7400001 1 1 1 1 
$EndEntities
$Nodes
53 1600 1 1600
0 1 0 1
1
1.065407527825468e-16 -2.609409655970519e-32 1.74
0 2 0 1
2
1.065407527825468e-16 -2.609409655970519e-32 -1.74
0 501 0 1
3
-0.58 -0.58 0.63162
0 502 0 1
4
0.58 -0.58 0.63162
0 503 0 1
5
0.58 0.58 0.63162
0 504 0 1
6
-0.58 0.58 0.63162
0 511 0 1
7
-0.58 -0.58 -0.63162
0 512 0 1
8
0.58 -0.58 -0.63162
0 513 0 1
9
0.58 0.58 -0.63162
0 514 0 1
10
-0.58 0.58 -0.63162
0 521 0 1
11
0.5445 -0.5 -0.5
0 522 0 1
12
0.5445 0.5 -0.5
0 523 0 1
13
0.5445 0.5 0.5
0 524 0 1
14
0.5445 -0.5 0.5
0 531 0 1
15
-0.5445 -0.5 -0.5
0 532 0 1
16
-0.5445 0.5 -0.5
0 533 0 1
17
-0.5445 0.5 0.5
0 534 0 1
18
-0.5445 -0.5 0.5
0 541 0 1
19
-0.54 0.58806 -0.54
0 542 0 1
20
-0.54 0.58806 0.54
0 543 0 1
21
0.54 0.58806 0.54
0 544 0 1
22
0.54 0.58806 -0.54
0 551 0 1
23
-0.54 -0.58806 -0.54
0 552 0 1
24
-0.54 -0.58806 0.54
0 553 0 1
25
0.54 -0.58806 0.54
0 554 0 1
26
0.54 -0.58806 -0.54
1 2 0 15
27
28
29
30
31
32
33
34
35
36
37
38
39
40
41
0.3394571603080617 -8.314027907275072e-17 -1.706566387901621
0.6658691723152537 -1.630855238463414e-16 -1.60755038656964
0.9666922054541059 -2.36763483397933e-16 -1.44675712540643
1.23036579926459 -3.013427550610329e-16 -1.230365799264595
1.446757125406426 -3.543415936421014e-16 -0.9666922054541115
1.607550386569637 -3.937232834965591e-16 -0.6658691723152614
1.706566387901619 -4.179744083688054e-16 -0.3394571603080699
1.74 -4.261630111301872e-16 -6.607884812243058e-15
1.706566387901622 -4.179744083688061e-16 0.3394571603080555
1.607550386569641 -3.937232834965602e-16 0.6658691723152507
1.446757125406431 -3.543415936421026e-16 0.9666922054541044
1.230365799264595 -3.013427550610341e-16 1.23036579926459
0.9666922054541104 -2.367634833979341e-16 1.446757125406427
0.6658691723152573 -1.630855238463423e-16 1.607550386569638
0.339457160308064 -8.314027907275129e-17 1.706566387901621
1 201 0 46
42
43
44
45
46
47
48
49
50
51
52
53
54
55
56
57
58
59
60
61
62
63
64
65
66
67
68
69
70
71
72
73
74
75
76
77
78
79
80
81
82
83
84
85
86
87
-0.5553191489361702 -0.58 0.63162
-0.5306382978723405 -0.58 0.63162
-0.5059574468085107 -0.58 0.63162
-0.4812765957446811 -0.58 0.63162
-0.4565957446808513 -0.58 0.63162
-0.4319148936170216 -0.58 0.63162
-0.4072340425531918 -0.58 0.63162
-0.3825531914893621 -0.58 0.63162
-0.3578723404255324 -0.58 0.63162
-0.3331914893617027 -0.58 0.63162
-0.308510638297873 -0.58 0.63162
-0.2838297872340432 -0.58 0.63162
-0.2591489361702135 -0.58 0.63162
-0.2344680851063838 -0.58 0.63162
-0.209787234042554 -0.58 0.63162
-0.1851063829787243 -0.58 0.63162
-0.1604255319148944 -0.58 0.63162
-0.1357446808510647 -0.58 0.63162
-0.1110638297872349 -0.58 0.63162
-0.08638297872340506 -0.58 0.63162
-0.06170212765957539 -0.58 0.63162
-0.0370212765957455 -0.58 0.63162
-0.01234042553191561 -0.58 0.63162
0.01234042553191406 -0.58 0.63162
0.03702127659574395 -0.58 0.63162
0.06170212765957384 -0.58 0.63162
0.08638297872340372 -0.58 0.63162
0.1110638297872334 -0.58 0.63162
0.1357446808510633 -0.58 0.63162
0.1604255319148931 -0.58 0.63162
0.1851063829787228 -0.58 0.63162
0.2097872340425526 -0.58 0.63162
0.2344680851063825 -0.58 0.63162
0.2591489361702123 -0.58 0.63162
0.2838297872340422 -0.58 0.63162
0.3085106382978718 -0.58 0.63162
0.3331914893617016 -0.58 0.63162
0.3578723404255315 -0.58 0.63162
0.3825531914893613 -0.58 0.63162
0.4072340425531911 -0.58 0.63162
0.4319148936170211 -0.58 0.63162
0.4565957446808507 -0.58 0.63162
0.4812765957446806 -0.58 0.63162
0.5059574468085105 -0.58 0.63162
0.5306382978723404 -0.58 0.63162
0.5553191489361703 -0.58 0.63162
1 202 0 46
88
89
90
91
92
93
94
95
96
97
98
99
100
101
102
103
104
105
106
107
108
109
110
111
112
113
114
115
116
117
118
119
120
121
122
123
124
125
126
127
128
129
130
131
132
133
0.58 -0.5553191489361702 0.63162
0.58 -0.5306382978723405 0.63162
0.58 -0.5059574468085107 0.63162
0.58 -0.4812765957446811 0.63162
0.58 -0.4565957446808513 0.63162
0.58 -0.4319148936170216 0.63162
0.58 -0.4072340425531918 0.63162
0.58 -0.3825531914893621 0.63162
0.58 -0.3578723404255324 0.63162
0.58 -0.3331914893617027 0.63162
0.58 -0.308510638297873 0.63162
0.58 -0.2838297872340432 0.63162
0.58 -0.2591489361702135 0.63162
0.58 -0.2344680851063838 0.63162
0.58 -0.209787234042554 0.63162
0.58 -0.1851063829787243 0.63162
0.58 -0.1604255319148944 0.63162
0.58 -0.1357446808510647 0.63162
0.58 -0.1110638297872349 0.63162
0.58 -0.08638297872340506 0.63162
0.58 -0.06170212765957539 0.63162
0.58 -0.0370212765957455 0.63162
0.58 -0.01234042553191561 0.63162
0.58 0.01234042553191406 0.63162
0.58 0.03702127659574395 0.63162
0.58 0.06170212765957384 0.63162
0.58 0.08638297872340372 0.63162
0.58 0.1110638297872334 0.63162
0.58 0.1357446808510633 0.63162
0.58 0.1604255319148931 0.63162
0.58 0.1851063829787228 0.63162
0.58 0.2097872340425526 0.63162
0.58 0.2344680851063825 0.63162
0.58 0.2591489361702123 0.63162
0.58 0.2838297872340422 0.63162
0.58 0.3085106382978718 0.63162
0.58 0.3331914893617016 0.63162
0.58 0.3578723404255315 0.63162
0.58 0.3825531914893613 0.63162
0.58 0.4072340425531911 0.63162
0.58 0.4319148936170211 0.63162
0.58 0.4565957446808507 0.63162
0.58 0.4812765957446806 0.63162
0.58 0.5059574468085105 0.63162
0.58 0.5306382978723404 0.63162
0.58 0.5553191489361703 0.63162
1 203 0 46
134
135
136
137
138
139
140
141
142
143
144
145
146
147
148
149
150
151
152
153
154
155
156
157
158
159
160
161
162
163
164
165
166
167
168
169
170
171
172
173
174
175
176
177
178
179
0.5553191489361702 0.58 0.63162
0.5306382978723405 0.58 0.63162
0.5059574468085107 0.58 0.63162
0.4812765957446811 0.58 0.63162
0.4565957446808513 0.58 0.63162
0.4319148936170216 0.58 0.63162
0.4072340425531918 0.58 0.63162
0.3825531914893621 0.58 0.63162
0.3578723404255324 0.58 0.63162
0.3331914893617027 0.58 0.63162
0.308510638297873 0.58 0.63162
0.2838297872340432 0.58 0.63162
0.2591489361702135 0.58 0.63162
0.2344680851063838 0.58 0.63162
0.209787234042554 0.58 0.63162
0.1851063829787243 0.58 0.63162
0.1604255319148944 0.58 0.63162
0.1357446808510647 0.58 0.63162
0.1110638297872349 0.58 0.63162
0.08638297872340506 0.58 0.63162
0.06170212765957539 0.58 0.63162
0.0370212765957455 0.58 0.63162
0.01234042553191561 0.58 0.63162
-0.01234042553191406 0.58 0.63162
-0.03702127659574395 0.58 0.63162
-0.06170212765957384 0.58 0.63162
-0.08638297872340372 0.58 0.63162
-0.1110638297872334 0.58 0.63162
-0.1357446808510633 0.58 0.63162
-0.1604255319148931 0.58 0.63162
-0.1851063829787228 0.58 0.63162
-0.2097872340425526 0.58 0.63162
-0.2344680851063825 0.58 0.63162
-0.2591489361702123 0.58 0.63162
-0.2838297872340422 0.58 0.63162
-0.3085106382978718 0.58 0.63162
-0.3331914893617016 0.58 0.63162
-0.3578723404255315 0.58 0.63162
-0.3825531914893613 0.58 0.63162
-0.4072340425531911 0.58 0.63162
-0.4319148936170211 0.58 0.63162
-0.4565957446808507 0.58 0.63162
-0.4812765957446806 0.58 0.63162
-0.5059574468085105 0.58 0.63162
-0.5306382978723404 0.58 0.63162
-0.5553191489361703 0.58 0.63162
1 204 0 46
180
181
182
183
184
185
186
187
188
189
190
191
192
193
194
195
196
197
198
199
200
201
202
203
204
205
206
207
208
209
210
211
212
213
214
215
216
217
218
219
220
221
222
223
224
225
-0.58 0.5553191489361702 0.63162
-0.58 0.5306382978723405 0.63162
-0.58 0.5059574468085107 0.63162
-0.58 0.4812765957446811 0.63162
-0.58 0.4565957446808513 0.63162
-0.58 0.4319148936170216 0.63162
-0.58 0.4072340425531918 0.63162
-0.58 0.3825531914893621 0.63162
-0.58 0.3578723404255324 0.63162
-0.58 0.3331914893617027 0.63162
-0.58 0.308510638297873 0.63162
-0.58 0.2838297872340432 0.63162
-0.58 0.2591489361702135 0.63162
-0.58 0.2344680851063838 0.63162
-0.58 0.209787234042554 0.63162
-0.58 0.1851063829787243 0.63162
-0.58 0.1604255319148944 0.63162
-0.58 0.1357446808510647 0.63162
-0.58 0.1110638297872349 0.63162
-0.58 0.08638297872340506 0.63162
-0.58 0.06170212765957539 0.63162
-0.58 0.0370212765957455 0.63162
-0.58 0.01234042553191561 0.63162
-0.58 -0.01234042553191406 0.63162
-0.58 -0.03702127659574395 0.63162
-0.58 -0.06170212765957384 0.63162
-0.58 -0.08638297872340372 0.63162
-0.58 -0.1110638297872334 0.63162
-0.58 -0.1357446808510633 0.63162
-0.58 -0.1604255319148931 0.63162
-0.58 -0.1851063829787228 0.63162
-0.58 -0.2097872340425526 0.63162
-0.58 -0.2344680851063825 0.63162
-0.58 -0.2591489361702123 0.63162
-0.58 -0.2838297872340422 0.63162
-0.58 -0.3085106382978718 0.63162
-0.58 -0.3331914893617016 0.63162
-0.58 -0.3578723404255315 0.63162
-0.58 -0.3825531914893613 0.63162
-0.58 -0.4072340425531911 0.63162
-0.58 -0.4319148936170211 0.63162
-0.58 -0.4565957446808507 0.63162
-0.58 -0.4812765957446806 0.63162
-0.58 -0.5059574468085105 0.63162
-0.58 -0.5306382978723404 0.63162
-0.58 -0.5553191489361703 0.63162
1 211 0 46
226
227
228
229
230
231
232
233
234
235
236
237
238
239
240
241
242
243
244
245
246
247
248
249
250
251
252
253
254
255
256
257
258
259
260
261
262
263
264
265
266
267
268
269
270
271
-0.5553191489361702 -0.58 -0.63162
-0.5306382978723405 -0.58 -0.63162
-0.5059574468085107 -0.58 -0.63162
-0.4812765957446811 -0.58 -0.63162
-0.4565957446808513 -0.58 -0.63162
-0.4319148936170216 -0.58 -0.63162
-0.4072340425531918 -0.58 -0.63162
-0.3825531914893621 -0.58 -0.63162
-0.3578723404255324 -0.58 -0.63162
-0.3331914893617027 -0.58 -0.63162
-0.308510638297873 -0.58 -0.63162
-0.2838297872340432 -0.58 -0.63162
-0.2591489361702135 -0.58 -0.63162
-0.2344680851063838 -0.58 -0.63162
-0.209787234042554 -0.58 -0.63162
-0.1851063829787243 -0.58 -0.63162
-0.1604255319148944 -0.58 -0.63162
-0.1357446808510647 -0.58 -0.63162
-0.1110638297872349 -0.58 -0.63162
-0.08638297872340506 -0.58 -0.63162
-0.06170212765957539 -0.58 -0.63162
-0.0370212765957455 -0.58 -0.63162
-0.01234042553191561 -0.58 -0.63162
0.01234042553191406 -0.58 -0.63162
0.03702127659574395 -0.58 -0.63162
0.06170212765957384 -0.58 -0.63162
0.08638297872340372 -0.58 -0.63162
0.1110638297872334 -0.58 -0.63162
0.1357446808510633 -0.58 -0.63162
0.1604255319148931 -0.58 -0.63162
0.1851063829787228 -0.58 -0.63162
0.2097872340425526 -0.58 -0.63162
0.2344680851063825 -0.58 -0.63162
0.2591489361702123 -0.58 -0.63162
0.2838297872340422 -0.58 -0.63162
0.3085106382978718 -0.58 -0.63162
0.3331914893617016 -0.58 -0.63162
0.3578723404255315 -0.58 -0.63162
0.3825531914893613 -0.58 -0.63162
0.4072340425531911 -0.58 -0.63162
0.4319148936170211 -0.58 -0.63162
0.4565957446808507 -0.58 -0.63162
0.4812765957446806 -0.58 -0.63162
0.5059574468085105 -0.58 -0.63162
0.5306382978723404 -0.58 -0.63162
0.5553191489361703 -0.58 -0.63162
1 212 0 46
272
273
274
275
276
277
278
279
280
281
282
283
284
285
286
287
288
289
290
291
292
293
294
295
296
297
298
299
300
301
302
303
304
305
306
307
308
309
310
311
312
313
314
315
316
317
0.58 -0.5553191489361702 -0.63162
0.58 -0.5306382978723405 -0.63162
0.58 -0.5059574468085107 -0.63162
0.58 -0.4812765957446811 -0.63162
0.58 -0.4565957446808513 -0.63162
0.58 -0.4319148936170216 -0.63162
0.58 -0.4072340425531918 -0.63162
0.58 -0.3825531914893621 -0.63162
0.58 -0.3578723404255324 -0.63162
0.58 -0.3331914893617027 -0.63162
0.58 -0.308510638297873 -0.63162
0.58 -0.2838297872340432 -0.63162
0.58 -0.2591489361702135 -0.63162
0.58 -0.2344680851063838 -0.63162
0.58 -0.209787234042554 -0.63162
0.58 -0.1851063829787243 -0.63162
0.58 -0.1604255319148944 -0.63162
0.58 -0.1357446808510647 -0.63162
0.58 -0.1110638297872349 -0.63162
0.58 -0.08638297872340506 -0.63162
0.58 -0.06170212765957539 -0.63162
0.58 -0.0370212765957455 -0.63162
0.58 -0.01234042553191561 -0.63162
0.58 0.01234042553191406 -0.63162
0.58 0.03702127659574395 -0.63162
0.58 0.06170212765957384 -0.63162
0.58 0.08638297872340372 -0.63162
0.58 0.1110638297872334 -0.63162
0.58 0.1357446808510633 -0.63162
0.58 0.1604255319148931 -0.63162
0.58 0.1851063829787228 -0.63162
0.58 0.2097872340425526 -0.63162
0.58 0.2344680851063825 -0.63162
0.58 0.2591489361702123 -0.63162
0.58 0.2838297872340422 -0.63162
0.58 0.3085106382978718 -0.63162
0.58 0.3331914893617016 -0.63162
0.58 0.3578723404255315 -0.63162
0.58 0.3825531914893613 -0.63162
0.58 0.4072340425531911 -0.63162
0.58 0.4319148936170211 -0.63162
0.58 0.4565957446808507 -0.63162
0.58 0.4812765957446806 -0.63162
0.58 0.5059574468085105 -0.63162
0.58 0.5306382978723404 -0.63162
0.58 0.5553191489361703 -0.63162
1 213 0 46
318
319
320
321
322
323
324
325
326
327
328
329
330
331
332
333
334
335
336
337
338
339
340
341
342
343
344
345
346
347
348
349
350
351
352
353
354
355
356
357
358
359
360
361
362
363
0.5553191489361702 0.58 -0.63162
0.5306382978723405 0.58 -0.63162
0.5059574468085107 0.58 -0.63162
0.4812765957446811 0.58 -0.63162
0.4565957446808513 0.58 -0.63162
0.4319148936170216 0.58 -0.63162
0.4072340425531918 0.58 -0.63162
0.3825531914893621 0.58 -0.63162
0.3578723404255324 0.58 -0.63162
0.3331914893617027 0.58 -0.63162
0.308510638297873 0.58 -0.63162
0.2838297872340432 0.58 -0.63162
0.2591489361702135 0.58 -0.63162
0.2344680851063838 0.58 -0.63162
0.209787234042554 0.58 -0.63162
0.1851063829787243 0.58 -0.63162
0.1604255319148944 0.58 -0.63162
0.1357446808510647 0.58 -0.63162
0.1110638297872349 0.58 -0.63162
0.08638297872340506 0.58 -0.63162
0.06170212765957539 0.58 -0.63162
0.0370212765957455 0.58 -0.63162
0.01234042553191561 0.58 -0.63162
-0.01234042553191406 0.58 -0.63162
-0.03702127659574395 0.58 -0.63162
-0.06170212765957384 0.58 -0.63162
-0.08638297872340372 0.58 -0.63162
-0.1110638297872334 0.58 -0.63162
-0.1357446808510633 0.58 -0.63162
-0.1604255319148931 0.58 -0.63162
-0.1851063829787228 0.58 -0.63162
-0.2097872340425526 0.58 -0.63162
-0.2344680851063825 0.58 -0.63162
-0.2591489361702123 0.58 -0.63162
-0.2838297872340422 0.58 -0.63162
-0.3085106382978718 0.58 -0.63162
-0.3331914893617016 0.58 -0.63162
-0.3578723404255315 0.58 -0.63162
-0.3825531914893613 0.58 -0.63162
-0.4072340425531911 0.58 -0.63162
-0.4319148936170211 0.58 -0.63162
-0.4565957446808507 0.58 -0.63162
-0.4812765957446806 0.58 -0.63162
-0.5059574468085105 0.58 -0.63162
-0.5306382978723404 0.58 -0.63162
-0.5553191489361703 0.58 -0.63162
1 214 0 46
364
365
366
367
368
369
370
371
372
373
374
375
376
377
378
379
380
381
382
383
384
385
386
387
388
389
390
391
392
393
394
395
396
397
398
399
400
401
402
403
404
405
406
407
408
409
-0.58 0.5553191489361702 -0.63162
-0.58 0.5306382978723405 -0.63162
-0.58 0.5059574468085107 -0.63162
-0.58 0.4812765957446811 -0.63162
-0.58 0.4565957446808513 -0.63162
-0.58 0.4319148936170216 -0.63162
-0.58 0.4072340425531918 -0.63162
-0.58 0.3825531914893621 -0.63162
-0.58 0.3578723404255324 -0.63162
-0.58 0.3331914893617027 -0.63162
-0.58 0.308510638297873 -0.63162
-0.58 0.2838297872340432 -0.63162
-0.58 0.2591489361702135 -0.63162
-0.58 0.2344680851063838 -0.63162
-0.58 0.209787234042554 -0.63162
-0.58 0.1851063829787243 -0.63162
-0.58 0.1604255319148944 -0.63162
-0.58 0.1357446808510647 -0.63162
-0.58 0.1110638297872349 -0.63162
-0.58 0.08638297872340506 -0.63162
-0.58 0.06170212765957539 -0.63162
-0.58 0.0370212765957455 -0.63162
-0.58 0.01234042553191561 -0.63162
-0.58 -0.01234042553191406 -0.63162
-0.58 -0.03702127659574395 -0.63162
-0.58 -0.06170212765957384 -0.63162
-0.58 -0.08638297872340372 -0.63162
-0.58 -0.1110638297872334 -0.63162
-0.58 -0.1357446808510633 -0.63162
-0.58 -0.1604255319148931 -0.63162
-0.58 -0.1851063829787228 -0.63162
-0.58 -0.2097872340425526 -0.63162
-0.58 -0.2344680851063825 -0.63162
-0.58 -0.2591489361702123 -0.63162
-0.58 -0.2838297872340422 -0.63162
-0.58 -0.3085106382978718 -0.63162
-0.58 -0.3331914893617016 -0.63162
-0.58 -0.3578723404255315 -0.63162
-0.58 -0.3825531914893613 -0.63162
-0.58 -0.4072340425531911 -0.63162
-0.58 -0.4319148936170211 -0.63162
-0.58 -0.4565957446808507 -0.63162
-0.58 -0.4812765957446806 -0.63162
-0.58 -0.5059574468085105 -0.63162
-0.58 -0.5306382978723404 -0.63162
-0.58 -0.5553191489361703 -0.63162
1 221 0 39
410
411
412
413
414
415
416
417
418
419
420
421
422
423
424
425
426
427
428
429
430
431
432
433
434
435
436
437
438
439
440
441
442
443
444
445
446
447
448
0.5445 -0.475 -0.5
0.5445 -0.45 -0.5
0.5445 -0.425 -0.5
0.5445 -0.4 -0.5
0.5445 -0.375 -0.5
0.5445 -0.35 -0.5
0.5445 -0.325 -0.5
0.5445 -0.3 -0.5
0.5445 -0.275 -0.5
0.5445 -0.25 -0.5
0.5445 -0.225 -0.5
0.5445 -0.2 -0.5
0.5445 -0.175 -0.5
0.5445 -0.15 -0.5
0.5445 -0.125 -0.5
0.5445 -0.09999999999999998 -0.5
0.5445 -0.07500000000000001 -0.5
0.5445 -0.04999999999999999 -0.5
0.5445 -0.02500000000000002 -0.5
0.5445 0 -0.5
0.5445 0.02500000000000002 -0.5
0.5445 0.05000000000000004 -0.5
0.5445 0.07499999999999996 -0.5
0.5445 0.09999999999999998 -0.5
0.5445 0.125 -0.5
0.5445 0.15 -0.5
0.5445 0.175 -0.5
0.5445 0.2 -0.5
0.5445 0.225 -0.5
0.5445 0.25 -0.5
0.5445 0.275 -0.5
0.5445 0.3 -0.5
0.5445 0.325 -0.5
0.5445 0.35 -0.5
0.5445 0.375 -0.5
0.5445 0.4 -0.5
0.5445 0.425 -0.5
0.5445 0.45 -0.5
0.5445 0.475 -0.5
1 222 0 39
449
450
451
452
453
454
455
456
457
458
459
460
461
462
463
464
465
466
467
468
469
470
471
472
473
474
475
476
477
478
479
480
481
482
483
484
485
486
487
0.5445 0.5 -0.475
0.5445 0.5 -0.45
0.5445 0.5 -0.425
0.5445 0.5 -0.4
0.5445 0.5 -0.375
0.5445 0.5 -0.35
0.5445 0.5 -0.325
0.5445 0.5 -0.3
0.5445 0.5 -0.275
0.5445 0.5 -0.25
0.5445 0.5 -0.225
0.5445 0.5 -0.2
0.5445 0.5 -0.175
0.5445 0.5 -0.15
0.5445 0.5 -0.125
0.5445 0.5 -0.09999999999999998
0.5445 0.5 -0.07500000000000001
0.5445 0.5 -0.04999999999999999
0.5445 0.5 -0.02500000000000002
0.5445 0.5 0
0.5445 0.5 0.02500000000000002
0.5445 0.5 0.05000000000000004
0.5445 0.5 0.07499999999999996
0.5445 0.5 0.09999999999999998
0.5445 0.5 0.125
0.5445 0.5 0.15
0.5445 0.5 0.175
0.5445 0.5 0.2
0.5445 0.5 0.225
0.5445 0.5 0.25
0.5445 0.5 0.275
0.5445 0.5 0.3
0.5445 0.5 0.325
0.5445 0.5 0.35
0.5445 0.5 0.375
0.5445 0.5 0.4
0.5445 0.5 0.425
0.5445 0.5 0.45
0.5445 0.5 0.475
1 223 0 39
488
489
490
491
492
493
494
495
496
497
498
499
500
501
502
503
504
505
506
507
508
509
510
511
512
513
514
515
516
517
518
519
520
521
522
523
524
525
526
0.5445 0.475 0.5
0.5445 0.45 0.5
0.5445 0.425 0.5
0.5445 0.4 0.5
0.5445 0.375 0.5
0.5445 0.35 0.5
0.5445 0.325 0.5
0.5445 0.3 0.5
0.5445 0.275 0.5
0.5445 0.25 0.5
0.5445 0.225 0.5
0.5445 0.2 0.5
0.5445 0.175 0.5
0.5445 0.15 0.5
0.5445 0.125 0.5
0.5445 0.09999999999999998 0.5
0.5445 0.07500000000000001 0.5
0.5445 0.04999999999999999 0.5
0.5445 0.02500000000000002 0.5
0.5445 0 0.5
0.5445 -0.02500000000000002 0.5
0.5445 -0.05000000000000004 0.5
0.5445 -0.07499999999999996 0.5
0.5445 -0.09999999999999998 0.5
0.5445 -0.125 0.5
0.5445 -0.15 0.5
0.5445 -0.175 0.5
0.5445 -0.2 0.5
0.5445 -0.225 0.5
0.5445 -0.25 0.5
0.5445 -0.275 0.5
0.5445 -0.3 0.5
0.5445 -0.325 0.5
0.5445 -0.35 0.5
0.5445 -0.375 0.5
0.5445 -0.4 0.5
0.5445 -0.425 0.5
0.5445 -0.45 0.5
0.5445 -0.475 0.5
1 224 0 39
527
528
529
530
531
532
533
534
535
536
537
538
539
540
541
542
543
544
545
546
547
548
549
550
551
552
553
554
555
556
557
558
559
560
561
562
563
564
565
0.5445 -0.5 0.475
0.5445 -0.5 0.45
0.5445 -0.5 0.425
0.5445 -0.5 0.4
0.5445 -0.5 0.375
0.5445 -0.5 0.35
0.5445 -0.5 0.325
0.5445 -0.5 0.3
0.5445 -0.5 0.275
0.5445 -0.5 0.25
0.5445 -0.5 0.225
0.5445 -0.5 0.2
0.5445 -0.5 0.175
0.5445 -0.5 0.15
0.5445 -0.5 0.125
0.5445 -0.5 0.09999999999999998
0.5445 -0.5 0.07500000000000001
0.5445 -0.5 0.04999999999999999
0.5445 -0.5 0.02500000000000002
0.5445 -0.5 0
0.5445 -0.5 -0.02500000000000002
0.5445 -0.5 -0.05000000000000004
0.5445 -0.5 -0.07499999999999996
0.5445 -0.5 -0.09999999999999998
0.5445 -0.5 -0.125
0.5445 -0.5 -0.15
0.5445 -0.5 -0.175
0.5445 -0.5 -0.2
0.5445 -0.5 -0.225
0.5445 -0.5 -0.25
0.5445 -0.5 -0.275
0.5445 -0.5 -0.3
0.5445 -0.5 -0.325
0.5445 -0.5 -0.35
0.5445 -0.5 -0.375
0.5445 -0.5 -0.4
0.5445 -0.5 -0.425
0.5445 -0.5 -0.45
0.5445 -0.5 -0.475
1 231 0 39
566
567
568
569
570
571
572
573
574
575
576
577
578
579
580
581
582
583
584
585
586
587
588
589
590
591
592
593
594
595
596
597
598
599
600
601
602
603
604
-0.5445 -0.475 -0.5
-0.5445 -0.45 -0.5
-0.5445 -0.425 -0.5
-0.5445 -0.4 -0.5
-0.5445 -0.375 -0.5
-0.5445 -0.35 -0.5
-0.5445 -0.325 -0.5
-0.5445 -0.3 -0.5
-0.5445 -0.275 -0.5
-0.5445 -0.25 -0.5
-0.5445 -0.225 -0.5
-0.5445 -0.2 -0.5
-0.5445 -0.175 -0.5
-0.5445 -0.15 -0.5
-0.5445 -0.125 -0.5
-0.5445 -0.09999999999999998 -0.5
-0.5445 -0.07500000000000001 -0.5
-0.5445 -0.04999999999999999 -0.5
-0.5445 -0.02500000000000002 -0.5
-0.5445 0 -0.5
-0.5445 0.02500000000000002 -0.5
-0.5445 0.05000000000000004 -0.5
-0.5445 0.07499999999999996 -0.5
-0.5445 0.09999999999999998 -0.5
-0.5445 0.125 -0.5
-0.5445 0.15 -0.5
-0.5445 0.175 -0.5
-0.5445 0.2 -0.5
-0.5445 0.225 -0.5
-0.5445 0.25 -0.5
-0.5445 0.275 -0.5
-0.5445 0.3 -0.5
-0.5445 0.325 -0.5
-0.5445 0.35 -0.5
-0.5445 0.375 -0.5
-0.5445 0.4 -0.5
-0.5445 0.425 -0.5
-0.5445 0.45 -0.5
-0.5445 0.475 -0.5
1 232 0 39
605
606
607
608
609
610
611
612
613
614
615
616
617
618
619
620
621
622
623
624
625
626
627
628
629
630
631
632
633
634
635
636
637
638
639
640
641
642
643
-0.5445 0.5 -0.475
-0.5445 0.5 -0.45
-0.5445 0.5 -0.425
-0.5445 0.5 -0.4
-0.5445 0.5 -0.375
-0.5445 0.5 -0.35
-0.5445 0.5 -0.325
-0.5445 0.5 -0.3
-0.5445 0.5 -0.275
-0.5445 0.5 -0.25
-0.5445 0.5 -0.225
-0.5445 0.5 -0.2
-0.5445 0.5 -0.175
-0.5445 0.5 -0.15
-0.5445 0.5 -0.125
-0.5445 0.5 -0.09999999999999998
-0.5445 0.5 -0.07500000000000001
-0.5445 0.5 -0.04999999999999999
-0.5445 0.5 -0.02500000000000002
-0.5445 0.5 0
-0.5445 0.5 0.02500000000000002
-0.5445 0.5 0.05000000000000004
-0.5445 0.5 0.07499999999999996
-0.5445 0.5 0.09999999999999998
-0.5445 0.5 0.125
-0.5445 0.5 0.15
-0.5445 0.5 0.175
-0.5445 0.5 0.2
-0.5445 0.5 0.225
-0.5445 0.5 0.25
-0.5445 0.5 0.275
-0.5445 0.5 0.3
-0.5445 0.5 0.325
-0.5445 0.5 0.35
-0.5445 0.5 0.375
-0.5445 0.5 0.4
-0.5445 0.5 0.425
-0.5445 0.5 0.45
-0.5445 0.5 0.475
1 233 0 39
644
645
646
647
648
649
650
651
652
653
654
655
656
657
658
659
660
661
662
663
664
665
666
667
668
669
670
671
672
673
674
675
676
677
678
679
680
681
682
-0.5445 0.475 0.5
-0.5445 0.45 0.5
-0.5445 0.425 0.5
-0.5445 0.4 0.5
-0.5445 0.375 0.5
-0.5445 0.35 0.5
-0.5445 0.325 0.5
-0.5445 0.3 0.5
-0.5445 0.275 0.5
-0.5445 0.25 0.5
-0.5445 0.225 0.5
-0.5445 0.2 0.5
-0.5445 0.175 0.5
-0.5445 0.15 0.5
-0.5445 0.125 0.5
-0.5445 0.09999999999999998 0.5
-0.5445 0.07500000000000001 0.5
-0.5445 0.04999999999999999 0.5
-0.5445 0.02500000000000002 0.5
-0.5445 0 0.5
-0.5445 -0.02500000000000002 0.5
-0.5445 -0.05000000000000004 0.5
-0.5445 -0.07499999999999996 0.5
-0.5445 -0.09999999999999998 0.5
-0.5445 -0.125 0.5
-0.5445 -0.15 0.5
-0.5445 -0.175 0.5
-0.5445 -0.2 0.5
-0.5445 -0.225 0.5
-0.5445 -0.25 0.5
-0.5445 -0.275 0.5
-0.5445 -0.3 0.5
-0.5445 -0.325 0.5
-0.5445 -0.35 0.5
-0.5445 -0.375 0.5
-0.5445 -0.4 0.5
-0.5445 -0.425 0.5
-0.5445 -0.45 0.5
-0.5445 -0.475 0.5
1 234 0 39
683
684
685
686
687
688
689
690
691
692
693
694
695
696
697
698
699
700
701
702
703
704
705
706
707
708
709
710
711
712
713
714
715
716
717
718
719
720
721
-0.5445 -0.5 0.475
-0.5445 -0.5 0.45
-0.5445 -0.5 0.425
-0.5445 -0.5 0.4
-0.5445 -0.5 0.375
-0.5445 -0.5 0.35
-0.5445 -0.5 0.325
-0.5445 -0.5 0.3
-0.5445 -0.5 0.275
-0.5445 -0.5 0.25
-0.5445 -0.5 0.225
-0.5445 -0.5 0.2
-0.5445 -0.5 0.175
-0.5445 -0.5 0.15
-0.5445 -0.5 0.125
-0.5445 -0.5 0.09999999999999998
-0.5445 -0.5 0.07500000000000001
-0.5445 -0.5 0.04999999999999999
-0.5445 -0.5 0.02500000000000002
-0.5445 -0.5 0
-0.5445 -0.5 -0.02500000000000002
-0.5445 -0.5 -0.05000000000000004
-0.5445 -0.5 -0.07499999999999996
-0.5445 -0.5 -0.09999999999999998
-0.5445 -0.5 -0.125
-0.5445 -0.5 -0.15
-0.5445 -0.5 -0.175
-0.5445 -0.5 -0.2
-0.5445 -0.5 -0.225
-0.5445 -0.5 -0.25
-0.5445 -0.5 -0.275
-0.5445 -0.5 -0.3
-0.5445 -0.5 -0.325
-0.5445 -0.5 -0.35
-0.5445 -0.5 -0.375
-0.5445 -0.5 -0.4
-0.5445 -0.5 -0.425
-0.5445 -0.5 -0.45
-0.5445 -0.5 -0.475
1 241 0 43
722
723
724
725
726
727
728
729
730
731
732
733
734
735
736
737
738
739
740
741
742
743
744
745
746
747
748
749
750
751
752
753
754
755
756
757
758
759
760
761
762
763
764
-0.54 0.58806 -0.5154545454545455
-0.54 0.58806 -0.490909090909091
-0.54 0.58806 -0.4663636363636365
-0.54 0.58806 -0.4418181818181819
-0.54 0.58806 -0.4172727272727275
-0.54 0.58806 -0.3927272727272729
-0.54 0.58806 -0.3681818181818184
-0.54 0.58806 -0.3436363636363639
-0.54 0.58806 -0.3190909090909094
-0.54 0.58806 -0.2945454545454549
-0.54 0.58806 -0.2700000000000003
-0.54 0.58806 -0.2454545454545457
-0.54 0.58806 -0.2209090909090912
-0.54 0.58806 -0.1963636363636366
-0.54 0.58806 -0.171818181818182
-0.54 0.58806 -0.1472727272727275
-0.54 0.58806 -0.122727272727273
-0.54 0.58806 -0.09818181818181843
-0.54 0.58806 -0.07363636363636383
-0.54 0.58806 -0.0490909090909093
-0.54 0.58806 -0.02454545454545476
-0.54 0.58806 -2.220446049250313e-16
-0.54 0.58806 0.02454545454545443
-0.54 0.58806 0.04909090909090896
-0.54 0.58806 0.0736363636363635
-0.54 0.58806 0.09818181818181804
-0.54 0.58806 0.1227272727272726
-0.54 0.58806 0.1472727272727271
-0.54 0.58806 0.1718181818181818
-0.54 0.58806 0.1963636363636363
-0.54 0.58806 0.2209090909090907
-0.54 0.58806 0.2454545454545454
-0.54 0.58806 0.27
-0.54 0.58806 0.2945454545454546
-0.54 0.58806 0.319090909090909
-0.54 0.58806 0.3436363636363636
-0.54 0.58806 0.3681818181818182
-0.54 0.58806 0.3927272727272727
-0.54 0.58806 0.4172727272727271
-0.54 0.58806 0.4418181818181818
-0.54 0.58806 0.4663636363636363
-0.54 0.58806 0.490909090909091
-0.54 0.58806 0.5154545454545454
1 242 0 43
765
766
767
768
769
770
771
772
773
774
775
776
777
778
779
780
781
782
783
784
785
786
787
788
789
790
791
792
793
794
795
796
797
798
799
800
801
802
803
804
805
806
807
-0.5154545454545455 0.58806 0.54
-0.490909090909091 0.58806 0.54
-0.4663636363636365 0.58806 0.54
-0.4418181818181819 0.58806 0.54
-0.4172727272727275 0.58806 0.54
-0.3927272727272729 0.58806 0.54
-0.3681818181818184 0.58806 0.54
-0.3436363636363639 0.58806 0.54
-0.3190909090909094 0.58806 0.54
-0.2945454545454549 0.58806 0.54
-0.2700000000000003 0.58806 0.54
-0.2454545454545457 0.58806 0.54
-0.2209090909090912 0.58806 0.54
-0.1963636363636366 0.58806 0.54
-0.171818181818182 0.58806 0.54
-0.1472727272727275 0.58806 0.54
-0.122727272727273 0.58806 0.54
-0.09818181818181843 0.58806 0.54
-0.07363636363636383 0.58806 0.54
-0.0490909090909093 0.58806 0.54
-0.02454545454545476 0.58806 0.54
-2.220446049250313e-16 0.58806 0.54
0.02454545454545443 0.58806 0.54
0.04909090909090896 0.58806 0.54
0.0736363636363635 0.58806 0.54
0.09818181818181804 0.58806 0.54
0.1227272727272726 0.58806 0.54
0.1472727272727271 0.58806 0.54
0.1718181818181818 0.58806 0.54
0.1963636363636363 0.58806 0.54
0.2209090909090907 0.58806 0.54
0.2454545454545454 0.58806 0.54
0.27 0.58806 0.54
0.2945454545454546 0.58806 0.54
0.319090909090909 0.58806 0.54
0.3436363636363636 0.58806 0.54
0.3681818181818182 0.58806 0.54
0.3927272727272727 0.58806 0.54
0.4172727272727271 0.58806 0.54
0.4418181818181818 0.58806 0.54
0.4663636363636363 0.58806 0.54
0.490909090909091 0.58806 0.54
0.5154545454545454 0.58806 0.54
1 243 0 43
808
809
810
811
812
813
814
815
816
817
818
819
820
821
822
823
824
825
826
827
828
829
830
831
832
833
834
835
836
837
838
839
840
841
842
843
844
845
846
847
848
849
850
0.54 0.58806 0.5154545454545455
0.54 0.58806 0.490909090909091
0.54 0.58806 0.4663636363636365
0.54 0.58806 0.4418181818181819
0.54 0.58806 0.4172727272727275
0.54 0.58806 0.3927272727272729
0.54 0.58806 0.3681818181818184
0.54 0.58806 0.3436363636363639
0.54 0.58806 0.3190909090909094
0.54 0.58806 0.2945454545454549
0.54 0.58806 0.2700000000000003
0.54 0.58806 0.2454545454545457
0.54 0.58806 0.2209090909090912
0.54 0.58806 0.1963636363636366
0.54 0.58806 0.171818181818182
0.54 0.58806 0.1472727272727275
0.54 0.58806 0.122727272727273
0.54 0.58806 0.09818181818181843
0.54 0.58806 0.07363636363636383
0.54 0.58806 0.0490909090909093
0.54 0.58806 0.02454545454545476
0.54 0.58806 2.220446049250313e-16
0.54 0.58806 -0.02454545454545443
0.54 0.58806 -0.04909090909090896
0.54 0.58806 -0.0736363636363635
0.54 0.58806 -0.09818181818181804
0.54 0.58806 -0.1227272727272726
0.54 0.58806 -0.1472727272727271
0.54 0.58806 -0.1718181818181818
0.54 0.58806 -0.1963636363636363
0.54 0.58806 -0.2209090909090907
0.54 0.58806 -0.2454545454545454
0.54 0.58806 -0.27
0.54 0.58806 -0.2945454545454546
0.54 0.58806 -0.319090909090909
0.54 0.58806 -0.3436363636363636
0.54 0.58806 -0.3681818181818182
0.54 0.58806 -0.3927272727272727
0.54 0.58806 -0.4172727272727271
0.54 0.58806 -0.4418181818181818
0.54 0.58806 -0.4663636363636363
0.54 0.58806 -0.490909090909091
0.54 0.58806 -0.5154545454545454
1 244 0 43
851
852
853
854
855
856
857
858
859
860
861
862
863
864
865
866
867
868
869
870
871
872
873
874
875
876
877
878
879
880
881
882
883
884
885
886
887
888
889
890
891
892
893
0.5154545454545455 0.58806 -0.54
0.490909090909091 0.58806 -0.54
0.4663636363636365 0.58806 -0.54
0.4418181818181819 0.58806 -0.54
0.4172727272727275 0.58806 -0.54
0.3927272727272729 0.58806 -0.54
0.3681818181818184 0.58806 -0.54
0.3436363636363639 0.58806 -0.54
0.3190909090909094 0.58806 -0.54
0.2945454545454549 0.58806 -0.54
0.2700000000000003 0.58806 -0.54
0.2454545454545457 0.58806 -0.54
0.2209090909090912 0.58806 -0.54
0.1963636363636366 0.58806 -0.54
0.171818181818182 0.58806 -0.54
0.1472727272727275 0.58806 -0.54
0.122727272727273 0.58806 -0.54
0.09818181818181843 0.58806 -0.54
0.07363636363636383 0.58806 -0.54
0.0490909090909093 0.58806 -0.54
0.02454545454545476 0.58806 -0.54
2.220446049250313e-16 0.58806 -0.54
-0.02454545454545443 0.58806 -0.54
-0.04909090909090896 0.58806 -0.54
-0.0736363636363635 0.58806 -0.54
-0.09818181818181804 0.58806 -0.54
-0.1227272727272726 0.58806 -0.54
-0.1472727272727271 0.58806 -0.54
-0.1718181818181818 0.58806 -0.54
-0.1963636363636363 0.58806 -0.54
-0.2209090909090907 0.58806 -0.54
-0.2454545454545454 0.58806 -0.54
-0.27 0.58806 -0.54
-0.2945454545454546 0.58806 -0.54
-0.319090909090909 0.58806 -0.54
-0.3436363636363636 0.58806 -0.54
-0.3681818181818182 0.58806 -0.54
-0.3927272727272727 0.58806 -0.54
-0.4172727272727271 0.58806 -0.54
-0.4418181818181818 0.58806 -0.54
-0.4663636363636363 0.58806 -0.54
-0.490909090909091 0.58806 -0.54
-0.5154545454545454 0.58806 -0.54
1 251 0 43
894
895
896
897
898
899
900
901
902
903
904
905
906
907
908
909
910
911
912
913
914
915
916
917
918
919
920
921
922
923
924
925
926
927
928
929
930
931
932
933
934
935
936
-0.54 -0.58806 -0.5154545454545455
-0.54 -0.58806 -0.490909090909091
-0.54 -0.58806 -0.4663636363636365
-0.54 -0.58806 -0.4418181818181819
-0.54 -0.58806 -0.4172727272727275
-0.54 -0.58806 -0.3927272727272729
-0.54 -0.58806 -0.3681818181818184
-0.54 -0.58806 -0.3436363636363639
-0.54 -0.58806 -0.3190909090909094
-0.54 -0.58806 -0.2945454545454549
-0.54 -0.58806 -0.2700000000000003
-0.54 -0.58806 -0.2454545454545457
-0.54 -0.58806 -0.2209090909090912
-0.54 -0.58806 -0.1963636363636366
-0.54 -0.58806 -0.171818181818182
-0.54 -0.58806 -0.1472727272727275
-0.54 -0.58806 -0.122727272727273
-0.54 -0.58806 -0.09818181818181843
-0.54 -0.58806 -0.07363636363636383
-0.54 -0.58806 -0.0490909090909093
-0.54 -0.58806 -0.02454545454545476
-0.54 -0.58806 -2.220446049250313e-16
-0.54 -0.58806 0.02454545454545443
-0.54 -0.58806 0.04909090909090896
-0.54 -0.58806 0.0736363636363635
-0.54 -0.58806 0.09818181818181804
-0.54 -0.58806 0.1227272727272726
-0.54 -0.58806 0.1472727272727271
-0.54 -0.58806 0.1718181818181818
-0.54 -0.58806 0.1963636363636363
-0.54 -0.58806 0.2209090909090907
-0.54 -0.58806 0.2454545454545454
-0.54 -0.58806 0.27
-0.54 -0.58806 0.2945454545454546
-0.54 -0.58806 0.319090909090909
-0.54 -0.58806 0.3436363636363636
-0.54 -0.58806 0.3681818181818182
-0.54 -0.58806 0.3927272727272727
-0.54 -0.58806 0.4172727272727271
-0.54 -0.58806 0.4418181818181818
-0.54 -0.58806 0.4663636363636363
-0.54 -0.58806 0.490909090909091
-0.54 -0.58806 0.5154545454545454
1 252 0 43
937
938
939
940
941
942
943
944
945
946
947
948
949
950
951
952
953
954
955
956
957
958
959
960
961
962
963
964
965
966
967
968
969
970
971
972
973
974
975
976
977
978
979
-0.5154545454545455 -0.58806 0.54
-0.490909090909091 -0.58806 0.54
-0.4663636363636365 -0.58806 0.54
-0.4418181818181819 -0.58806 0.54
-0.4172727272727275 -0.58806 0.54
-0.3927272727272729 -0.58806 0.54
-0.3681818181818184 -0.58806 0.54
-0.3436363636363639 -0.58806 0.54
-0.3190909090909094 -0.58806 0.54
-0.2945454545454549 -0.58806 0.54
-0.2700000000000003 -0.58806 0.54
-0.2454545454545457 -0.58806 0.54
-0.2209090909090912 -0.58806 0.54
-0.1963636363636366 -0.58806 0.54
-0.171818181818182 -0.58806 0.54
-0.1472727272727275 -0.58806 0.54
-0.122727272727273 -0.58806 0.54
-0.09818181818181843 -0.58806 0.54
-0.07363636363636383 -0.58806 0.54
-0.0490909090909093 -0.58806 0.54
-0.02454545454545476 -0.58806 0.54
-2.220446049250313e-16 -0.58806 0.54
0.02454545454545443 -0.58806 0.54
0.04909090909090896 -0.58806 0.54
0.0736363636363635 -0.58806 0.54
0.09818181818181804 -0.58806 0.54
0.1227272727272726 -0.58806 0.54
0.1472727272727271 -0.58806 0.54
0.1718181818181818 -0.58806 0.54
0.1963636363636363 -0.58806 0.54
0.2209090909090907 -0.58806 0.54
0.2454545454545454 -0.58806 0.54
0.27 -0.58806 0.54
0.2945454545454546 -0.58806 0.54
0.319090909090909 -0.58806 0.54
0.3436363636363636 -0.58806 0.54
0.3681818181818182 -0.58806 0.54
0.3927272727272727 -0.58806 0.54
0.4172727272727271 -0.58806 0.54
0.4418181818181818 -0.58806 0.54
0.4663636363636363 -0.58806 0.54
0.490909090909091 -0.58806 0.54
0.5154545454545454 -0.58806 0.54
1 253 0 43
980
981
982
983
984
985
986
987
988
989
990
991
992
993
994
995
996
997
998
999
1000
1001
1002
1003
1004
1005
1006
1007
1008
1009
1010
1011
1012
1013
1014
1015
1016
1017
1018
1019
1020
1021
1022
0.54 -0.58806 0.5154545454545455
0.54 -0.58806 0.490909090909091
0.54 -0.58806 0.4663636363636365
0.54 -0.58806 0.4418181818181819
0.54 -0.58806 0.4172727272727275
0.54 -0.58806 0.3927272727272729
0.54 -0.58806 0.3681818181818184
0.54 -0.58806 0.3436363636363639
0.54 -0.58806 0.3190909090909094
0.54 -0.58806 0.2945454545454549
0.54 -0.58806 0.2700000000000003
0.54 -0.58806 0.2454545454545457
0.54 -0.58806 0.2209090909090912
0.54 -0.58806 0.1963636363636366
0.54 -0.58806 0.171818181818182
0.54 -0.58806 0.1472727272727275
0.54 -0.58806 0.122727272727273
0.54 -0.58806 0.09818181818181843
0.54 -0.58806 0.07363636363636383
0.54 -0.58806 0.0490909090909093
0.54 -0.58806 0.02454545454545476
0.54 -0.58806 2.220446049250313e-16
0.54 -0.58806 -0.02454545454545443
0.54 -0.58806 -0.04909090909090896
0.54 -0.58806 -0.0736363636363635
0.54 -0.58806 -0.09818181818181804
0.54 -0.58806 -0.1227272727272726
0.54 -0.58806 -0.1472727272727271
0.54 -0.58806 -0.1718181818181818
0.54 -0.58806 -0.1963636363636363
0.54 -0.58806 -0.2209090909090907
0.54 -0.58806 -0.2454545454545454
0.54 -0.58806 -0.27
0.54 -0.58806 -0.2945454545454546
0.54 -0.58806 -0.319090909090909
0.54 -0.58806 -0.3436363636363636
0.54 -0.58806 -0.3681818181818182
0.54 -0.58806 -0.3927272727272727
0.54 -0.58806 -0.4172727272727271
0.54 -0.58806 -0.4418181818181818
0.54 -0.58806 -0.4663636363636363
0.54 -0.58806 -0.490909090909091
0.54 -0.58806 -0.5154545454545454
1 254 0 43
1023
1024
1025
1026
1027
1028
1029
1030
1031
1032
1033
1034
1035
1036
1037
1038
1039
1040
1041
1042
1043
1044
1045
1046
1047
1048
1049
1050
1051
1052
1053
1054
1055
1056
1057
1058
1059
1060
1061
1062
1063
1064
1065
0.5154545454545455 -0.58806 -0.54
0.490909090909091 -0.58806 -0.54
0.4663636363636365 -0.58806 -0.54
0.4418181818181819 -0.58806 -0.54
0.4172727272727275 -0.58806 -0.54
0.3927272727272729 -0.58806 -0.54
0.3681818181818184 -0.58806 -0.54
0.3436363636363639 -0.58806 -0.54
0.3190909090909094 -0.58806 -0.54
0.2945454545454549 -0.58806 -0.54
0.2700000000000003 -0.58806 -0.54
0.2454545454545457 -0.58806 -0.54
0.2209090909090912 -0.58806 -0.54
0.1963636363636366 -0.58806 -0.54
0.171818181818182 -0.58806 -0.54
0.1472727272727275 -0.58806 -0.54
0.122727272727273 -0.58806 -0.54
0.09818181818181843 -0.58806 -0.54
0.07363636363636383 -0.58806 -0.54
0.0490909090909093 -0.58806 -0.54
0.02454545454545476 -0.58806 -0.54
2.220446049250313e-16 -0.58806 -0.54
-0.02454545454545443 -0.58806 -0.54
-0.04909090909090896 -0.58806 -0.54
-0.0736363636363635 -0.58806 -0.54
-0.09818181818181804 -0.58806 -0.54
-0.1227272727272726 -0.58806 -0.54
-0.1472727272727271 -0.58806 -0.54
-0.1718181818181818 -0.58806 -0.54
-0.1963636363636363 -0.58806 -0.54
-0.2209090909090907 -0.58806 -0.54
-0.2454545454545454 -0.58806 -0.54
-0.27 -0.58806 -0.54
-0.2945454545454546 -0.58806 -0.54
-0.319090909090909 -0.58806 -0.54
-0.3436363636363636 -0.58806 -0.54
-0.3681818181818182 -0.58806 -0.54
-0.3927272727272727 -0.58806 -0.54
-0.4172727272727271 -0.58806 -0.54
-0.4418181818181818 -0.58806 -0.54
-0.4663636363636363 -0.58806 -0.54
-0.490909090909091 -0.58806 -0.54
-0.5154545454545454 -0.58806 -0.54
2 1 0 372
1066
1067
1068
1069
1070
1071
1072
1073
1074
1075
1076
1077
1078
1079
1080
1081
1082
1083
1084
1085
1086
1087
1088
1089
1090
1091
1092
1093
1094
1095
1096
1097
1098
1099
1100
1101
1102
1103
1104
1105
1106
1107
1108
1109
1110
1111
1112
1113
1114
1115
1116
1117
1118
1119
1120
1121
1122
1123
1124
1125
1126
1127
1128
1129
1130
1131
1132
1133
1134
1135
1136
1137
1138
1139
1140
1141
1142
1143
1144
1145
1146
1147
1148
1149
1150
1151
1152
1153
1154
1155
1156
1157
1158
1159
1160
1161
1162
1163
1164
1165
1166
1167
1168
1169
1170
1171
1172
1173
1174
1175
1176
1177
1178
1179
1180
1181
1182
1183
1184
1185
1186
1187
1188
1189
1190
1191
1192
1193
1194
1195
1196
1197
1198
1199
1200
1201
1202
1203
1204
1205
1206
1207
1208
1209
1210
1211
1212
1213
1214
1215
1216
1217
1218
1219
1220
1221
1222
1223
1224
1225
1226
1227
1228
1229
1230
1231
1232
1233
1234
1235
1236
1237
1238
1239
1240
1241
1242
1243
1244
1245
1246
1247
1248
1249
1250
1251
1252
1253
1254
1255
1256
1257
1258
1259
1260
1261
1262
1263
1264
1265
1266
1267
1268
1269
1270
1271
1272
1273
1274
1275
1276
1277
1278
1279
1280
1281
1282
1283
1284
1285
1286
1287
1288
1289
1290
1291
1292
1293
1294
1295
1296
1297
1298
1299
1300
1301
1302
1303
1304
1305
1306
1307
1308
1309
1310
1311
1312
1313
1314
1315
1316
1317
1318
1319
1320
1321
1322
1323
1324
1325
1326
1327
1328
1329
1330
1331
1332
1333
1334
1335
1336
1337
1338
1339
1340
1341
1342
1343
1344
1345
1346
1347
1348
1349
1350
1351
1352
1353
1354
1355
1356
1357
1358
1359
1360
1361
1362
1363
1364
1365
1366
1367
1368
1369
1370
1371
1372
1373
1374
1375
1376
1377
1378
1379
1380
1381
1382
1383
1384
1385
1386
1387
1388
1389
1390
1391
1392
1393
1394
1395
1396
1397
1398
1399
1400
1401
1402
1403
1404
1405
1406
1407
1408
1409
1410
1411
1412
1413
1414
1415
1416
1417
1418
1419
1420
1421
1422
1423
1424
1425
1426
1427
1428
1429
1430
1431
1432
1433
1434
1435
1436
1437
0.40027433787219 0.3080612850349509 -1.665076184174044
1.505151492576027 0.2988999885266411 -0.82023032207724
1.31435936465439 -0.2856347143001519 1.103844314444741
1.710859475002941 -0.267560340267705 -0.1702096387061835
1.642671346267643 0.3052226723015184 0.4858703206251308
0.5630191389429692 0.3009483811983449 1.618653613667239
1.136178443094128 -0.3029506215779317 -1.282544138162016
0.1680821184665758 -0.2949229817022977 -1.706566387901629
1.325576671194203 0.2949229817023306 1.087872659666334
0.4977870538508514 -0.294922981702571 1.64098399866731
1.100659104167862 0.3246281329859464 -1.307962580384645
1.64098399866963 -0.2949229817058234 0.4977870538412753
1.703733594716347 0.3064717973051232 -0.1759740767598514
1.503193187552947 -0.3115715168587569 -0.8191052623300276
0.7545093072060278 0.344916247367444 -1.529492885776668
0.8954029392884936 0.6078029247537129 -1.362508415010475
1.17249784664749 0.586208197933202 -1.144206602097237
0.5361956828800701 0.6264022126875947 -1.532225328599178
1.509755518647998 -0.2997339489156248 0.8114171761673274
1.346437227492162 -0.5872234934895637 0.9326710894614086
0.9728799795223073 0.8728922670481065 -1.148548490736151
1.225774185700057 0.8445829225784166 -0.9009757669106645
1.002907688897357 1.106844739658729 -0.8925642216896004
1.231748915353538 1.053771566288722 -0.6324239840540486
0.9876606500925902 1.299392208690348 -0.6030806979613086
0.739402567750532 1.329150523925863 -0.8451288230509728
0.7071399198020999 1.495670830259217 -0.5390008361162205
0.9378826707845032 1.437371255569392 -0.2862515842838215
0.6402880927492999 1.603292384247426 -0.2169900663571211
0.8556189245963378 1.514513945456665 0.04199720097685451
0.5428101432489345 1.64927066922955 0.1134169652440982
0.7438943257450175 1.528579377153064 0.3710341222404155
0.4189965938908846 1.63169235109134 0.4354559974301076
0.2074409420081329 1.718639873821168 0.1756281289849026
0.07652900748783113 1.666689040616345 0.4938531693755663
-0.1371237824365268 1.720014041483714 0.2243853056444683
-0.2674236485905849 1.63385408624312 0.5353554118911644
-0.4700767542920209 1.656687101201835 0.2490295038459036
-0.6451183748228611 1.52523094993411 0.5339408504965711
-0.3404870641488026 1.705387690857618 -0.05763144123350143
-0.3814446457094063 1.48249263719559 0.8272336809635407
-0.7038803678520648 1.352107636724019 0.8390216722260698
-0.4745914984285896 1.272029864975675 1.088256831924005
-0.7851234643295606 1.115138425077681 1.080577363576722
-0.9988022308247392 1.166500078768655 0.8180902578152643
-1.062589781876675 0.9102401265507498 1.034391544565285
-0.6635778448933926 1.608175277572313 -0.03219814236652426
-0.5253648886285051 1.623399460039181 -0.3408312294095882
-0.8372613276572474 1.494017187687987 -0.3074184641535065
-1.258573264146042 0.9445554641077826 0.7425687267862192
-1.295808000784378 0.6655927826660522 0.9515607562137353
-1.464258396809063 0.6843051860696994 0.6444173800358473
-0.6843063079385943 1.477353639528029 -0.6138005381952153
-0.9883734072080919 1.314132695185418 -0.5690107796593808
-1.078565269982084 0.6155346856162812 1.218775618886322
-1.294682251499007 0.3661643487949819 1.103322952414662
-0.8109056634049612 1.273136169434512 -0.8655381557940557
-1.090195825276864 1.092340288532869 -0.803657735977713
-0.8978152134543324 1.027859768052357 -1.079366545576296
-1.165783017091884 0.8083824649500837 -1.007505705900155
-1.051996745636212 0.2985764773646222 1.353423412807444
-0.948178428298039 0.7251205123827809 -1.266000754593769
-1.1999195277142 0.5041171885839504 -1.154841542023989
-1.386004358387661 0.576633836531604 -0.8798211960945536
0.6075636699179484 1.478548347042699 0.6872853646434895
-0.9607947804850296 0.4066303952266066 -1.3925247256227
-1.176013169527561 0.168207972720468 -1.271337525211542
-0.5695148602659575 1.189798944323902 -1.134738426256013
0.9195815560323389 1.345633065296103 0.6092958356881769
-0.543110201322667 1.010947842337108 1.307905107143939
-0.2222984202671354 1.144778901363107 1.291380919535601
-1.256049095642406 1.098407044486536 -0.4933990615700905
1.152058467592534 1.303865142063158 -0.01723306591878348
-0.9317138622845926 0.06503378689054176 -1.46808715183718
-1.116846235792532 -0.1707674695107294 -1.323288689951271
-1.354422533826607 -0.0693405466145898 -1.090106182194149
0.7678251908645999 1.267074950211031 0.9124502982746256
0.1802511913207403 0.5755801794110392 -1.632120389277889
0.2879861203665844 0.8692071829016232 -1.47957523217592
-0.8355832476854513 -0.271118432177456 -1.50196385839376
-0.3409549897653842 1.58923994885023 -0.6210201928541476
-0.2830857229395276 0.8619218611101573 1.48477378034777
-0.7005628740454447 -0.05514664593584365 -1.591782179492914
0.04283094845118648 0.9754832154647985 1.440207626073834
-0.05671956193349366 0.8383629158150347 -1.523656953739977
-0.9971674909689233 1.425832046311039 0.01612360589992803
1.066914913770928 1.11469839632603 0.8042014996263996
0.8841942589540271 1.034186137856724 1.084554998466067
1.141047491301783 -0.5730022327986161 1.182065592004821
0.05392925830547755 1.093249945652023 -1.352588700023207
-1.385716176687624 0.957789635386976 0.4359239520965973
-1.570152289830218 0.6819159888531789 0.3117889845509528
-1.611320791012462 0.3924481134698311 0.5265261500485453
1.130249470390895 -0.8497330359021334 1.013947682268491
-1.690315997571031 0.369116214653347 0.1848919912690449
1.325129711889885 -0.8628937494852764 0.7259790794271341
1.086412954138087 -1.108904330196072 0.7858995352800219
-1.693655532544438 0.08304081691820706 0.3901732433255418
-1.27029328928393 -0.4058906553423138 -1.117679620958528
-1.232308813709615 0.03384110927055466 1.227953487301917
1.256961351667093 -1.102139886389586 0.482634262402064
0.9945678327029301 -1.325822094378458 0.5297457882895467
0.8029988670328631 -1.307992900618784 0.8197239727339903
0.6929965286971417 -1.498306784586808 0.549938715199114
0.8675195033528459 -1.487609408004908 0.2490545332205746
0.5501853808771692 -1.629933344428433 0.2611768354762489
0.3631050113283516 -1.60903233518079 0.5538679401183021
0.2110687078235068 -1.70794207079632 0.2568732827323508
0.01874266980516885 -1.654240196081286 0.5392013408714049
-0.136675659641981 -1.718208422991663 0.2380747345308382
0.02190851437340158 -1.736938661606011 -0.1008171752047761
-0.3278518696445851 -1.630024988845312 0.5129636315669847
-0.4775168803533693 -1.661156997159994 0.2003373648723034
-0.6610702817856272 -1.539446045018635 0.4697786255422355
-0.5008842695485805 -1.486264376921355 0.7534806901396757
-0.7942134855314567 -1.541989208029151 0.1381818429519739
-0.9680372610543476 -1.385449951522376 0.4135605071051174
-0.9681435726051274 -0.0294026228716221 1.445487291051585
-1.087554613154881 -1.355613681861624 0.08447786073940147
-0.9004808024889367 -1.478297194754247 -0.1771206603719687
-1.131571083563088 -0.2936617650632783 1.288762837213961
-0.8461966035049411 -0.3536422205414946 1.478677952789985
-1.481357306277031 -0.2996634172853662 -0.8621962465010593
-1.236381421150879 -1.174243060459705 0.3465749794707572
-0.6837296948161568 -0.09275982266075326 1.597344458695916
0.7103881110622275 -1.587745635789411 -0.044861204766688
1.007144893546189 -1.417621777448121 -0.06006379532350532
0.8372567065428465 -1.484169460030787 -0.3519122351680138
0.1663734565571825 -1.521671295431522 0.8273066792991388
-1.331138948572523 -1.120377725736043 0.02056334767908346
-0.5272364749425559 -0.4053176153441989 1.607899042285255
-0.7036776133276348 -0.671095680817423 1.442937421959013
-0.3638104535719331 -0.7066358670864612 1.547871992517065
0.8877801667135868 -0.8074958171902398 1.259919394568662
1.108949617408113 -1.290286607630603 -0.3646796076277232
0.9257853301229176 -1.324543974856794 -0.6450618429265255
0.625152196686658 -1.49768624882531 -0.6274716177305689
0.6979086439367522 -1.308400324527891 -0.9102813386495811
0.384018483354437 -1.454363118782155 -0.8746186158368685
-0.5209953286399253 -0.9532351053203542 1.359230187098664
-0.8400184990712138 -0.8960251904162856 1.232520904227431
-0.1807507571625357 -0.9773249625067144 1.428203445397895
0.4458463737252677 -1.237170493046152 -1.139399044308871
0.1235737398468917 -1.355946079143438 -1.083392708705293
-1.369433611272833 -0.629086717201525 -0.8697709391310183
-1.131705686189787 -0.7248596383620468 -1.105179055411089
-1.551701760413047 -0.5134781646547317 -0.5967929466354787
-1.455287953064362 -0.9143374340673404 0.2715216940299432
1.000354264404318 -1.082221184688215 -0.9250344064412589
-1.632988495147893 -0.175841313405094 -0.5744809894283622
0.1796499118365468 -1.112560356724417 -1.325720695253098
-0.1456855871815323 -1.20640153435859 -1.24537988083348
-0.2030071154497416 -1.429535795304855 -0.9709868799416861
0.4999273410935943 -0.977550698037125 -1.349839726187601
-1.67116436084382 -0.3826932377641441 -0.2972466397035701
-1.205581974871289 -0.9343794744099904 -0.8373213837390941
-1.37185874991187 -0.2277935818924526 1.045807656473621
-1.328217157124713 -0.958491937069853 0.5871391573482615
-0.4672904211313598 -1.247791660415738 -1.119042284507521
-0.4052459242840925 -1.005498406880196 -1.36101017432366
0.5095939599033433 1.487067884012937 -0.7460181662448402
-1.500764020373752 -0.7083470895823825 0.5230217546448532
-0.5814472276086783 -0.3925666277464182 -1.592297260025899
-1.615542499449358 0.6456134787818655 -0.02838430002833061
0.4501604672369404 1.374871904272247 0.966789946461911
0.3898904662065159 1.125992796181027 -1.267961216800299
-0.5125419661596489 -1.441863729042245 -0.828208741681463
-0.1604609834064694 0.5089383875582616 -1.656150352617124
-0.3899984425837479 0.7366129012018221 -1.527384250463938
-0.2433836046505338 -1.585510301890476 -0.6741820997226812
-0.01552953831696149 0.6740665279736684 1.604055220154588
-0.338429893936911 0.5449901393852397 1.61742108149446
-0.01806526380407218 -0.7137160189225066 1.586783882756911
0.1546032369786637 -0.9752813487790837 1.432663299536695
-1.245833849735783 -0.5500292304896678 1.083035486242007
1.469602327693498 -0.8362732538490829 0.4105070563760375
-1.70386874620418 0.3177252016667438 -0.1532383500773244
1.377856565389233 -1.050627664107755 0.1590370919794142
-0.8159529939955849 0.5464152608246642 1.436402128349702
1.185912430316693 1.167731030822848 0.5075588116403473
1.318198870698623 0.9074913922840329 0.6829429772823369
1.416717158319268 0.9559807962447537 0.3265167844614158
0.3116826338551756 -1.611701776827362 -0.5769500137140328
0.320834689902656 0.7876895096107408 1.517962561529189
0.3649067741869257 1.054741552419291 1.334901982825943
1.419216154897818 0.7819200795266527 -0.6340555929175957
1.403766121727468 0.9619768361812627 -0.3628239823122383
0.2225871888552343 -0.8244035098438711 -1.516052042746102
0.6242794576359574 -0.6790210886751541 -1.475400121969686
0.7939317877864083 -0.79291087225764 -1.329873928234517
-0.7275113980549046 -0.5995481488898543 -1.462487327419608
-1.556928357529128 -0.706240713618949 -0.3237254144311965
-1.602878710888942 0.576072819547495 -0.3556964221883621
1.55230637349607 -0.7821292431444692 0.07885917715610251
-0.3308472879285467 -1.204423593996432 1.211405744701189
-1.6317470470877 -0.5769001499014631 0.1794095631905983
-0.7722032687798622 -1.23506262962721 -0.9517995653413667
0.1364487083257232 1.342164189479646 -1.098898101952444
1.436133872961579 -0.967244986305112 -0.1719204333405392
-1.583952122872183 0.1051953685366338 0.7124813028333778
-0.291216067002706 -0.122692484708508 -1.711063925315337
-0.5334834092263243 -1.571055816221586 -0.5241937374641019
-1.634264646591699 -0.1891381193624752 0.5665737698698515
0.8083623119135226 -0.2949229817023385 -1.512339514640025
0.8618913734484619 -0.5025467232981125 1.425549035030873
0.6073345201621775 -0.7381260615557484 1.453930774786605
0.6255973834785151 -1.020434408826597 1.26290994574734
-0.4995947072354802 0.4378687923476751 -1.608190302542048
0.6957602737547374 0.9062055818456547 1.31236773996335
-1.64184680138861 0.2353457879294285 -0.5258815844597202
-0.2732151778936369 -1.685403979776643 -0.3352117114923033
-0.1952694708253735 1.278890702425715 -1.163575698015664
-1.470406428680754 0.8960982814624984 -0.250025607597034
-1.706632800368115 -0.2195611671027621 0.2584518883818786
1.587891106127815 0.6220596063031059 -0.3453167839625048
1.504806081511918 0.8727994792000388 -0.0371446652009124
1.577399536654504 -0.6893032132078216 -0.2535188001382295
1.404030538720866 -0.878323890898726 -0.5337090865028596
-0.1886428757629505 -0.4526214534154379 -1.669475272452988
-0.4122179439642388 -0.6880056280907482 -1.544125844090873
-0.1010499080978219 1.487908316233514 -0.8963915207968952
0.6777765336288766 0.8881666903552828 -1.333933619264979
1.514752157611545 0.6375430632026635 0.5715459242907178
1.368753704818044 0.6109920519335809 0.8836300176096724
-1.719710800836981 -0.03508147628917715 -0.2626100750275937
-1.532170095261938 0.06476915272310549 -0.8221069006160661
-0.5887462390012815 -1.629300228742191 -0.1623534129068122
-1.500582248081782 -0.4460037843744905 0.7595614136233203
-0.3334451349949769 -0.1322314387895959 1.702624206495319
-0.523250300378838 0.2392757050129969 1.642119441497478
1.637330523270887 0.2989190546359148 -0.5073422477391916
-0.1075545731832031 0.4346006786569195 1.681414364128701
-1.452415181279965 0.7700324723206177 -0.5702106038642933
-1.276024358503108 1.177474060509625 -0.1136515434726084
1.554268572730946 -0.5593682976470234 -0.5467689744383638
1.37517412047215 -0.6865406487324366 -0.8155722383833903
1.298296880388734 -0.4760681352047322 -1.056117579162269
1.149368707604882 -0.7710511874885261 -1.054529108299633
1.341354092790005 0.306822961033488 -1.065001816119646
-0.6661535226114866 0.6240675720873248 -1.481343697384688
-1.456687295793169 0.9462105794189131 0.1017234568352351
-1.234540259447441 1.20315100904719 0.2365121502844471
-0.9660484833455456 1.398070981161615 0.3738286498645741
0.1680821184665973 -0.2949229817023317 1.706566387901621
-0.1875454321618208 -0.4466053272319223 1.671218236067122
0.3237343410908267 -0.5234183703984595 1.627522437918417
1.705198338675197 0.3152198990785736 0.1433005268805406
0.4906416903941329 -0.2934857683755848 -1.643391869095189
1.520902206035923 0.3034200887975429 0.7889187089866445
1.157297062335188 0.6034505086349766 1.150700218622787
1.074802566613824 0.315066853127667 1.331590147478031
0.8860319016277673 0.6056228526004285 1.369586955876114
1.709490416948598 -0.278460812227503 0.1664394496942001
1.513894589606521 -0.5856343632720812 0.6267021334852827
-0.6261175863840965 0.9241892844887912 -1.334710056325586
-0.3128778806609958 1.023730814761859 -1.371744382419736
0.8689808105547675 -1.064066718648309 1.067817572974241
-1.738292059027403 0.04757789715452308 0.06063877657592817
1.147426778397851 -1.290507952997616 0.2135439333379204
0.4863164583556188 -1.452131099046138 0.8260820622162794
0.2480178892020937 -1.355112400570062 1.062900516726274
-0.05368754615418642 -1.384324177592787 1.052788781627158
-0.1582500095701481 -1.539310276719769 0.795663752131487
0.3842194798005981 -1.696529619467698 -0.04198382558253489
1.032024786185394 1.369455213197803 0.2951563310253612
0.7481834532997593 -1.065494862254955 -1.154357924872845
-1.011336656596514 -0.6133103088476154 1.276185187222226
-0.04155795050282458 1.552820079808489 0.7839787857420392
0.2897625102343566 1.553378487765818 0.7284593066253349
-0.8239761788644371 -1.365005623169874 0.6967229760662302
-0.6379600485168769 -1.170351332563819 1.11842958422175
-0.9266574364444856 -1.137126359400895 0.93586838724139
-0.8237192222672099 0.844770162712332 1.278847142960597
-0.5503059486007736 0.7595920991848825 1.46553171435848
-0.4644504436582955 1.424003330294559 -0.8854943820802115
0.006650286512171582 1.637037735935668 -0.5896297353525588
-0.7685053827938927 0.21659078703837 1.545990914458074
1.180041099238106 -1.110549677711048 -0.633863090457876
-1.163418084344348 -1.271970627109845 -0.2369579810648174
-0.986075921219894 -1.351773804290253 -0.4774535156693203
-1.388477324497839 -1.008845720143621 -0.2862883726301487
-1.011648146435433 -0.4966166423742422 -1.325722421297417
0.5278010594007161 -1.62601582448673 -0.3241891118070111
-1.40894259253154 -0.8423414570562 -0.5770109536871371
-1.476709874705808 0.4008400294988045 0.8284052249338811
0.06240145874448511 -1.547039169872213 -0.7939621306004813
0.09968607151233312 1.242676966758021 1.213843747537351
-0.1349321643527075 1.388340431819025 1.040146218759485
-0.7105861572522261 -1.019466704604871 -1.21793060201458
0.5970958506742823 1.158207756419758 1.153096413174833
-0.08366097184995222 -0.949201583679088 -1.455890516258085
-0.004971741728956483 1.737969192437707 -0.08389498150428547
0.326523542008836 1.703256451603706 -0.1410667805840694
0.362679887172721 1.630929017870237 -0.4859360432291528
1.188717713446231 1.222626433773517 -0.3460271682648871
0.7322056719054136 1.121427431781978 -1.110799428014085
-1.096203582832742 -1.191532198820276 0.6373293686620591
0.86243834924084 0.3251772426556627 1.475825143645952
0.4634845408971471 1.323461014607191 -1.030161649045559
1.591630209116205 0.660860977966352 0.239950089039497
1.353153121393483 1.090796927521202 0.08208954241179124
-0.2573310460507025 0.1793072576555932 -1.711499237537219
-0.1847361818574793 1.696233661070684 -0.3409749406678801
-1.366248046055622 0.2682691810009681 -1.043550632779389
-0.9827375316686224 -0.9969470735531866 -1.033403830253982
1.620329795714321 -0.5591703921947996 0.2990983544138973
0.2564386395595184 0.4636056968795466 1.657380156138504
1.089551341240922 -0.2791008778321746 1.327622150611166
-1.319293436387452 -0.7617028118896305 0.8407577862050504
-1.094768911230745 -0.8463885380082095 1.054849502882272
0.6167820573159792 0.601460706517482 1.511762187742688
-1.528493372063904 -0.8305582336238638 -0.0384841800786066
-1.219508215028771 -1.118868402421964 -0.5371528753893643
1.251826067383174 -1.204012778280205 -0.104329893884534
-1.440582421702217 0.09452116682321098 0.9712816457160883
0.01441097997696826 -1.674138913637234 -0.4739738616228159
0.5679128158057516 -1.26363014674886 1.052764876822473
0.1058540670777563 0.3355481880926106 -1.704054673404249
1.154312135481453 0.870144936440207 0.9685098262112335
1.381120361099993 0.5703661083208781 -0.8915094226276697
1.647733596923931 -0.2577318316411827 -0.4961333455100611
-1.144396649632976 1.192833275145256 0.5432357554644763
-0.2846607049284269 -1.716217290957991 -0.03415396443261907
0.01267324873522909 -1.204998280168013 1.25515677648596
-1.011272498826733 -1.194128030330619 -0.7609114142233978
1.645980355086743 0.5631834416109561 -0.03425028122159258
0.255702170113413 -1.693912168627328 -0.3047588639819265
-1.53719566278301 0.5070415459099189 -0.6383873158533003
-0.3958015109461389 -1.383906124326737 0.9776221166604722
-1.087729522912243 1.326061337709084 -0.2932674779417194
0.2817750466561942 -0.5523087493757397 -1.625779157341152
-0.9037683709564518 -0.7541100451235939 -1.281452602128698
-0.02801584581235687 -0.6883703243937206 -1.597798926297518
0.9219376749966797 -0.5233026840455073 -1.379777237198992
0.8118814497588724 -0.24762944620269 1.518923358471644
0.9692426028052611 0.8233148872394008 1.187569523588937
0.1739639886304505 1.420929719978745 0.9890880959454055
0.1023703625548457 1.705545493988137 -0.3289906941041793
-0.7490150856364379 1.550598506537461 0.2494407204384163
-1.714867884882005 -0.2935622610555427 -0.02548207770716876
-0.7294261152122448 0.2919623471006448 -1.552512650615722
-0.7762681071678548 -1.40341482518265 -0.6748589884202385
1.661956488600289 -0.5137066957020451 -0.04007568826962297
-0.6344300975225348 -0.8314664222722048 -1.39059772759465
0.2033571915283215 1.526698192593833 -0.8095915521943374
-1.627858002269508 -0.4351613036039773 0.4339504168598218
-0.596335881073711 0.4742732785339758 1.564304437829374
-1.531988649268639 -0.1370535676047892 0.8135275644493252
1.213293042197185 -0.9242931061914442 -0.8373781986670489
1.298564364702248 -1.093981196281211 -0.3801785539829634
-1.642401939954695 -0.5655836862073826 -0.1011482156497125
0.007238357630084557 0.1848550796252663 1.730137626235426
-0.3025154720720411 0.1363970517346285 1.708063299012987
1.530973311347414 0.5191455950883376 -0.6435903751939664
-0.889348732526543 1.349414616029073 0.6447782766196003
-1.171498269704745 -0.991059589727426 0.8203613189857826
-1.280886861999433 0.8884506352379399 -0.7730357789278236
0.3378473591714907 -1.163651445933475 1.248749163874708
0.4091496436417203 -0.9389744014973942 1.406600029304871
1.345823634186062 -0.2124557571267262 -1.082229780097521
0.6544370850043073 -0.4859932736052698 1.537245146286531
-0.6636150931964442 -1.329798327835304 0.9049040918065869
-0.7695155259175745 -1.50813156464769 -0.4012294095465936
0.2888134560428173 -0.7762762584228098 1.530222845933783
1.084798716853957 -0.6146769148178695 -1.213665536423439
0.9510301274553988 -0.8870600925642964 -1.155969761218687
0.3525513550231905 1.246237864510562 1.16198051925644
-0.5208906426328302 0.1487821126236277 -1.653522549401975
1.330593812352294 1.110374289405327 -0.1555282738199145
1.234076818495112 1.201079669948332 0.2491225250550145
-1.492192270495019 0.3383209803679811 -0.8285536446831714
1.645473969754721 -0.4594503819581509 -0.3300314551344297
3 1 0 163
1438
1439
1440
1441
1442
1443
1444
1445
1446
1447
1448
1449
1450
1451
1452
1453
1454
1455
1456
1457
1458
1459
1460
1461
1462
1463
1464
1465
1466
1467
1468
1469
1470
1471
1472
1473
1474
1475
1476
1477
1478
1479
1480
1481
1482
1483
1484
1485
1486
1487
1488
1489
1490
1491
1492
1493
1494
1495
1496
1497
1498
1499
1500
1501
1502
1503
1504
1505
1506
1507
1508
1509
1510
1511
1512
1513
1514
1515
1516
1517
1518
1519
1520
1521
1522
1523
1524
1525
1526
1527
1528
1529
1530
1531
1532
1533
1534
1535
1536
1537
1538
1539
1540
1541
1542
1543
1544
1545
1546
1547
1548
1549
1550
1551
1552
1553
1554
1555
1556
1557
1558
1559
1560
1561
1562
1563
1564
1565
1566
1567
1568
1569
1570
1571
1572
1573
1574
1575
1576
1577
1578
1579
1580
1581
1582
1583
1584
1585
1586
1587
1588
1589
1590
1591
1592
1593
1594
1595
1596
1597
1598
1599
1600
0.09602539845244148 1.083909658312407 -0.1013350715508712
-0.0374153010385377 1.053002018817683 0.3815986177716199
-0.3686264925287979 1.106860517096393 -0.3775601548445615
0.4557365107884984 1.140492796095256 0.3233153793897393
-0.447150212260762 1.176123252113978 0.1116902901884781
0.7884382600670204 0.9889953338974545 0.08903525581579146
1.109684179773682 0.5063478532342839 0.03957940063609061
1.121804121553127 -0.1225556472926431 0.0005937950764383082
1.153513852830549 0.116540838247034 -0.548101353233669
1.14060346836787 -0.2889651573422376 0.4728163751133768
1.108278076944065 -0.5692833927212533 -0.3158259634366769
1.067981759409389 -0.6520739838033563 0.1596563336937676
0.9275306233995739 -0.9237894822371602 -0.1275515797990744
0.4334581823864377 -1.102146791517895 -0.1308460033262818
-0.2763678248491488 -1.090254445961029 0.2011865163424128
-0.1009261483979427 -1.108371983933744 -0.4720068830851026
0.1338088558753494 -1.171972804762113 0.4707057508602383
-0.6393476793059001 -1.085077696995976 0.006545287010333917
-1.025501128477176 -0.7300099240855971 -0.02920049270586184
-1.097737846632973 -0.06354795221576674 -0.04685095202897693
-1.137515934371784 0.01274599550950001 0.5346681184101886
-1.121876745570823 0.2356196193637377 -0.4745431815758389
-1.123831807050441 -0.2345684649138561 -0.5839758474033743
-1.182405900374027 0.3750439762746231 0.1951867046591425
-0.4926526341349988 -1.087080138231199 0.4819450157358988
-0.4974982433513662 -1.077678539492192 -0.4071737976483411
0.5589200871611317 1.121513987671821 -0.2587933603334648
1.141118519603338 0.2202371807505666 0.4598276126693712
0.8906923822386958 0.4625 0.4625
0.844768440424436 -0.4875 -0.4875
0.8173465528405169 -0.9708784332087707 0.3165470741718966
1.013264111643921 -0.04288575113539304 0.8221577542769781
-1.032098318170903 0.6947388948230033 -0.3315319529018276
-0.7879726843211212 1.061484533348165 -0.1860316819052757
-1.189782033018782 -0.4606889613029611 0.284720773370068
-1.029882886955387 0.7935856664267811 0.1109218705557598
-0.8064297686634657 1.042946548817581 0.3645153254708291
0.7148219118934515 -0.2551900522905478 1.079531704463937
0.1100613181446232 -0.06395487694207094 1.117471316207181
-0.3119761955338003 0.2807836227806927 1.14096803015188
-0.2636292134868564 -0.4031006652512619 1.167223227317597
-0.6212096663091961 -0.09965522227933499 1.187978348406709
0.5828784317627858 0.1847124723920806 1.124834513102915
0.3121440582338831 -0.4883973668102119 1.157196835214484
-0.008964674670840028 -0.797840495035061 1.039679124215444
0.1081717115402866 0.4514158241492647 1.165437512260721
0.1710371666799754 0.8780442293974872 1.036072037520178
-1.085263272170478 0.4518670802009793 0.6227337520928186
-0.8326762734699671 0.4875 0.4875
-0.202946473528142 1.00803073089571 0.8421005903152037
-0.9902577126089526 0.09278502922998355 -0.8865011514739694
-0.7806495277854589 -0.2131817561551431 -1.103942712458168
-0.3762450594406448 -0.02914889308388013 -1.156832355755829
0.01575006006815763 0.4805223730223186 -1.187966116848513
0.4527256879869812 0.1150314596210629 -1.140484971352723
-0.5928029293456476 0.350486943989165 -1.108494133548552
0.1557898608024894 -0.3965587958128826 -1.201487784989836
-0.8398189423915279 0.1913862033337158 0.9603379952849499
0.02847741671684709 1.223669240153099 -0.6084313830206377
0.446506505982093 1.069891278618978 -0.6693868238105658
-1.026389286931597 -0.7249375115796984 -0.5028345138985845
-0.8687183768993564 -0.4526099551410626 -0.4186579159816997
0.4728452314403951 1.046622284008737 0.6879609409061745
1.085769040538205 -0.2137943490388705 -0.7299106139177799
-0.3765567091300728 -0.4081264340376521 -1.178447204056879
0.3113967373070627 -0.997389626368965 0.8258763676284665
0.8556140854142217 0.1791688016865126 0.1445295304313549
-0.01163737179619149 -1.003381100602537 -0.8602157458060639
-1.001293345036741 -0.696410152261709 0.5755933918396186
-0.8452767663056076 -0.5253803387695993 0.4162355361794381
0.9695733403219021 0.8503601324883308 -0.229534154506377
-0.3436850853918552 0.7016657290456674 1.096479977536437
-0.1684817397096324 -1.086924707321657 0.7643339837522485
0.5543444180712158 -0.3809364081640757 -1.108212286542114
1.007733048086483 0.3799516289302952 -0.8081474239779496
0.835499859052424 0.02249962207137696 -1.01805952388364
-1.274822406296339 -0.4073426291933784 -0.1716216718891654
0.3201620093726452 -1.153058655190567 -0.545599268749686
0.3053493404805125 -0.779350461891702 -1.128238512203118
-0.0001909080068956322 0.9314129855352971 -0.9351901894359198
-0.3571614298656425 0.7191378737668056 -1.0513069888521
0.9992166099058332 -0.6049726487086873 0.7038595319198899
0.8246389033090763 -0.477318002665589 0.5197948230094412
0.9233352014666643 0.361287610355459 0.9572447275071052
-1.002982666146413 0.5548259473076637 -0.7903446728098517
-0.8340623834896284 0.4678177174384265 -0.5129809089993494
0.8518883459517124 0.938873316154719 0.5125051420483432
-0.7105515074407392 0.5322244208790992 1.042874458547591
0.5062087669561266 -0.9482550766149529 -0.8394364721808882
-0.507971752187951 0.9928569546525615 -0.7628582705830264
-0.416688804699637 -0.8657481322244558 -0.9737580432986228
-0.9086422832144737 -0.3313045457477888 0.9452987538611355
-0.5714593210510444 -0.6335235788402621 1.047500549303587
0.8163286809137513 -0.9396684461161223 -0.5779740161217177
-0.9049181496321553 0.3797970905295869 -0.1344152363534572
0.8132959403337306 0.9427511957321253 -0.5842266935422042
0.4760479310466622 -1.240342280992268 0.2812857021783843
1.146322631304689 0.5397474001713225 -0.4672793726708677
0.8477593202364521 0.4875 -0.4875
-0.1242207088456193 1.381532547976518 0.027214212599445
-0.8529494610655746 -0.990393406311629 0.3630507324851032
1.317141352688324 0.2049728542831958 -0.1282525706591292
0.3510889091365976 0.7999776492986233 -1.075545750402678
0.6386712834315716 0.4021821176738976 -1.08183649269616
-0.9938786805662128 -0.4650234931345558 -0.847066201860002
1.291150031354871 -0.1905476374999051 -0.3467824918979351
-0.6118021925650291 0.9814916692873807 0.757086705472408
-0.831647979178415 0.9475282189555656 -0.5503692901878674
0.8925136183676079 -0.5258751037874557 -0.8788869688882803
-0.7192363787678577 -0.9507131628404586 -0.6969014270804521
0.9083840236823632 -0.144847024616256 -0.320705631642795
0.4337256165945118 -0.132954513061999 1.303602101503697
0.845299671670604 -0.1853737952627262 0.255271194450277
0.8234727601860433 0.7503460680461451 0.8561066432045843
0.5212878599385464 0.6047457625735931 1.093884609465572
0.6303271046366293 -1.012052198270765 0.6365498054153156
-1.370275993984881 0.04488106518330249 0.1945392828863164
-0.5156077230935154 -0.9456743493105374 0.8354806183995758
-0.4279254839919071 1.173709166482543 0.4889152898379925
0.0435990157519687 -1.344816329893686 -0.1172825077548935
-0.8848320113732984 -0.3733738997821592 -0.1255128975776284
-1.326403180215801 0.2325465732247329 -0.1459892349566215
0.8448218228431961 0.2141871673798868 -0.2295250659678885
-0.8836577646745996 -0.2344014149957708 0.2634543243477011
-0.8689107581030773 0.202183926335715 0.3000473523220116
-0.6557590564773939 -0.00757969113796398 -0.06526342213119196
-0.8652565125310685 -1.041591490982692 -0.310447079553885
-0.6850692158750472 -0.6036916735714178 -1.013455391109705
-0.9237159799000692 0.7805981176459517 0.7028865241060072
0.04839497264425408 -0.004773294154994587 -1.368995950223366
1.344087548219095 -0.3977896843171865 0.1116386437070491
0.3551817712479761 1.345190481095395 -0.04069645330282619
0.1406969433270409 1.143771631634061 0.7288266125647714
-1.124725089199655 -0.3605033104785346 0.6699293962828637
-0.3296444905658564 -1.346296513940941 -0.1777571301334401
-0.849336463272382 -0.02129502345107311 -0.3751749132585209
0.683392377905799 -1.176822747315929 -0.3632360578832693
0.05600941289403027 -0.9799191436551635 -0.1162279567258044
0.3012666074091238 -0.9280822965197542 0.2650088406732358
1.34173699015198 -0.03914030709710861 0.2870399967709907
-0.1842624473805257 -1.299989070910814 0.4341776176006222
0.693012202101433 0.8094289991531506 -0.9107865269985079
0.06656119869998411 -0.03865382591740023 -1.009632811576254
0.4198396912525597 -0.8071541791745593 1.090013546787597
0.7119287873341832 -0.7180655014414041 0.9862181292253647
-1.359790566437506 -0.08519733885748865 -0.3328284135264465
0.7109577868915449 -1.23191648334443 0.01253021146420911
-0.1157950521625045 -0.701372443714164 -1.156547885301513
-1.165639716503253 0.02933654653392533 0.8594820648866679
0.1451378124163028 1.379026317799015 0.258612471854721
0.3304566150146186 0.4431589680432892 -1.273477167382573
0.2702829679858385 0.9569270525930372 -0.3830067334926884
-1.263491126787126 0.5955510049166018 -0.07594024887029456
0.2304825886020194 0.1864091779070502 1.386081100305206
-0.1251405939849767 0.06144254147802458 1.384012746914664
1.170928200338883 0.6813350136359986 0.3598657313949767
-0.3056584200069838 0.3406355878326514 -1.322837204099824
-0.2663769234653071 0.3298442933152061 -0.9699834359835182
-0.3963162971953548 -1.102225930349793 -0.7237464660801651
0.04471853522339431 1.375961108276571 -0.2679249376134238
-0.07543646230155943 0.9191075472826262 -0.3564765687772158
-0.2353159955972923 -0.05229050710568828 1.073756936485359
0.3890146849649171 -0.2074623576195543 0.9664639956332988
$EndNodes
$Elements
26 9886 1 9886
1 201 1 47
1 3 42 
2 42 43 
3 43 44 
4 44 45 
5 45 46 
6 46 47 
7 47 48 
8 48 49 
9 49 50 
10 50 51 
11 51 52 
12 52 53 
13 53 54 
14 54 55 
15 55 56 
16 56 57 
17 57 58 
18 58 59 
19 59 60 
20 60 61 
21 61 62 
22 62 63 
23 63 64 
24 64 65 
25 65 66 
26 66 67 
27 67 68 
28 68 69 
29 69 70 
30 70 71 
31 71 72 
32 72 73 
33 73 74 
34 74 75 
35 75 76 
36 76 77 
37 77 78 
38 78 79 
39 79 80 
40 80 81 
41 81 82 
42 82 83 
43 83 84 
44 84 85 
45 85 86 
46 86 87 
47 87 4 
1 202 1 47
48 4 88 
49 88 89 
50 89 90 
51 90 91 
52 91 92 
53 92 93 
54 93 94 
55 94 95 
56 95 96 
57 96 97 
58 97 98 
59 98 99 
60 99 100 
61 100 101 
62 101 102 
63 102 103 
64 103 104 
65 104 105 
66 105 106 
67 106 107 
68 107 108 
69 108 109 
70 109 110 
71 110 111 
72 111 112 
73 112 113 
74 113 114 
75 114 115 
76 115 116 
77 116 117 
78 117 118 
79 118 119 
80 119 120 
81 120 121 
82 121 122 
83 122 123 
84 123 124 
85 124 125 
86 125 126 
87 126 127 
88 127 128 
89 128 129 
90 129 130 
91 130 131 
92 131 132 
93 132 133 
94 133 5 
1 203 1 47
95 5 134 
96 134 135 
97 135 136 
98 136 137 
99 137 138 
100 138 139 
101 139 140 
102 140 141 
103 141 142 
104 142 143 
105 143 144 
106 144 145 
107 145 146 
108 146 147 
109 147 148 
110 148 149 
111 149 150 
112 150 151 
113 151 152 
114 152 153 
115 153 154 
116 154 155 
117 155 156 
118 156 157 
119 157 158 
120 158 159 
121 159 160 
122 160 161 
123 161 162 
124 162 163 
125 163 164 
126 164 165 
127 165 166 
128 166 167 
129 167 168 
130 168 169 
131 169 170 
132 170 171 
133 171 172 
134 172 173 
135 173 174 
136 174 175 
137 175 176 
138 176 177 
139 177 178 
140 178 179 
141 179 6 
1 204 1 47
142 6 180 
143 180 181 
144 181 182 
145 182 183 
146 183 184 
147 184 185 
148 185 186 
149 186 187 
150 187 188 
151 188 189 
152 189 190 
153 190 191 
154 191 192 
155 192 193 
156 193 194 
157 194 195 
158 195 196 
159 196 197 
160 197 198 
161 198 199 
162 199 200 
163 200 201 
164 201 202 
165 202 203 
166 203 204 
167 204 205 
168 205 206 
169 206 207 
170 207 208 
171 208 209 
172 209 210 
173 210 211 
174 211 212 
175 212 213 
176 213 214 
177 214 215 
178 215 216 
179 216 217 
180 217 218 
181 218 219 
182 219 220 
183 220 221 
184 221 222 
185 222 223 
186 223 224 
187 224 225 
188 225 3 
1 211 1 47
189 7 226 
190 226 227 
191 227 228 
192 228 229 
193 229 230 
194 230 231 
195 231 232 
196 232 233 
197 233 234 
198 234 235 
199 235 236 
200 236 237 
201 237 238 
202 238 239 
203 239 240 
204 240 241 
205 241 242 
206 242 243 
207 243 244 
208 244 245 
209 245 246 
210 246 247 
211 247 248 
212 248 249 
213 249 250 
214 250 251 
215 251 252 
216 252 253 
217 253 254 
218 254 255 
219 255 256 
220 256 257 
221 257 258 
222 258 259 
223 259 260 
224 260 261 
225 261 262 
226 262 263 
227 263 264 
228 264 265 
229 265 266 
230 266 267 
231 267 268 
232 268 269 
233 269 270 
234 270 271 
235 271 8 
1 212 1 47
236 8 272 
237 272 273 
238 273 274 
239 274 275 
240 275 276 
241 276 277 
242 277 278 
243 278 279 
244 279 280 
245 280 281 
246 281 282 
247 282 283 
248 283 284 
249 284 285 
250 285 286 
251 286 287 
252 287 288 
253 288 289 
254 289 290 
255 290 291 
256 291 292 
257 292 293 
258 293 294 
259 294 295 
260 295 296 
261 296 297 
262 297 298 
263 298 299 
264 299 300 
265 300 301 
266 301 302 
267 302 303 
268 303 304 
269 304 305 
270 305 306 
271 306 307 
272 307 308 
273 308 309 
274 309 310 
275 310 311 
276 311 312 
277 312 313 
278 313 314 
279 314 315 
280 315 316 
281 316 317 
282 317 9 
1 213 1 47
283 9 318 
284 318 319 
285 319 320 
286 320 321 
287 321 322 
288 322 323 
289 323 324 
290 324 325 
291 325 326 
292 326 327 
293 327 328 
294 328 329 
295 329 330 
296 330 331 
297 331 332 
298 332 333 
299 333 334 
300 334 335 
301 335 336 
302 336 337 
303 337 338 
304 338 339 
305 339 340 
306 340 341 
307 341 342 
308 342 343 
309 343 344 
310 344 345 
311 345 346 
312 346 347 
313 347 348 
314 348 349 
315 349 350 
316 350 351 
317 351 352 
318 352 353 
319 353 354 
320 354 355 
321 355 356 
322 356 357 
323 357 358 
324 358 359 
325 359 360 
326 360 361 
327 361 362 
328 362 363 
329 363 10 
1 214 1 47
330 10 364 
331 364 365 
332 365 366 
333 366 367 
334 367 368 
335 368 369 
336 369 370 
337 370 371 
338 371 372 
339 372 373 
340 373 374 
341 374 375 
342 375 376 
343 376 377 
344 377 378 
345 378 379 
346 379 380 
347 380 381 
348 381 382 
349 382 383 
350 383 384 
351 384 385 
352 385 386 
353 386 387 
354 387 388 
355 388 389 
356 389 390 
357 390 391 
358 391 392 
359 392 393 
360 393 394 
361 394 395 
362 395 396 
363 396 397 
364 397 398 
365 398 399 
366 399 400 
367 400 401 
368 401 402 
369 402 403 
370 403 404 
371 404 405 
372 405 406 
373 406 407 
374 407 408 
375 408 409 
376 409 7 
1 221 1 40
377 11 410 
378 410 411 
379 411 412 
380 412 413 
381 413 414 
382 414 415 
383 415 416 
384 416 417 
385 417 418 
386 418 419 
387 419 420 
388 420 421 
389 421 422 
390 422 423 
391 423 424 
392 424 425 
393 425 426 
394 426 427 
395 427 428 
396 428 429 
397 429 430 
398 430 431 
399 431 432 
400 432 433 
401 433 434 
402 434 435 
403 435 436 
404 436 437 
405 437 438 
406 438 439 
407 439 440 
408 440 441 
409 441 442 
410 442 443 
411 443 444 
412 444 445 
413 445 446 
414 446 447 
415 447 448 
416 448 12 
1 222 1 40
417 12 449 
418 449 450 
419 450 451 
420 451 452 
421 452 453 
422 453 454 
423 454 455 
424 455 456 
425 456 457 
426 457 458 
427 458 459 
428 459 460 
429 460 461 
430 461 462 
431 462 463 
432 463 464 
433 464 465 
434 465 466 
435 466 467 
436 467 468 
437 468 469 
438 469 470 
439 470 471 
440 471 472 
441 472 473 
442 473 474 
443 474 475 
444 475 476 
445 476 477 
446 477 478 
447 478 479 
448 479 480 
449 480 481 
450 481 482 
451 482 483 
452 483 484 
453 484 485 
454 485 486 
455 486 487 
456 487 13 
1 223 1 40
457 13 488 
458 488 489 
459 489 490 
460 490 491 
461 491 492 
462 492 493 
463 493 494 
464 494 495 
465 495 496 
466 496 497 
467 497 498 
468 498 499 
469 499 500 
470 500 501 
471 501 502 
472 502 503 
473 503 504 
474 504 505 
475 505 506 
476 506 507 
477 507 508 
478 508 509 
479 509 510 
480 510 511 
481 511 512 
482 512 513 
483 513 514 
484 514 515 
485 515 516 
486 516 517 
487 517 518 
488 518 519 
489 519 520 
490 520 521 
491 521 522 
492 522 523 
493 523 524 
494 524 525 
495 525 526 
496 526 14 
1 224 1 40
497 14 527 
498 527 528 
499 528 529 
500 529 530 
501 530 531 
502 531 532 
503 532 533 
504 533 534 
505 534 535 
506 535 536 
507 536 537 
508 537 538 
509 538 539 
510 539 540 
511 540 541 
512 541 542 
513 542 543 
514 543 544 
515 544 545 
516 545 546 
517 546 547 
518 547 548 
519 548 549 
520 549 550 
521 550 551 
522 551 552 
523 552 553 
524 553 554 
525 554 555 
526 555 556 
527 556 557 
528 557 558 
529 558 559 
530 559 560 
531 560 561 
532 561 562 
533 562 563 
534 563 564 
535 564 565 
536 565 11 
1 231 1 40
537 15 566 
538 566 567 
539 567 568 
540 568 569 
541 569 570 
542 570 571 
543 571 572 
544 572 573 
545 573 574 
546 574 575 
547 575 576 
548 576 577 
549 577 578 
550 578 579 
551 579 580 
552 580 581 
553 581 582 
554 582 583 
555 583 584 
556 584 585 
557 585 586 
558 586 587 
559 587 588 
560 588 589 
561 589 590 
562 590 591 
563 591 592 
564 592 593 
565 593 594 
566 594 595 
567 595 596 
568 596 597 
569 597 598 
570 598 599 
571 599 600 
572 600 601 
573 601 602 
574 602 603 
575 603 604 
576 604 16 
1 232 1 40
577 16 605 
578 605 606 
579 606 607 
580 607 608 
581 608 609 
582 609 610 
583 610 611 
584 611 612 
585 612 613 
586 613 614 
587 614 615 
588 615 616 
589 616 617 
590 617 618 
591 618 619 
592 619 620 
593 620 621 
594 621 622 
595 622 623 
596 623 624 
597 624 625 
598 625 626 
599 626 627 
600 627 628 
601 628 629 
602 629 630 
603 630 631 
604 631 632 
605 632 633 
606 633 634 
607 634 635 
608 635 636 
609 636 637 
610 637 638 
611 638 639 
612 639 640 
613 640 641 
614 641 642 
615 642 643 
616 643 17 
1 233 1 40
617 17 644 
618 644 645 
619 645 646 
620 646 647 
621 647 648 
622 648 649 
623 649 650 
624 650 651 
625 651 652 
626 652 653 
627 653 654 
628 654 655 
629 655 656 
630 656 657 
631 657 658 
632 658 659 
633 659 660 
634 660 661 
635 661 662 
636 662 663 
637 663 664 
638 664 665 
639 665 666 
640 666 667 
641 667 668 
642 668 669 
643 669 670 
644 670 671 
645 671 672 
646 672 673 
647 673 674 
648 674 675 
649 675 676 
650 676 677 
651 677 678 
652 678 679 
653 679 680 
654 680 681 
655 681 682 
656 682 18 
1 234 1 40
657 18 683 
658 683 684 
659 684 685 
660 685 686 
661 686 687 
662 687 688 
663 688 689 
664 689 690 
665 690 691 
666 691 692 
667 692 693 
668 693 694 
669 694 695 
670 695 696 
671 696 697 
672 697 698 
673 698 699 
674 699 700 
675 700 701 
676 701 702 
677 702 703 
678 703 704 
679 704 705 
680 705 706 
681 706 707 
682 707 708 
683 708 709 
684 709 710 
685 710 711 
686 711 712 
687 712 713 
688 713 714 
689 714 715 
690 715 716 
691 716 717 
692 717 718 
693 718 719 
694 719 720 
695 720 721 
696 721 15 
1 241 1 44
697 19 722 
698 722 723 
699 723 724 
700 724 725 
701 725 726 
702 726 727 
703 727 728 
704 728 729 
705 729 730 
706 730 731 
707 731 732 
708 732 733 
709 733 734 
710 734 735 
711 735 736 
712 736 737 
713 737 738 
714 738 739 
715 739 740 
716 740 741 
717 741 742 
718 742 743 
719 743 744 
720 744 745 
721 745 746 
722 746 747 
723 747 748 
724 748 749 
725 749 750 
726 750 751 
727 751 752 
728 752 753 
729 753 754 
730 754 755 
731 755 756 
732 756 757 
733 757 758 
734 758 759 
735 759 760 
736 760 761 
737 761 762 
738 762 763 
739 763 764 
740 764 20 
1 242 1 44
741 20 765 
742 765 766 
743 766 767 
744 767 768 
745 768 769 
746 769 770 
747 770 771 
748 771 772 
749 772 773 
750 773 774 
751 774 775 
752 775 776 
753 776 777 
754 777 778 
755 778 779 
756 779 780 
757 780 781 
758 781 782 
759 782 783 
760 783 784 
761 784 785 
762 785 786 
763 786 787 
764 787 788 
765 788 789 
766 789 790 
767 790 791 
768 791 792 
769 792 793 
770 793 794 
771 794 795 
772 795 796 
773 796 797 
774 797 798 
775 798 799 
776 799 800 
777 800 801 
778 801 802 
779 802 803 
780 803 804 
781 804 805 
782 805 806 
783 806 807 
784 807 21 
1 243 1 44
785 21 808 
786 808 809 
787 809 810 
788 810 811 
789 811 812 
790 812 813 
791 813 814 
792 814 815 
793 815 816 
794 816 817 
795 817 818 
796 818 819 
797 819 820 
798 820 821 
799 821 822 
800 822 823 
801 823 824 
802 824 825 
803 825 826 
804 826 827 
805 827 828 
806 828 829 
807 829 830 
808 830 831 
809 831 832 
810 832 833 
811 833 834 
812 834 835 
813 835 836 
814 836 837 
815 837 838 
816 838 839 
817 839 840 
818 840 841 
819 841 842 
820 842 843 
821 843 844 
822 844 845 
823 845 846 
824 846 847 
825 847 848 
826 848 849 
827 849 850 
828 850 22 
1 244 1 44
829 22 851 
830 851 852 
831 852 853 
832 853 854 
833 854 855 
834 855 856 
835 856 857 
836 857 858 
837 858 859 
838 859 860 
839 860 861 
840 861 862 
841 862 863 
842 863 864 
843 864 865 
844 865 866 
845 866 867 
846 867 868 
847 868 869 
848 869 870 
849 870 871 
850 871 872 
851 872 873 
852 873 874 
853 874 875 
854 875 876 
855 876 877 
856 877 878 
857 878 879 
858 879 880 
859 880 881 
860 881 882 
861 882 883 
862 883 884 
863 884 885 
864 885 886 
865 886 887 
866 887 888 
867 888 889 
868 889 890 
869 890 891 
870 891 892 
871 892 893 
872 893 19 
1 251 1 44
873 23 894 
874 894 895 
875 895 896 
876 896 897 
877 897 898 
878 898 899 
879 899 900 
880 900 901 
881 901 902 
882 902 903 
883 903 904 
884 904 905 
885 905 906 
886 906 907 
887 907 908 
888 908 909 
889 909 910 
890 910 911 
891 911 912 
892 912 913 
893 913 914 
894 914 915 
895 915 916 
896 916 917 
897 917 918 
898 918 919 
899 919 920 
900 920 921 
901 921 922 
902 922 923 
903 923 924 
904 924 925 
905 925 926 
906 926 927 
907 927 928 
908 928 929 
909 929 930 
910 930 931 
911 931 932 
912 932 933 
913 933 934 
914 934 935 
915 935 936 
916 936 24 
1 252 1 44
917 24 937 
918 937 938 
919 938 939 
920 939 940 
921 940 941 
922 941 942 
923 942 943 
924 943 944 
925 944 945 
926 945 946 
927 946 947 
928 947 948 
929 948 949 
930 949 950 
931 950 951 
932 951 952 
933 952 953 
934 953 954 
935 954 955 
936 955 956 
937 956 957 
938 957 958 
939 958 959 
940 959 960 
941 960 961 
942 961 962 
943 962 963 
944 963 964 
945 964 965 
946 965 966 
947 966 967 
948 967 968 
949 968 969 
950 969 970 
951 970 971 
952 971 972 
953 972 973 
954 973 974 
955 974 975 
956 975 976 
957 976 977 
958 977 978 
959 978 979 
960 979 25 
1 253 1 44
961 25 980 
962 980 981 
963 981 982 
964 982 983 
965 983 984 
966 984 985 
967 985 986 
968 986 987 
969 987 988 
970 988 989 
971 989 990 
972 990 991 
973 991 992 
974 992 993 
975 993 994 
976 994 995 
977 995 996 
978 996 997 
979 997 998 
980 998 999 
981 999 1000 
982 1000 1001 
983 1001 1002 
984 1002 1003 
985 1003 1004 
986 1004 1005 
987 1005 1006 
988 1006 1007 
989 1007 1008 
990 1008 1009 
991 1009 1010 
992 1010 1011 
993 1011 1012 
994 1012 1013 
995 1013 1014 
996 1014 1015 
997 1015 1016 
998 1016 1017 
999 1017 1018 
1000 1018 1019 
1001 1019 1020 
1002 1020 1021 
1003 1021 1022 
1004 1022 26 
1 254 1 44
1005 26 1023 
1006 1023 1024 
1007 1024 1025 
1008 1025 1026 
1009 1026 1027 
1010 1027 1028 
1011 1028 1029 
1012 1029 1030 
1013 1030 1031 
1014 1031 1032 
1015 1032 1033 
1016 1033 1034 
1017 1034 1035 
1018 1035 1036 
1019 1036 1037 
1020 1037 1038 
1021 1038 1039 
1022 1039 1040 
1023 1040 1041 
1024 1041 1042 
1025 1042 1043 
1026 1043 1044 
1027 1044 1045 
1028 1045 1046 
1029 1046 1047 
1030 1047 1048 
1031 1048 1049 
1032 1049 1050 
1033 1050 1051 
1034 1051 1052 
1035 1052 1053 
1036 1053 1054 
1037 1054 1055 
1038 1055 1056 
1039 1056 1057 
1040 1057 1058 
1041 1058 1059 
1042 1059 1060 
1043 1060 1061 
1044 1061 1062 
1045 1062 1063 
1046 1063 1064 
1047 1064 1065 
1048 1065 23 
2 1 2 774
1049 1 1309 41 
1050 41 1417 1 
1051 1294 1309 1 
1052 1 1417 1294 
1053 27 1073 2 
1054 2 1383 27 
1055 1073 1266 2 
1056 1266 1367 2 
1057 1367 1383 2 
1058 27 1066 28 
1059 28 1313 27 
1060 27 1383 1066 
1061 27 1313 1073 
1062 28 1080 29 
1063 29 1269 28 
1064 1066 1080 28 
1065 1269 1313 28 
1066 30 1072 29 
1067 29 1076 30 
1068 1072 1269 29 
1069 29 1080 1076 
1070 30 1304 31 
1071 31 1425 30 
1072 30 1425 1072 
1073 1076 1304 30 
1074 31 1067 32 
1075 32 1079 31 
1076 31 1304 1067 
1077 1079 1425 31 
1078 32 1296 33 
1079 33 1386 32 
1080 1067 1296 32 
1081 32 1386 1079 
1082 34 1069 33 
1083 33 1078 34 
1084 1069 1386 33 
1085 33 1296 1078 
1086 34 1312 35 
1087 35 1318 34 
1088 34 1318 1069 
1089 1078 1312 34 
1090 35 1070 36 
1091 36 1077 35 
1092 35 1312 1070 
1093 1077 1318 35 
1094 37 1084 36 
1095 36 1314 37 
1096 1070 1314 36 
1097 36 1084 1077 
1098 38 1068 37 
1099 37 1074 38 
1100 1068 1084 37 
1101 37 1314 1074 
1102 38 1316 39 
1103 39 1373 38 
1104 38 1373 1068 
1105 1074 1316 38 
1106 39 1363 40 
1107 40 1400 39 
1108 1316 1363 39 
1109 39 1400 1373 
1110 40 1071 41 
1111 41 1075 40 
1112 40 1363 1071 
1113 1075 1400 40 
1114 1071 1372 41 
1115 41 1309 1075 
1116 1372 1417 41 
1117 1066 1083 1080 
1118 1066 1143 1083 
1119 1066 1383 1143 
1120 1067 1419 1296 
1121 1304 1385 1067 
1122 1385 1419 1067 
1123 1068 1085 1084 
1124 1068 1154 1085 
1125 1068 1373 1154 
1126 1318 1408 1069 
1127 1069 1437 1386 
1128 1408 1437 1069 
1129 1288 1314 1070 
1130 1070 1365 1288 
1131 1312 1365 1070 
1132 1363 1376 1071 
1133 1071 1376 1372 
1134 1072 1399 1269 
1135 1072 1425 1302 
1136 1302 1430 1072 
1137 1072 1430 1399 
1138 1073 1284 1266 
1139 1073 1398 1284 
1140 1313 1396 1073 
1141 1396 1398 1073 
1142 1074 1314 1289 
1143 1289 1315 1074 
1144 1315 1316 1074 
1145 1309 1311 1075 
1146 1311 1426 1075 
1147 1075 1426 1400 
1148 1080 1081 1076 
1149 1081 1082 1076 
1150 1082 1304 1076 
1151 1084 1319 1077 
1152 1077 1371 1318 
1153 1319 1371 1077 
1154 1078 1296 1280 
1155 1280 1391 1078 
1156 1078 1391 1312 
1157 1300 1301 1079 
1158 1079 1386 1300 
1159 1301 1302 1079 
1160 1302 1425 1079 
1161 1080 1083 1081 
1162 1081 1086 1082 
1163 1083 1287 1081 
1164 1081 1287 1086 
1165 1086 1087 1082 
1166 1087 1385 1082 
1167 1082 1385 1304 
1168 1143 1144 1083 
1169 1144 1287 1083 
1170 1085 1319 1084 
1171 1154 1159 1085 
1172 1159 1161 1085 
1173 1161 1319 1085 
1174 1086 1088 1087 
1175 1086 1361 1088 
1176 1287 1361 1086 
1177 1088 1089 1087 
1178 1089 1251 1087 
1179 1251 1385 1087 
1180 1088 1090 1089 
1181 1088 1091 1090 
1182 1088 1361 1091 
1183 1090 1360 1089 
1184 1089 1252 1251 
1185 1089 1360 1252 
1186 1091 1092 1090 
1187 1092 1093 1090 
1188 1093 1360 1090 
1189 1091 1226 1092 
1190 1091 1364 1226 
1191 1361 1364 1091 
1192 1092 1094 1093 
1193 1092 1359 1094 
1194 1226 1359 1092 
1195 1094 1095 1093 
1196 1095 1138 1093 
1197 1138 1360 1093 
1198 1094 1096 1095 
1199 1094 1358 1096 
1200 1094 1359 1358 
1201 1096 1097 1095 
1202 1097 1330 1095 
1203 1095 1330 1138 
1204 1096 1098 1097 
1205 1096 1099 1098 
1206 1096 1358 1099 
1207 1098 1130 1097 
1208 1130 1134 1097 
1209 1134 1330 1097 
1210 1099 1100 1098 
1211 1100 1334 1098 
1212 1098 1334 1130 
1213 1099 1101 1100 
1214 1099 1357 1101 
1215 1099 1358 1357 
1216 1101 1102 1100 
1217 1102 1333 1100 
1218 1333 1334 1100 
1219 1101 1103 1102 
1220 1101 1105 1103 
1221 1101 1357 1105 
1222 1103 1104 1102 
1223 1104 1106 1102 
1224 1106 1333 1102 
1225 1103 1404 1104 
1226 1105 1112 1103 
1227 1112 1404 1103 
1228 1104 1107 1106 
1229 1104 1420 1107 
1230 1104 1404 1308 
1231 1308 1420 1104 
1232 1105 1113 1112 
1233 1105 1368 1113 
1234 1357 1368 1105 
1235 1107 1108 1106 
1236 1108 1353 1106 
1237 1106 1353 1333 
1238 1107 1109 1108 
1239 1107 1110 1109 
1240 1107 1420 1110 
1241 1109 1135 1108 
1242 1135 1136 1108 
1243 1136 1353 1108 
1244 1110 1111 1109 
1245 1111 1338 1109 
1246 1109 1338 1135 
1247 1110 1115 1111 
1248 1110 1387 1115 
1249 1110 1420 1387 
1250 1115 1116 1111 
1251 1116 1120 1111 
1252 1120 1338 1111 
1253 1113 1114 1112 
1254 1114 1151 1112 
1255 1151 1404 1112 
1256 1113 1118 1114 
1257 1113 1146 1118 
1258 1113 1368 1146 
1259 1118 1119 1114 
1260 1119 1395 1114 
1261 1114 1395 1151 
1262 1115 1117 1116 
1263 1115 1156 1117 
1264 1115 1387 1156 
1265 1117 1350 1116 
1266 1116 1121 1120 
1267 1116 1350 1121 
1268 1156 1157 1117 
1269 1157 1158 1117 
1270 1158 1350 1117 
1271 1118 1122 1119 
1272 1118 1340 1122 
1273 1146 1340 1118 
1274 1122 1123 1119 
1275 1123 1137 1119 
1276 1137 1395 1119 
1277 1121 1126 1120 
1278 1126 1244 1120 
1279 1244 1338 1120 
1280 1121 1165 1126 
1281 1121 1380 1165 
1282 1350 1380 1121 
1283 1122 1124 1123 
1284 1122 1133 1124 
1285 1122 1340 1133 
1286 1124 1125 1123 
1287 1125 1422 1123 
1288 1123 1422 1137 
1289 1124 1127 1125 
1290 1124 1320 1127 
1291 1133 1320 1124 
1292 1127 1128 1125 
1293 1128 1129 1125 
1294 1129 1422 1125 
1295 1165 1183 1126 
1296 1183 1342 1126 
1297 1126 1342 1244 
1298 1127 1131 1128 
1299 1127 1305 1131 
1300 1127 1320 1305 
1301 1128 1369 1129 
1302 1131 1132 1128 
1303 1132 1369 1128 
1304 1129 1393 1298 
1305 1298 1422 1129 
1306 1369 1436 1129 
1307 1129 1436 1393 
1308 1130 1142 1134 
1309 1130 1230 1142 
1310 1130 1334 1230 
1311 1131 1139 1132 
1312 1131 1406 1139 
1313 1305 1406 1131 
1314 1139 1140 1132 
1315 1140 1141 1132 
1316 1141 1369 1132 
1317 1277 1321 1133 
1318 1133 1340 1277 
1319 1133 1321 1320 
1320 1142 1152 1134 
1321 1152 1245 1134 
1322 1245 1330 1134 
1323 1135 1147 1136 
1324 1135 1339 1147 
1325 1338 1339 1135 
1326 1147 1149 1136 
1327 1149 1352 1136 
1328 1352 1353 1136 
1329 1137 1298 1278 
1330 1278 1299 1137 
1331 1137 1422 1298 
1332 1299 1395 1137 
1333 1330 1435 1138 
1334 1138 1434 1360 
1335 1366 1434 1138 
1336 1138 1435 1366 
1337 1139 1145 1140 
1338 1139 1148 1145 
1339 1139 1406 1148 
1340 1140 1164 1141 
1341 1145 1347 1140 
1342 1140 1347 1164 
1343 1164 1188 1141 
1344 1188 1291 1141 
1345 1291 1369 1141 
1346 1142 1153 1152 
1347 1142 1355 1153 
1348 1230 1355 1142 
1349 1143 1150 1144 
1350 1143 1233 1150 
1351 1143 1383 1233 
1352 1150 1155 1144 
1353 1155 1231 1144 
1354 1231 1287 1144 
1355 1148 1228 1145 
1356 1228 1256 1145 
1357 1256 1347 1145 
1358 1286 1340 1146 
1359 1146 1341 1286 
1360 1146 1368 1341 
1361 1147 1236 1149 
1362 1147 1237 1236 
1363 1147 1339 1237 
1364 1148 1266 1228 
1365 1148 1433 1266 
1366 1406 1433 1148 
1367 1236 1249 1149 
1368 1249 1250 1149 
1369 1250 1352 1149 
1370 1150 1321 1155 
1371 1233 1234 1150 
1372 1234 1321 1150 
1373 1299 1307 1151 
1374 1151 1395 1299 
1375 1307 1308 1151 
1376 1308 1404 1151 
1377 1153 1384 1152 
1378 1152 1246 1245 
1379 1152 1384 1246 
1380 1153 1355 1274 
1381 1274 1401 1153 
1382 1153 1401 1384 
1383 1154 1199 1159 
1384 1154 1270 1199 
1385 1154 1373 1270 
1386 1155 1263 1231 
1387 1155 1277 1263 
1388 1155 1321 1277 
1389 1156 1306 1157 
1390 1156 1307 1306 
1391 1156 1387 1307 
1392 1157 1160 1158 
1393 1157 1229 1160 
1394 1157 1306 1229 
1395 1160 1163 1158 
1396 1163 1265 1158 
1397 1265 1350 1158 
1398 1159 1162 1161 
1399 1159 1322 1162 
1400 1199 1322 1159 
1401 1160 1323 1163 
1402 1229 1242 1160 
1403 1242 1323 1160 
1404 1162 1166 1161 
1405 1166 1241 1161 
1406 1241 1319 1161 
1407 1162 1167 1166 
1408 1162 1168 1167 
1409 1162 1322 1168 
1410 1163 1268 1265 
1411 1163 1279 1268 
1412 1163 1323 1279 
1413 1164 1210 1188 
1414 1164 1211 1210 
1415 1164 1347 1211 
1416 1165 1186 1183 
1417 1165 1222 1186 
1418 1165 1380 1222 
1419 1167 1324 1166 
1420 1166 1243 1241 
1421 1166 1324 1243 
1422 1168 1169 1167 
1423 1169 1170 1167 
1424 1170 1324 1167 
1425 1168 1325 1169 
1426 1322 1382 1168 
1427 1168 1382 1325 
1428 1169 1171 1170 
1429 1169 1172 1171 
1430 1169 1325 1172 
1431 1171 1191 1170 
1432 1191 1192 1170 
1433 1192 1324 1170 
1434 1172 1173 1171 
1435 1173 1329 1171 
1436 1171 1329 1191 
1437 1172 1174 1173 
1438 1172 1194 1174 
1439 1172 1325 1194 
1440 1174 1175 1173 
1441 1175 1176 1173 
1442 1176 1329 1173 
1443 1174 1177 1175 
1444 1174 1328 1177 
1445 1194 1328 1174 
1446 1175 1388 1176 
1447 1177 1178 1175 
1448 1178 1388 1175 
1449 1276 1381 1176 
1450 1176 1388 1276 
1451 1176 1392 1329 
1452 1381 1392 1176 
1453 1177 1179 1178 
1454 1177 1180 1179 
1455 1177 1328 1180 
1456 1179 1181 1178 
1457 1181 1292 1178 
1458 1292 1388 1178 
1459 1180 1335 1179 
1460 1179 1182 1181 
1461 1179 1335 1182 
1462 1328 1394 1180 
1463 1180 1427 1335 
1464 1394 1427 1180 
1465 1182 1184 1181 
1466 1184 1185 1181 
1467 1185 1292 1181 
1468 1182 1189 1184 
1469 1182 1362 1189 
1470 1335 1362 1182 
1471 1186 1187 1183 
1472 1187 1190 1183 
1473 1190 1342 1183 
1474 1184 1344 1185 
1475 1189 1195 1184 
1476 1195 1344 1184 
1477 1185 1428 1292 
1478 1344 1345 1185 
1479 1345 1428 1185 
1480 1186 1332 1187 
1481 1222 1240 1186 
1482 1240 1332 1186 
1483 1187 1196 1190 
1484 1187 1197 1196 
1485 1187 1332 1197 
1486 1210 1212 1188 
1487 1212 1215 1188 
1488 1215 1291 1188 
1489 1189 1213 1195 
1490 1189 1223 1213 
1491 1189 1362 1223 
1492 1196 1294 1190 
1493 1294 1295 1190 
1494 1295 1342 1190 
1495 1191 1193 1192 
1496 1191 1348 1193 
1497 1329 1348 1191 
1498 1193 1200 1192 
1499 1200 1379 1192 
1500 1192 1379 1324 
1501 1193 1201 1200 
1502 1193 1202 1201 
1503 1193 1348 1202 
1504 1325 1326 1194 
1505 1326 1327 1194 
1506 1327 1328 1194 
1507 1213 1377 1195 
1508 1195 1346 1344 
1509 1195 1377 1346 
1510 1197 1198 1196 
1511 1198 1310 1196 
1512 1196 1310 1294 
1513 1197 1205 1198 
1514 1197 1206 1205 
1515 1197 1332 1206 
1516 1205 1207 1198 
1517 1207 1238 1198 
1518 1238 1310 1198 
1519 1270 1271 1199 
1520 1271 1272 1199 
1521 1272 1322 1199 
1522 1201 1343 1200 
1523 1343 1415 1200 
1524 1200 1415 1379 
1525 1202 1203 1201 
1526 1203 1214 1201 
1527 1214 1343 1201 
1528 1202 1204 1203 
1529 1202 1248 1204 
1530 1202 1348 1248 
1531 1204 1208 1203 
1532 1208 1331 1203 
1533 1203 1331 1214 
1534 1204 1209 1208 
1535 1204 1351 1209 
1536 1248 1351 1204 
1537 1206 1336 1205 
1538 1205 1260 1207 
1539 1205 1336 1260 
1540 1332 1375 1206 
1541 1206 1337 1336 
1542 1206 1375 1337 
1543 1207 1239 1238 
1544 1207 1389 1239 
1545 1260 1389 1207 
1546 1209 1216 1208 
1547 1216 1219 1208 
1548 1219 1331 1208 
1549 1209 1217 1216 
1550 1209 1218 1217 
1551 1209 1351 1218 
1552 1211 1221 1210 
1553 1210 1349 1212 
1554 1221 1349 1210 
1555 1211 1370 1221 
1556 1347 1397 1211 
1557 1211 1397 1370 
1558 1212 1220 1215 
1559 1212 1257 1220 
1560 1212 1349 1257 
1561 1223 1227 1213 
1562 1227 1261 1213 
1563 1261 1377 1213 
1564 1303 1414 1214 
1565 1214 1431 1303 
1566 1331 1431 1214 
1567 1214 1414 1343 
1568 1220 1290 1215 
1569 1215 1290 1275 
1570 1275 1291 1215 
1571 1217 1356 1216 
1572 1216 1253 1219 
1573 1216 1356 1253 
1574 1218 1224 1217 
1575 1224 1225 1217 
1576 1225 1356 1217 
1577 1218 1232 1224 
1578 1218 1235 1232 
1579 1218 1351 1235 
1580 1253 1254 1219 
1581 1254 1255 1219 
1582 1255 1331 1219 
1583 1257 1416 1220 
1584 1220 1405 1290 
1585 1220 1416 1405 
1586 1221 1378 1349 
1587 1370 1390 1221 
1588 1221 1390 1378 
1589 1222 1293 1240 
1590 1222 1413 1293 
1591 1380 1413 1222 
1592 1223 1374 1227 
1593 1362 1421 1223 
1594 1223 1421 1374 
1595 1224 1354 1225 
1596 1232 1262 1224 
1597 1262 1354 1224 
1598 1285 1356 1225 
1599 1225 1409 1285 
1600 1354 1409 1225 
1601 1226 1410 1359 
1602 1364 1410 1226 
1603 1227 1411 1261 
1604 1227 1374 1293 
1605 1293 1411 1227 
1606 1228 1285 1256 
1607 1266 1284 1228 
1608 1284 1285 1228 
1609 1229 1258 1242 
1610 1229 1278 1258 
1611 1229 1306 1278 
1612 1334 1402 1230 
1613 1230 1432 1355 
1614 1402 1432 1230 
1615 1263 1364 1231 
1616 1231 1361 1287 
1617 1231 1364 1361 
1618 1235 1267 1232 
1619 1232 1407 1262 
1620 1267 1407 1232 
1621 1233 1273 1234 
1622 1233 1367 1273 
1623 1233 1383 1367 
1624 1273 1305 1234 
1625 1305 1320 1234 
1626 1320 1321 1234 
1627 1235 1276 1267 
1628 1235 1381 1276 
1629 1351 1381 1235 
1630 1237 1297 1236 
1631 1236 1372 1249 
1632 1297 1372 1236 
1633 1295 1297 1237 
1634 1237 1412 1295 
1635 1339 1412 1237 
1636 1239 1429 1238 
1637 1309 1310 1238 
1638 1238 1311 1309 
1639 1238 1429 1311 
1640 1389 1423 1239 
1641 1423 1424 1239 
1642 1424 1429 1239 
1643 1293 1374 1240 
1644 1240 1375 1332 
1645 1374 1375 1240 
1646 1243 1259 1241 
1647 1259 1371 1241 
1648 1241 1371 1319 
1649 1258 1275 1242 
1650 1275 1290 1242 
1651 1290 1323 1242 
1652 1243 1264 1259 
1653 1243 1379 1264 
1654 1324 1379 1243 
1655 1244 1339 1338 
1656 1244 1412 1339 
1657 1342 1412 1244 
1658 1246 1247 1245 
1659 1247 1435 1245 
1660 1245 1435 1330 
1661 1246 1288 1247 
1662 1246 1289 1288 
1663 1246 1384 1289 
1664 1247 1365 1281 
1665 1281 1366 1247 
1666 1288 1365 1247 
1667 1366 1435 1247 
1668 1348 1392 1248 
1669 1248 1381 1351 
1670 1248 1392 1381 
1671 1249 1274 1250 
1672 1249 1376 1274 
1673 1372 1376 1249 
1674 1274 1355 1250 
1675 1250 1432 1352 
1676 1355 1432 1250 
1677 1252 1280 1251 
1678 1280 1419 1251 
1679 1251 1419 1385 
1680 1252 1281 1280 
1681 1252 1434 1281 
1682 1360 1434 1252 
1683 1253 1396 1254 
1684 1356 1398 1253 
1685 1253 1398 1396 
1686 1254 1399 1255 
1687 1254 1313 1269 
1688 1269 1399 1254 
1689 1254 1396 1313 
1690 1255 1431 1331 
1691 1399 1430 1255 
1692 1430 1431 1255 
1693 1285 1409 1256 
1694 1256 1397 1347 
1695 1256 1409 1397 
1696 1257 1349 1346 
1697 1346 1377 1257 
1698 1377 1416 1257 
1699 1258 1393 1275 
1700 1278 1298 1258 
1701 1298 1393 1258 
1702 1264 1282 1259 
1703 1282 1408 1259 
1704 1259 1408 1371 
1705 1327 1389 1260 
1706 1260 1394 1327 
1707 1336 1394 1260 
1708 1279 1405 1261 
1709 1261 1411 1279 
1710 1261 1416 1377 
1711 1405 1416 1261 
1712 1262 1370 1354 
1713 1262 1390 1370 
1714 1262 1407 1390 
1715 1277 1286 1263 
1716 1286 1410 1263 
1717 1263 1410 1364 
1718 1264 1283 1282 
1719 1264 1415 1283 
1720 1379 1415 1264 
1721 1268 1413 1265 
1722 1265 1380 1350 
1723 1265 1413 1380 
1724 1266 1433 1367 
1725 1276 1292 1267 
1726 1292 1428 1267 
1727 1267 1428 1407 
1728 1279 1411 1268 
1729 1268 1411 1293 
1730 1293 1413 1268 
1731 1270 1426 1271 
1732 1373 1400 1270 
1733 1400 1426 1270 
1734 1271 1424 1272 
1735 1271 1426 1311 
1736 1311 1429 1271 
1737 1271 1429 1424 
1738 1272 1382 1322 
1739 1272 1423 1382 
1740 1272 1424 1423 
1741 1273 1406 1305 
1742 1367 1433 1273 
1743 1273 1433 1406 
1744 1274 1376 1317 
1745 1317 1401 1274 
1746 1275 1436 1291 
1747 1393 1436 1275 
1748 1276 1388 1292 
1749 1277 1340 1286 
1750 1278 1306 1299 
1751 1323 1405 1279 
1752 1281 1391 1280 
1753 1296 1419 1280 
1754 1365 1391 1281 
1755 1281 1434 1366 
1756 1283 1300 1282 
1757 1300 1437 1282 
1758 1282 1437 1408 
1759 1283 1301 1300 
1760 1283 1414 1301 
1761 1343 1414 1283 
1762 1283 1415 1343 
1763 1284 1398 1285 
1764 1285 1398 1356 
1765 1341 1410 1286 
1766 1289 1314 1288 
1767 1289 1384 1315 
1768 1290 1405 1323 
1769 1291 1436 1369 
1770 1294 1418 1295 
1771 1294 1310 1309 
1772 1417 1418 1294 
1773 1295 1418 1297 
1774 1295 1412 1342 
1775 1297 1417 1372 
1776 1297 1418 1417 
1777 1306 1307 1299 
1778 1386 1437 1300 
1779 1301 1303 1302 
1780 1301 1414 1303 
1781 1303 1430 1302 
1782 1303 1431 1430 
1783 1307 1387 1308 
1784 1387 1420 1308 
1785 1312 1391 1365 
1786 1315 1317 1316 
1787 1315 1401 1317 
1788 1384 1401 1315 
1789 1317 1363 1316 
1790 1317 1376 1363 
1791 1371 1408 1318 
1792 1325 1382 1326 
1793 1326 1389 1327 
1794 1382 1423 1326 
1795 1326 1423 1389 
1796 1327 1394 1328 
1797 1329 1392 1348 
1798 1333 1402 1334 
1799 1353 1402 1333 
1800 1337 1362 1335 
1801 1335 1427 1337 
1802 1337 1427 1336 
1803 1336 1427 1394 
1804 1337 1421 1362 
1805 1375 1421 1337 
1806 1341 1403 1359 
1807 1359 1410 1341 
1808 1368 1403 1341 
1809 1344 1378 1345 
1810 1346 1378 1344 
1811 1378 1390 1345 
1812 1390 1407 1345 
1813 1407 1428 1345 
1814 1349 1378 1346 
1815 1352 1402 1353 
1816 1352 1432 1402 
1817 1370 1397 1354 
1818 1397 1409 1354 
1819 1358 1403 1357 
1820 1357 1403 1368 
1821 1359 1403 1358 
1822 1374 1421 1375 
3 1 4 8064
1823 1449 1468 1166 1519 
1824 1178 1452 1462 1578 
1825 1068 1475 1469 1519 
1826 1156 1461 1473 1485 
1827 1444 1312 1465 1539 
1828 1506 1530 1375 1555 
1829 1366 1444 1443 1508 
1830 1366 1443 1444 1593 
1831 1255 1511 1526 1546 
1832 1286 1517 1496 1527 
1833 1415 1450 1448 1531 
1834 1124 1522 1527 1545 
1835 1465 1539 1312 1577 
1836 1156 1485 1473 1566 
1837 1156 1117 1461 1485 
1838 1488 1489 1139 1493 
1839 1511 1516 1255 1526 
1840 1448 1467 1414 1531 
1841 1489 1490 1148 1493 
1842 1166 1468 1162 1519 
1843 1198 1482 1207 1530 
1844 1289 1466 1465 1521 
1845 1162 1519 1468 1553 
1846 1412 1477 1342 1525 
1847 1488 1493 1128 1522 
1848 1478 1482 1198 1530 
1849 1068 1154 1475 1519 
1850 1456 1472 1213 1538 
1851 1113 1442 1440 1537 
1852 1237 1483 1477 1509 
1853 1157 1156 1117 1461 
1854 1255 1526 1431 1546 
1855 1178 1455 1452 1572 
1856 1068 1469 1447 1519 
1857 1205 1198 1207 1530 
1858 1134 1500 1441 1524 
1859 1472 1506 1213 1538 
1860 1241 1447 1449 1519 
1861 1458 1461 1158 1485 
1862 1415 1448 1283 1531 
1863 1068 1447 1085 1519 
1864 1319 1447 1241 1519 
1865 1466 1521 1289 1551 
1866 1289 1466 1551 1593 
1867 1375 1506 1529 1530 
1868 1414 1531 1467 1546 
1869 1195 1455 1456 1538 
1870 1472 1514 1405 1554 
1871 1265 1458 1158 1485 
1872 1496 1527 1517 1598 
1873 1181 1179 1178 1462 
1874 1158 1461 1458 1554 
1875 1074 1289 1465 1521 
1876 1433 1493 1490 1594 
1877 1467 1501 1448 1546 
1878 1236 1483 1237 1509 
1879 1485 1495 1458 1562 
1880 1195 1184 1455 1538 
1881 1085 1068 1084 1447 
1882 1074 1465 1469 1521 
1883 36 1465 1447 1469 
1884 1156 1461 1157 1473 
1885 1139 1489 1148 1493 
1886 1459 1460 1291 1488 
1887 1454 1557 1173 1578 
1888 1340 1496 1440 1527 
1889 1393 1470 1459 1522 
1890 1500 1551 1355 1552 
1891 1084 1447 1068 1469 
1892 1113 1105 1442 1537 
1893 1472 1507 1456 1561 
1894 1439 1500 1441 1570 
1895 1149 1484 1483 1509 
1896 1519 1520 1468 1553 
1897 1473 1474 1156 1566 
1898 1438 1442 1440 1598 
1899 1526 1531 1431 1546 
1900 1484 1500 1355 1552 
1901 1087 1533 1512 1535 
1902 1095 1443 1441 1569 
1903 1113 1440 1368 1537 
1904 1449 1450 1243 1468 
1905 1095 1464 1443 1569 
1906 1512 1533 1087 1579 
1907 1291 1460 1459 1583 
1908 1454 1534 1173 1557 
1909 1195 1456 1455 1564 
1910 1209 1505 1515 1526 
1911 1151 1473 1471 1474 
1912 1132 1488 1139 1493 
1913 1148 1490 1489 1502 
1914 34 1069 1445 1543 
1915 1365 1444 1312 1465 
1916 1524 1551 1466 1593 
1917 1512 1535 1533 1536 
1918 1387 1156 1474 1566 
1919 1212 1498 1460 1514 
1920 28 1492 1511 1513 
1921 1283 1448 1414 1531 
1922 1337 1506 1375 1555 
1923 1392 1451 1348 1515 
1924 1209 1515 1204 1526 
1925 1324 1243 1450 1468 
1926 1444 1465 1365 1593 
1927 34 1445 1069 1568 
1928 1465 1466 1289 1593 
1929 1310 1238 1478 1481 
1930 1392 1451 1515 1557 
1931 1184 1195 1455 1564 
1932 1279 1472 1405 1554 
1933 1246 1551 1524 1593 
1934 1458 1485 1265 1586 
1935 1241 1449 1447 1568 
1936 1342 1495 1126 1525 
1937 1440 1527 1496 1598 
1938 1412 1342 1244 1525 
1939 1440 1368 1537 1597 
1940 1479 1592 1478 1599 
1941 1443 1464 1093 1508 
1942 1241 1447 1319 1568 
1943 1359 1464 1496 1497 
1944 1309 1478 1476 1481 
1945 1286 1496 1340 1527 
1946 36 1447 1465 1577 
1947 1468 1519 1449 1520 
1948 1534 1557 1454 1576 
1949 1128 1493 1127 1522 
1950 1324 1243 1379 1450 
1951 1473 1485 1486 1566 
1952 1187 1478 1196 1530 
1953 36 1447 1084 1469 
1954 1359 1496 1464 1597 
1955 1350 1265 1485 1586 
1956 31 1512 1304 1513 
1957 1246 1289 1551 1593 
1958 1188 1488 1460 1542 
1959 1195 1456 1189 1538 
1960 1549 1591 1476 1592 
1961 1151 1471 1442 1474 
1962 34 1445 1539 1543 
1963 1438 1442 1439 1537 
1964 1437 1543 1448 1568 
1965 39 38 1469 1521 
1966 1495 1529 1165 1586 
1967 1118 1440 1471 1545 
1968 1443 1466 1444 1593 
1969 1212 1349 1498 1514 
1970 1445 1543 1069 1568 
1971 1337 1538 1506 1555 
1972 1451 1557 1534 1576 
1973 1158 1458 1265 1554 
1974 1067 31 1446 1512 
1975 1183 1186 1165 1479 
1976 1452 1557 1454 1578 
1977 1188 1141 1488 1542 
1978 1281 1444 1508 1535 
1979 1189 1456 1213 1538 
1980 1187 1196 1478 1479 
1981 1443 1464 1441 1569 
1982 1219 1255 1516 1526 
1983 1136 1484 1149 1509 
1984 1291 1460 1188 1488 
1985 1186 1165 1529 1586 
1986 1179 1462 1181 1538 
1987 1301 1448 1501 1546 
1988 1512 1536 1533 1579 
1989 1415 1283 1343 1531 
1990 1264 1448 1415 1450 
1991 1519 1553 1162 1582 
1992 1178 1462 1179 1578 
1993 1214 1431 1526 1531 
1994 1146 1440 1340 1496 
1995 1412 1509 1477 1525 
1996 1150 1491 1517 1518 
1997 1393 1298 1470 1522 
1998 1458 1472 1268 1554 
1999 1165 1183 1479 1495 
2000 1134 1130 1441 1500 
2001 1431 1531 1214 1546 
2002 1264 1449 1448 1450 
2003 1334 1441 1500 1570 
2004 1366 1281 1444 1508 
2005 1448 1449 1282 1568 
2006 1284 1502 1494 1567 
2007 1148 1490 1433 1493 
2008 1097 1441 1095 1443 
2009 1074 1289 1314 1465 
2010 1175 1173 1557 1578 
2011 1411 1268 1472 1554 
2012 1447 1469 1465 1550 
2013 37 36 1084 1469 
2014 1388 1452 1557 1572 
2015 34 1445 1568 1577 
2016 1428 1463 1185 1572 
2017 1331 1431 1255 1526 
2018 1454 1557 1452 1576 
2019 1187 1196 1197 1530 
2020 1334 1441 1570 1587 
2021 1248 1392 1515 1557 
2022 1136 1487 1484 1509 
2023 1462 1538 1335 1555 
2024 1366 1435 1443 1593 
2025 37 1465 36 1469 
2026 1503 1553 1454 1576 
2027 1116 1525 1485 1566 
2028 1329 1534 1451 1557 
2029 1334 1441 1130 1500 
2030 1496 1497 1464 1589 
2031 1282 1449 1259 1568 
2032 1112 1113 1105 1442 
2033 1371 1241 1319 1568 
2034 1265 1158 1350 1485 
2035 1396 1511 1494 1516 
2036 1138 1443 1093 1508 
2037 1130 1097 1134 1441 
2038 1464 1496 1589 1597 
2039 1178 1181 1455 1572 
2040 1476 1478 1309 1592 
2041 1440 1442 1438 1537 
2042 1472 1456 1558 1561 
2043 1442 1537 1103 1556 
2044 1151 1307 1473 1474 
2045 1118 1471 1119 1545 
2046 1132 1139 1131 1493 
2047 1195 1213 1189 1456 
2048 1235 1453 1463 1572 
2049 1209 1204 1208 1526 
2050 1271 1581 1481 1582 
2051 1182 1179 1181 1538 
2052 1310 1478 1309 1481 
2053 1151 1442 1404 1474 
2054 1437 1448 1282 1568 
2055 1313 1492 1494 1511 
2056 1282 1448 1264 1449 
2057 1093 1508 1464 1533 
2058 1210 1460 1212 1498 
2059 1509 1525 1338 1544 
2060 1120 1525 1116 1566 
2061 1342 1479 1126 1495 
2062 1300 1501 1448 1543 
2063 1360 1508 1093 1533 
2064 1504 1539 1465 1577 
2065 1235 1463 1453 1596 
2066 1184 1344 1195 1564 
2067 1339 1509 1412 1525 
2068 31 1304 30 1513 
2069 1185 1463 1455 1572 
2070 1074 1465 1314 1469 
2071 34 1539 1445 1577 
2072 1466 1469 1465 1521 
2073 1465 1504 1444 1539 
2074 1102 1537 1439 1556 
2075 1366 1444 1281 1593 
2076 1333 1487 1439 1570 
2077 1178 1452 1388 1572 
2078 1405 1554 1514 1583 
2079 1235 1453 1351 1505 
2080 1282 1264 1259 1449 
2081 1156 1115 1485 1566 
2082 1093 1443 1095 1464 
2083 1414 1283 1301 1448 
2084 1388 1452 1175 1557 
2085 1453 1505 1235 1596 
2086 1097 1095 1330 1443 
2087 1130 1334 1098 1441 
2088 1263 1497 1496 1517 
2089 1457 1514 1472 1554 
2090 1212 1257 1349 1514 
2091 1312 1444 1391 1539 
2092 1237 1477 1412 1509 
2093 1379 1243 1264 1450 
2094 1238 1478 1481 1482 
2095 1313 1494 1492 1567 
2096 1082 1541 1512 1579 
2097 1118 1114 1119 1471 
2098 1243 1449 1264 1450 
2099 1334 1098 1441 1587 
2100 1337 1335 1538 1555 
2101 1156 1115 1117 1485 
2102 1301 1448 1300 1501 
2103 1375 1530 1206 1555 
2104 1166 1449 1243 1468 
2105 1102 1103 1537 1556 
2106 38 39 1469 1475 
2107 1268 1472 1458 1571 
2108 1316 39 1480 1521 
2109 1223 1213 1506 1538 
2110 39 1316 38 1521 
2111 1441 1464 1438 1569 
2112 1351 1209 1505 1515 
2113 1504 1548 1445 1550 
2114 1411 1472 1279 1554 
2115 1443 1524 1466 1593 
2116 1377 1472 1456 1514 
2117 1475 1519 1154 1582 
2118 1248 1381 1392 1557 
2119 1113 1368 1105 1537 
2120 1148 1433 1406 1493 
2121 1236 1237 1147 1509 
2122 1473 1485 1461 1486 
2123 1359 1464 1569 1597 
2124 1433 1406 1493 1594 
2125 1329 1173 1534 1557 
2126 1351 1204 1209 1515 
2127 1411 1279 1268 1554 
2128 1351 1505 1453 1515 
2129 1281 1280 1444 1535 
2130 1388 1178 1175 1452 
2131 1426 1475 1270 1481 
2132 1140 1139 1488 1489 
2133 1221 1542 1498 1547 
2134 1319 1241 1161 1519 
2135 1459 1488 1436 1522 
2136 1381 1515 1453 1557 
2137 1141 1291 1188 1488 
2138 1161 1166 1162 1519 
2139 1118 1527 1440 1545 
2140 1349 1210 1212 1498 
2141 1248 1515 1381 1557 
2142 1221 1370 1542 1547 
2143 33 1539 1446 1543 
2144 1454 1325 1534 1553 
2145 1366 1443 1434 1508 
2146 1235 1351 1218 1505 
2147 1146 1340 1286 1496 
2148 1373 1469 1068 1475 
2149 1172 1454 1325 1534 
2150 1258 1559 1459 1590 
2151 1496 1517 1497 1589 
2152 1482 1503 1389 1510 
2153 1194 1503 1454 1510 
2154 1235 1505 1218 1596 
2155 1406 1139 1148 1493 
2156 1261 1405 1472 1514 
2157 1447 1519 1469 1520 
2158 1373 1068 1154 1475 
2159 1444 1535 1280 1539 
2160 28 1511 1269 1513 
2161 1146 1440 1496 1597 
2162 39 1480 1475 1549 
2163 32 1446 31 1501 
2164 1502 1528 1409 1585 
2165 1175 1452 1178 1578 
2166 1127 1124 1125 1522 
2167 1339 1237 1412 1509 
2168 1494 1502 1490 1567 
2169 1175 1557 1452 1578 
2170 1223 1189 1213 1538 
2171 1080 1492 28 1513 
2172 1360 1093 1090 1533 
2173 1411 1472 1268 1571 
2174 1514 1554 1457 1583 
2175 1146 1368 1440 1597 
2176 1350 1485 1121 1586 
2177 1237 1297 1477 1483 
2178 1329 1348 1392 1451 
2179 1342 1126 1244 1525 
2180 1326 1503 1194 1510 
2181 1210 1460 1498 1542 
2182 1445 1539 1504 1577 
2183 1384 1246 1289 1551 
2184 1370 1542 1547 1565 
2185 1226 1092 1359 1497 
2186 1308 1151 1404 1474 
2187 1150 1491 1144 1540 
2188 1482 1510 1260 1555 
2189 33 1296 1446 1539 
2190 1342 1183 1126 1479 
2191 1436 1488 1369 1522 
2192 33 1446 32 1543 
2193 1089 1533 1087 1535 
2194 1116 1120 1121 1495 
2195 1337 1421 1375 1506 
2196 1557 1575 1452 1576 
2197 1067 1304 31 1512 
2198 1362 1421 1337 1506 
2199 1365 1312 1070 1465 
2200 1158 1461 1117 1485 
2201 1359 1496 1226 1497 
2202 1150 1517 1321 1518 
2203 1392 1329 1451 1557 
2204 1126 1479 1183 1495 
2205 1485 1495 1121 1586 
2206 1480 1483 1476 1591 
2207 1360 1138 1093 1508 
2208 1070 1465 1312 1577 
2209 1391 1444 1280 1539 
2210 1139 1132 1140 1488 
2211 1337 1362 1506 1538 
2212 1473 1486 1474 1566 
2213 1124 1125 1522 1545 
2214 1393 1459 1258 1559 
2215 1264 1283 1415 1448 
2216 1435 1524 1443 1593 
2217 1292 1428 1185 1572 
2218 1487 1509 1135 1544 
2219 1116 1121 1485 1495 
2220 1235 1463 1267 1572 
2221 1219 1331 1255 1526 
2222 1188 1164 1141 1542 
2223 1092 1464 1359 1497 
2224 1355 1500 1153 1551 
2225 34 33 1069 1543 
2226 1320 1127 1493 1518 
2227 1288 1465 1289 1593 
2228 34 1539 33 1543 
2229 1113 1146 1368 1440 
2230 1127 1128 1131 1493 
2231 1277 1518 1517 1527 
2232 1381 1351 1453 1515 
2233 1445 1449 1448 1568 
2234 1355 1250 1484 1552 
2235 1314 1465 37 1469 
2236 1323 1554 1405 1583 
2237 1310 1309 1478 1592 
2238 1295 1479 1477 1592 
2239 1437 1069 1543 1568 
2240 32 33 1296 1446 
2241 1366 1138 1434 1443 
2242 1439 1441 1438 1587 
2243 1096 1095 1441 1569 
2244 1279 1261 1405 1472 
2245 1174 1454 1173 1578 
2246 1324 1468 1450 1584 
2247 1102 1439 1537 1587 
2248 1483 1552 1376 1591 
2249 1350 1121 1380 1586 
2250 31 32 1067 1446 
2251 1497 1540 1364 1579 
2252 1093 1138 1095 1443 
2253 1155 1150 1144 1540 
2254 1324 1166 1243 1468 
2255 1154 1068 1085 1519 
2256 1102 1439 1333 1556 
2257 37 1314 36 1465 
2258 1167 1162 1468 1553 
2259 1455 1463 1185 1564 
2260 1266 1490 1502 1567 
2261 1343 1283 1414 1531 
2262 1409 1528 1502 1565 
2263 1428 1185 1463 1564 
2264 1381 1248 1351 1515 
2265 1494 1511 1492 1580 
2266 1439 1537 1442 1556 
2267 1419 1067 1446 1535 
2268 1158 1265 1163 1554 
2269 1470 1471 1299 1473 
2270 1151 1299 1471 1473 
2271 1399 1072 1511 1546 
2272 1320 1493 1305 1518 
2273 1096 1095 1097 1441 
2274 1195 1189 1184 1538 
2275 1157 1117 1158 1461 
2276 1237 1236 1297 1483 
2277 1167 1162 1166 1468 
2278 1318 34 1069 1568 
2279 1108 1487 1135 1544 
2280 1213 1456 1377 1472 
2281 1157 1473 1461 1590 
2282 1392 1348 1248 1515 
2283 1190 1479 1295 1592 
2284 1454 1503 1325 1553 
2285 1350 1380 1265 1586 
2286 1102 1537 1101 1587 
2287 34 1568 1318 1577 
2288 1296 1535 1446 1539 
2289 32 1446 1501 1543 
2290 1451 1534 1329 1584 
2291 1093 1464 1090 1533 
2292 1429 1482 1481 1581 
2293 1379 1324 1450 1584 
2294 38 1373 39 1475 
2295 1480 1376 1552 1591 
2296 1292 1185 1455 1572 
2297 1480 1552 1483 1591 
2298 1309 1481 1476 1549 
2299 1410 1496 1263 1497 
2300 1458 1495 1485 1586 
2301 1490 1502 1494 1580 
2302 1426 1270 1271 1481 
2303 1429 1239 1482 1581 
2304 38 1469 1373 1475 
2305 1437 1282 1408 1568 
2306 1254 1255 1511 1516 
2307 1124 1123 1125 1545 
2308 1326 1194 1327 1510 
2309 1365 1465 1070 1593 
2310 1432 1355 1484 1500 
2311 1148 1489 1228 1502 
2312 1112 1442 1151 1471 
2313 1337 1375 1206 1555 
2314 1348 1515 1451 1574 
2315 1142 1500 1524 1551 
2316 1297 1477 1483 1592 
2317 1067 1512 1446 1535 
2318 1476 1591 1483 1592 
2319 1299 1470 1473 1590 
2320 1393 1275 1459 1559 
2321 1203 1531 1515 1574 
2322 1382 1553 1503 1582 
2323 1261 1472 1377 1514 
2324 1436 1459 1291 1488 
2325 1316 39 1363 1480 
2326 1134 1142 1500 1524 
2327 1437 1408 1069 1568 
2328 1234 1491 1150 1518 
2329 1396 1254 1511 1516 
2330 1325 1454 1194 1503 
2331 1419 1446 1296 1535 
2332 1404 1474 1442 1556 
2333 1215 1460 1291 1583 
2334 1478 1479 1294 1592 
2335 1379 1192 1324 1584 
2336 1383 1567 1491 1594 
2337 1136 1352 1484 1487 
2338 1238 1198 1478 1482 
2339 1228 1148 1145 1489 
2340 1451 1534 1468 1576 
2341 1535 1539 1444 1560 
2342 1142 1153 1355 1500 
2343 1235 1267 1463 1596 
2344 1289 1521 1315 1551 
2345 1292 1455 1181 1572 
2346 1365 1391 1312 1444 
2347 1419 1067 1296 1446 
2348 1270 1199 1271 1582 
2349 1497 1533 1464 1589 
2350 28 1492 1313 1511 
2351 1263 1364 1497 1517 
2352 1203 1526 1515 1531 
2353 1234 1491 1518 1594 
2354 1361 1364 1540 1579 
2355 1150 1155 1321 1517 
2356 1337 1335 1362 1538 
2357 1419 1385 1067 1535 
2358 1089 1508 1533 1535 
2359 1305 1320 1127 1493 
2360 1316 1480 1363 1521 
2361 1381 1557 1453 1572 
2362 1477 1592 1479 1599 
2363 1505 1516 1216 1585 
2364 1295 1342 1477 1479 
2365 1451 1575 1557 1576 
2366 1154 1270 1475 1582 
2367 1299 1470 1137 1471 
2368 1323 1559 1554 1583 
2369 1200 1450 1415 1531 
2370 1268 1458 1413 1571 
2371 1494 1502 1284 1585 
2372 1485 1525 1486 1566 
2373 1387 1115 1156 1566 
2374 1100 1333 1439 1570 
2375 1423 1389 1482 1503 
2376 1439 1100 1570 1587 
2377 1434 1443 1138 1508 
2378 1194 1454 1328 1510 
2379 1445 1550 1449 1568 
2380 1366 1434 1281 1508 
2381 1169 1534 1325 1553 
2382 1332 1529 1187 1530 
2383 1300 1079 1501 1543 
2384 1391 1281 1280 1444 
2385 1172 1325 1169 1534 
2386 1369 1488 1128 1522 
2387 1383 1491 1567 1588 
2388 1151 1308 1307 1474 
2389 1277 1133 1518 1527 
2390 1202 1203 1515 1574 
2391 1468 1534 1451 1584 
2392 39 1475 1400 1549 
2393 1284 1266 1502 1567 
2394 1238 1207 1198 1482 
2395 1142 1524 1152 1551 
2396 1147 1136 1149 1509 
2397 1464 1497 1092 1533 
2398 1449 1519 1447 1520 
2399 1346 1498 1456 1564 
2400 1334 1570 1100 1587 
2401 1137 1471 1470 1545 
2402 1294 1478 1196 1479 
2403 1085 1447 1319 1519 
2404 1449 1550 1447 1568 
2405 1200 1415 1343 1531 
2406 1245 1524 1435 1593 
2407 1348 1574 1451 1584 
2408 1102 1103 1101 1537 
2409 1215 1188 1291 1460 
2410 1322 1553 1382 1582 
2411 1072 1501 1425 1513 
2412 1310 1309 1238 1481 
2413 1084 1319 1085 1447 
2414 1225 1409 1528 1585 
2415 1214 1431 1331 1526 
2416 1332 1375 1529 1530 
2417 1217 1505 1216 1585 
2418 1151 1307 1299 1473 
2419 1221 1370 1211 1542 
2420 1269 1511 1072 1513 
2421 1077 1447 36 1577 
2422 1438 1440 1537 1597 
2423 1106 1102 1333 1556 
2424 1170 1169 1468 1534 
2425 1084 36 1077 1447 
2426 1154 1199 1270 1582 
2427 1295 1342 1412 1477 
2428 1290 1323 1405 1583 
2429 1382 1503 1581 1582 
2430 1254 1219 1255 1516 
2431 1261 1377 1416 1514 
2432 1299 1278 1470 1590 
2433 1211 1542 1370 1565 
2434 1243 1166 1241 1449 
2435 1393 1258 1275 1559 
2436 1244 1339 1412 1525 
2437 1488 1522 1459 1523 
2438 1426 1475 1481 1549 
2439 1340 1440 1118 1527 
2440 1465 1550 1504 1577 
2441 1385 1512 1067 1535 
2442 1175 1174 1173 1578 
2443 1169 1167 1170 1468 
2444 1468 1534 1169 1553 
2445 1377 1346 1257 1456 
2446 1186 1479 1187 1529 
2447 1429 1238 1481 1482 
2448 1491 1567 1492 1580 
2449 40 1480 39 1549 
2450 1377 1456 1257 1514 
2451 1395 1299 1137 1471 
2452 1464 1589 1569 1597 
2453 1457 1554 1472 1561 
2454 1090 1464 1092 1533 
2455 1136 1135 1487 1509 
2456 1460 1488 1459 1573 
2457 1399 1511 1255 1546 
2458 1504 1445 1548 1560 
2459 1352 1149 1136 1484 
2460 1353 1487 1333 1570 
2461 1142 1153 1500 1551 
2462 1180 1510 1462 1555 
2463 1256 1502 1489 1565 
2464 1484 1487 1352 1570 
2465 1167 1468 1169 1553 
2466 1173 1454 1172 1534 
2467 1328 1510 1454 1578 
2468 1300 1448 1437 1543 
2469 1280 1535 1296 1539 
2470 1366 1247 1435 1593 
2471 29 1080 28 1513 
2472 1074 1314 37 1469 
2473 1351 1235 1381 1453 
2474 1313 1494 1396 1511 
2475 1288 1070 1465 1593 
2476 1306 1473 1157 1590 
2477 1134 1152 1142 1524 
2478 1274 1355 1551 1552 
2479 1306 1156 1157 1473 
2480 1172 1194 1325 1454 
2481 1178 1292 1181 1572 
2482 1322 1162 1553 1582 
2483 1446 1539 1535 1560 
2484 1301 1300 1079 1501 
2485 1214 1531 1414 1546 
2486 1410 1226 1496 1497 
2487 1233 1491 1234 1594 
2488 1313 1492 27 1567 
2489 1472 1554 1458 1561 
2490 1534 1553 1468 1576 
2491 1504 1550 1445 1577 
2492 1231 1361 1364 1540 
2493 1129 1436 1369 1522 
2494 1146 1496 1341 1597 
2495 1190 1294 1196 1479 
2496 1375 1506 1240 1529 
2497 1260 1482 1389 1510 
2498 1317 1401 1521 1551 
2499 1332 1187 1197 1530 
2500 1120 1111 1525 1566 
2501 1470 1522 1422 1545 
2502 1491 1490 1567 1580 
2503 1498 1499 1460 1514 
2504 1309 1549 1476 1592 
2505 1263 1231 1364 1517 
2506 1309 1591 1549 1592 
2507 1432 1500 1484 1570 
2508 1194 1174 1328 1454 
2509 1285 1502 1409 1585 
2510 1212 1514 1460 1583 
2511 1413 1268 1265 1458 
2512 1201 1531 1203 1574 
2513 1404 1151 1112 1442 
2514 1180 1394 1510 1555 
2515 1263 1496 1286 1517 
2516 1091 1092 1497 1533 
2517 1328 1454 1174 1578 
2518 1253 1516 1494 1585 
2519 1137 1395 1471 1545 
2520 1348 1191 1574 1584 
2521 1087 1512 1385 1535 
2522 1461 1559 1160 1590 
2523 1461 1485 1458 1562 
2524 1317 1401 1551 1552 
2525 1190 1294 1479 1592 
2526 1432 1230 1500 1570 
2527 1359 1410 1226 1496 
2528 1376 1480 1071 1591 
2529 1135 1108 1136 1487 
2530 1367 1433 1490 1594 
2531 1423 1326 1389 1503 
2532 1447 1550 1465 1577 
2533 1183 1187 1186 1479 
2534 1450 1467 1448 1531 
2535 1423 1503 1482 1581 
2536 1120 1116 1111 1566 
2537 1312 1539 34 1577 
2538 1256 1409 1502 1565 
2539 1427 1180 1462 1555 
2540 1089 1087 1251 1535 
2541 1297 1483 1591 1592 
2542 1213 1472 1227 1506 
2543 1240 1529 1506 1571 
2544 1160 1461 1158 1554 
2545 1228 1489 1256 1502 
2546 28 1269 29 1513 
2547 1185 1181 1292 1455 
2548 1432 1230 1355 1500 
2549 1305 1518 1493 1594 
2550 1102 1100 1333 1439 
2551 1103 1404 1442 1556 
2552 1439 1570 1441 1587 
2553 1492 1567 1491 1588 
2554 1359 1464 1094 1569 
2555 1202 1201 1203 1574 
2556 1223 1213 1227 1506 
2557 1357 1537 1569 1587 
2558 1357 1569 1099 1587 
2559 1094 1464 1095 1569 
2560 1097 1130 1098 1441 
2561 1150 1234 1233 1491 
2562 1146 1118 1340 1440 
2563 1384 1289 1315 1551 
2564 1249 1483 1484 1552 
2565 1100 1334 1333 1570 
2566 1296 1067 32 1446 
2567 1427 1394 1180 1555 
2568 1289 1288 1314 1465 
2569 1353 1352 1487 1570 
2570 1084 1068 37 1469 
2571 1133 1320 1518 1527 
2572 1184 1455 1185 1564 
2573 1303 1431 1214 1546 
2574 1187 1190 1196 1479 
2575 1492 1541 1080 1588 
2576 1404 1104 1474 1556 
2577 1122 1527 1118 1545 
2578 1112 1151 1114 1471 
2579 1290 1559 1323 1583 
2580 1100 1439 1102 1587 
2581 1379 1264 1415 1450 
2582 1317 1551 1521 1552 
2583 1291 1459 1275 1583 
2584 1103 1442 1105 1537 
2585 1228 1145 1256 1489 
2586 1382 1581 1272 1582 
2587 1330 1245 1134 1524 
2588 1144 1540 1491 1588 
2589 1354 1547 1528 1565 
2590 1171 1329 1173 1534 
2591 1249 1483 1149 1484 
2592 1445 1447 1550 1568 
2593 1072 1269 1399 1511 
2594 1113 1118 1146 1440 
2595 1066 1567 1492 1588 
2596 1106 1333 1353 1487 
2597 1243 1259 1264 1449 
2598 1472 1514 1457 1558 
2599 1087 1533 1088 1579 
2600 1354 1370 1547 1565 
2601 1259 1449 1241 1568 
2602 1427 1462 1335 1555 
2603 1459 1532 1470 1590 
2604 1490 1580 1491 1595 
2605 1462 1510 1180 1578 
2606 1373 38 1068 1469 
2607 1261 1416 1405 1514 
2608 1446 1445 1539 1560 
2609 1367 1490 1567 1594 
2610 1210 1188 1460 1542 
2611 1448 1543 1445 1568 
2612 1532 1562 1457 1563 
2613 1383 1491 1233 1594 
2614 1454 1553 1534 1576 
2615 32 1501 1079 1543 
2616 1504 1539 1445 1560 
2617 1436 1291 1369 1488 
2618 1265 1413 1458 1586 
2619 1091 1090 1092 1533 
2620 1413 1571 1458 1586 
2621 1305 1234 1518 1594 
2622 1355 1153 1274 1551 
2623 1093 1092 1090 1464 
2624 1174 1172 1173 1454 
2625 1322 1162 1168 1553 
2626 1346 1378 1498 1564 
2627 1423 1482 1239 1581 
2628 1261 1213 1377 1472 
2629 1302 1501 1072 1546 
2630 1426 1481 1075 1549 
2631 1444 1539 1504 1560 
2632 1439 1438 1537 1587 
2633 30 1072 1425 1513 
2634 1210 1188 1212 1460 
2635 1410 1263 1364 1497 
2636 1429 1239 1238 1482 
2637 1074 1469 38 1521 
2638 1133 1124 1320 1527 
2639 1282 1437 1300 1448 
2640 1357 1569 1537 1597 
2641 1381 1276 1557 1572 
2642 1382 1272 1322 1582 
2643 1371 1259 1241 1568 
2644 1446 1548 1445 1560 
2645 1457 1472 1558 1561 
2646 1435 1138 1366 1443 
2647 1344 1184 1185 1564 
2648 1569 1589 1438 1597 
2649 1450 1451 1574 1584 
2650 1301 1501 1302 1546 
2651 1076 1512 1082 1541 
2652 1212 1220 1514 1583 
2653 1449 1520 1447 1550 
2654 1438 1440 1597 1598 
2655 1406 1131 1139 1493 
2656 1463 1547 1407 1564 
2657 1108 1135 1109 1544 
2658 1345 1407 1547 1564 
2659 1077 1568 1447 1577 
2660 1076 1304 1512 1513 
2661 1098 1096 1441 1587 
2662 1374 1240 1375 1506 
2663 1096 1097 1098 1441 
2664 1128 1127 1125 1522 
2665 1377 1213 1195 1456 
2666 1295 1477 1237 1592 
2667 1106 1487 1544 1556 
2668 1459 1559 1532 1590 
2669 1249 1484 1250 1552 
2670 1321 1517 1277 1518 
2671 1425 1072 1302 1501 
2672 1136 1353 1352 1487 
2673 1301 1283 1300 1448 
2674 1423 1389 1239 1482 
2675 1420 1544 1474 1556 
2676 1491 1567 1490 1594 
2677 39 1400 40 1549 
2678 1105 1103 1112 1442 
2679 1396 1494 1253 1516 
2680 1266 1433 1148 1490 
2681 1432 1355 1250 1484 
2682 1367 1567 1383 1594 
2683 1264 1282 1283 1448 
2684 1240 1506 1374 1571 
2685 1092 1094 1359 1464 
2686 1217 1528 1505 1585 
2687 1155 1231 1517 1540 
2688 1083 1541 1540 1588 
2689 1096 1569 1441 1587 
2690 1295 1190 1342 1479 
2691 1478 1592 1476 1599 
2692 1279 1411 1261 1472 
2693 1137 1470 1422 1545 
2694 1298 1393 1129 1522 
2695 1180 1510 1328 1578 
2696 1303 1214 1414 1546 
2697 1411 1268 1293 1571 
2698 1160 1461 1554 1559 
2699 1309 1311 1238 1481 
2700 1237 1477 1297 1592 
2701 1252 1508 1089 1535 
2702 1160 1157 1158 1461 
2703 1322 1168 1382 1553 
2704 1355 1274 1250 1552 
2705 1221 1210 1498 1542 
2706 1129 1369 1128 1522 
2707 1321 1277 1133 1518 
2708 1146 1341 1368 1597 
2709 1372 1483 1376 1591 
2710 1332 1206 1375 1530 
2711 1219 1516 1208 1526 
2712 1144 1491 1143 1588 
2713 1457 1532 1461 1562 
2714 1091 1533 1497 1579 
2715 1325 1194 1326 1503 
2716 1280 1419 1296 1535 
2717 1390 1547 1498 1564 
2718 1101 1100 1102 1587 
2719 1256 1489 1347 1565 
2720 1066 1492 1080 1588 
2721 1106 1487 1108 1544 
2722 1422 1470 1298 1522 
2723 1230 1334 1500 1570 
2724 1337 1427 1335 1555 
2725 1159 1519 1162 1582 
2726 1094 1093 1095 1464 
2727 1390 1345 1407 1547 
2728 1366 1281 1247 1593 
2729 1227 1506 1472 1571 
2730 1334 1130 1230 1500 
2731 1390 1498 1378 1564 
2732 1179 1462 1180 1578 
2733 1288 1365 1070 1593 
2734 1095 1138 1330 1443 
2735 1363 1480 1376 1552 
2736 1225 1285 1409 1585 
2737 1103 1104 1404 1556 
2738 1107 1544 1420 1556 
2739 1234 1150 1321 1518 
2740 1338 1509 1339 1525 
2741 1404 1104 1308 1474 
2742 1450 1531 1200 1574 
2743 1429 1424 1239 1581 
2744 1398 1494 1284 1585 
2745 1448 1543 1501 1548 
2746 1456 1514 1472 1558 
2747 1309 1 1591 1592 
2748 1357 1358 1099 1569 
2749 1126 1495 1120 1525 
2750 1446 1539 1445 1543 
2751 1165 1126 1183 1495 
2752 1172 1174 1194 1454 
2753 1144 1150 1143 1491 
2754 1076 30 1304 1513 
2755 1347 1489 1164 1542 
2756 1460 1514 1499 1558 
2757 1207 1389 1260 1482 
2758 1084 1077 1319 1447 
2759 1400 1475 1426 1549 
2760 1461 1554 1457 1562 
2761 32 31 1079 1501 
2762 1465 1466 1444 1504 
2763 1237 1295 1412 1477 
2764 1327 1194 1328 1510 
2765 1347 1140 1164 1489 
2766 1286 1341 1146 1496 
2767 1148 1139 1145 1489 
2768 1436 1393 1275 1459 
2769 1336 1530 1205 1555 
2770 1315 1521 1401 1551 
2771 1480 1549 40 1591 
2772 1134 1142 1130 1500 
2773 1554 1559 1457 1583 
2774 1271 1199 1581 1582 
2775 1066 1383 1567 1588 
2776 1436 1275 1291 1459 
2777 1114 1395 1119 1471 
2778 1420 1474 1104 1556 
2779 28 1313 1269 1511 
2780 1074 1315 1289 1521 
2781 1074 38 1316 1521 
2782 1346 1377 1195 1456 
2783 1252 1089 1251 1535 
2784 1315 1317 1401 1521 
2785 1147 1237 1339 1509 
2786 1089 1508 1360 1533 
2787 1110 1474 1420 1544 
2788 1446 1543 1445 1548 
2789 1448 1501 1467 1548 
2790 1145 1347 1256 1489 
2791 1533 1535 1508 1536 
2792 1345 1547 1390 1564 
2793 1267 1276 1235 1572 
2794 1399 1255 1430 1546 
2795 1137 1299 1278 1470 
2796 1426 1311 1075 1481 
2797 1217 1224 1505 1528 
2798 1119 1471 1395 1545 
2799 1358 1569 1357 1597 
2800 1286 1263 1410 1496 
2801 1202 1515 1348 1574 
2802 1106 1544 1107 1556 
2803 1088 1533 1091 1579 
2804 1193 1192 1200 1574 
2805 1216 1208 1219 1516 
2806 1360 1434 1138 1508 
2807 1540 1541 1287 1579 
2808 1110 1387 1474 1566 
2809 1205 1197 1198 1530 
2810 1249 1376 1483 1552 
2811 488 487 13 1466 
2812 1249 1149 1250 1484 
2813 1457 1532 1459 1559 
2814 1255 1431 1430 1546 
2815 1073 1494 1313 1567 
2816 1122 1118 1119 1545 
2817 1459 1532 1457 1573 
2818 40 1363 39 1480 
2819 1363 1376 1317 1552 
2820 1260 1389 1327 1510 
2821 1267 1463 1428 1572 
2822 1453 1572 1557 1575 
2823 29 1076 1080 1513 
2824 1396 1253 1254 1516 
2825 1369 1132 1128 1488 
2826 1336 1205 1260 1555 
2827 1259 1243 1241 1449 
2828 1160 1554 1323 1559 
2829 36 1465 1070 1577 
2830 1143 1491 1383 1588 
2831 1444 1466 1465 1593 
2832 1075 1481 1311 1549 
2833 1262 1528 1354 1547 
2834 1212 1460 1215 1583 
2835 1087 1385 1251 1535 
2836 1124 1527 1122 1545 
2837 1408 1282 1259 1568 
2838 1452 1557 1572 1575 
2839 1107 1106 1108 1544 
2840 1223 1506 1362 1538 
2841 1348 1191 1193 1574 
2842 1339 1338 1135 1509 
2843 1116 1485 1115 1566 
2844 1142 1152 1153 1551 
2845 1083 1287 1540 1541 
2846 1178 1179 1177 1578 
2847 1245 1435 1247 1593 
2848 1474 1544 1110 1566 
2849 1278 1298 1470 1590 
2850 1432 1484 1352 1570 
2851 1115 1116 1117 1485 
2852 1429 1238 1311 1481 
2853 1407 1547 1463 1596 
2854 1459 1559 1275 1583 
2855 1217 1225 1528 1585 
2856 1505 1528 1224 1596 
2857 1308 1104 1420 1474 
2858 1140 1145 1139 1489 
2859 1350 1158 1117 1485 
2860 1432 1352 1402 1570 
2861 1532 1563 1457 1573 
2862 1179 1180 1177 1578 
2863 1163 1160 1158 1554 
2864 1374 1506 1227 1571 
2865 1335 1427 1180 1462 
2866 1399 1430 1072 1546 
2867 1294 1310 1478 1592 
2868 1253 1494 1398 1585 
2869 1066 27 1492 1567 
2870 1221 1498 1390 1547 
2871 1268 1413 1293 1571 
2872 1167 1166 1324 1468 
2873 1233 1143 1150 1491 
2874 1203 1204 1515 1526 
2875 1365 1281 1444 1593 
2876 1140 1132 1141 1488 
2877 1066 28 1080 1492 
2878 1377 1257 1416 1514 
2879 27 1313 28 1492 
2880 1200 1379 1415 1450 
2881 1295 1297 1418 1592 
2882 1460 1457 1514 1558 
2883 1457 1461 1532 1559 
2884 1349 1221 1210 1498 
2885 1341 1496 1359 1597 
2886 1188 1215 1212 1460 
2887 1457 1459 1573 1583 
2888 1464 1438 1569 1589 
2889 1077 1318 1568 1577 
2890 1459 1457 1559 1583 
2891 1367 1433 1266 1490 
2892 1285 1284 1502 1585 
2893 1284 1494 1073 1567 
2894 1387 1420 1110 1474 
2895 1216 1217 1209 1505 
2896 1116 1121 1350 1485 
2897 1186 1529 1222 1586 
2898 1184 1181 1185 1455 
2899 1405 1514 1220 1583 
2900 29 1269 1072 1513 
2901 1071 1480 40 1591 
2902 1365 1281 1391 1444 
2903 1300 1283 1282 1448 
2904 1154 1270 1373 1475 
2905 1369 1291 1141 1488 
2906 1489 1542 1347 1565 
2907 1086 1087 1088 1579 
2908 1496 1597 1440 1598 
2909 1090 1089 1360 1533 
2910 1235 1232 1267 1596 
2911 1473 1532 1461 1590 
2912 1470 1532 1473 1590 
2913 1081 1076 1082 1541 
2914 1143 1233 1383 1491 
2915 1223 1421 1362 1506 
2916 1448 1445 1543 1548 
2917 1170 1534 1468 1584 
2918 1260 1510 1394 1555 
2919 1266 1367 1490 1567 
2920 1300 1386 1079 1543 
2921 1180 1394 1328 1510 
2922 1457 1562 1561 1563 
2923 1311 1481 1309 1549 
2924 1458 1554 1461 1562 
2925 1528 1547 1262 1596 
2926 1159 1154 1519 1582 
2927 1395 1151 1299 1471 
2928 1457 1558 1460 1573 
2929 1256 1409 1285 1502 
2930 1342 1190 1183 1479 
2931 1359 1569 1358 1597 
2932 1388 1175 1176 1557 
2933 1218 1505 1224 1596 
2934 32 1079 1386 1543 
2935 1126 1121 1120 1495 
2936 1206 1205 1336 1530 
2937 35 1312 34 1577 
2938 1400 39 1373 1475 
2939 1325 1503 1382 1553 
2940 1209 1218 1351 1505 
2941 1529 1571 1222 1586 
2942 1460 1514 1457 1583 
2943 1262 1547 1407 1596 
2944 1367 1383 1233 1594 
2945 1088 1087 1089 1533 
2946 1173 1176 1175 1557 
2947 1334 1100 1098 1587 
2948 1249 1236 1149 1483 
2949 1301 1079 1302 1501 
2950 1217 1216 1356 1585 
2951 1348 1202 1248 1515 
2952 1206 1530 1336 1555 
2953 1460 1573 1459 1583 
2954 1110 1544 1109 1566 
2955 1078 1280 1296 1539 
2956 1081 1287 1541 1579 
2957 1167 1168 1162 1553 
2958 1347 1542 1211 1565 
2959 1171 1173 1172 1534 
2960 1217 1224 1218 1505 
2961 1192 1574 1193 1584 
2962 1409 1354 1528 1565 
2963 1330 1138 1435 1443 
2964 1388 1557 1276 1572 
2965 1460 1499 1498 1542 
2966 1459 1522 1470 1523 
2967 1246 1288 1289 1593 
2968 1133 1277 1340 1527 
2969 1438 1441 1569 1587 
2970 1378 1349 1346 1498 
2971 1137 1298 1422 1470 
2972 1335 1180 1179 1462 
2973 1324 1170 1468 1584 
2974 1402 1230 1432 1570 
2975 1447 1445 1550 1577 
2976 1186 1187 1332 1529 
2977 1082 1385 1087 1512 
2978 1078 1391 1280 1539 
2979 1378 1390 1221 1498 
2980 1224 1528 1262 1596 
2981 1346 1344 1378 1564 
2982 1214 1526 1203 1531 
2983 1262 1354 1370 1547 
2984 1324 1170 1167 1468 
2985 1111 1110 1109 1566 
2986 1155 1231 1263 1517 
2987 1161 1085 1319 1519 
2988 1201 1200 1531 1574 
2989 1137 1119 1395 1545 
2990 1310 1198 1196 1478 
2991 1191 1193 1574 1584 
2992 1313 1396 1254 1511 
2993 1165 1121 1495 1586 
2994 1248 1204 1351 1515 
2995 1160 1323 1242 1559 
2996 1088 1091 1361 1579 
2997 1278 1258 1298 1590 
2998 1223 1362 1189 1538 
2999 1506 1529 1507 1571 
3000 1165 1380 1121 1586 
3001 1457 1573 1460 1583 
3002 1434 1252 1281 1508 
3003 1461 1486 1485 1562 
3004 1410 1364 1226 1497 
3005 1308 1387 1307 1474 
3006 1070 36 1314 1465 
3007 1091 1092 1226 1497 
3008 1338 1120 1111 1525 
3009 1257 1212 1220 1514 
3010 1127 1131 1305 1493 
3011 1457 1554 1461 1559 
3012 1458 1472 1561 1571 
3013 1198 1310 1238 1478 
3014 1103 1404 1112 1442 
3015 1162 1159 1161 1519 
3016 1410 1359 1341 1496 
3017 1405 1323 1279 1554 
3018 1126 1120 1244 1525 
3019 1424 1423 1239 1581 
3020 1355 1230 1142 1500 
3021 1375 1421 1374 1506 
3022 1124 1122 1123 1545 
3023 1447 1568 1445 1577 
3024 1457 1561 1558 1563 
3025 1190 1295 1294 1592 
3026 33 1078 1296 1539 
3027 1096 1094 1095 1569 
3028 1480 1549 1476 1600 
3029 1475 1549 1480 1600 
3030 1104 1103 1102 1556 
3031 1507 1561 1472 1571 
3032 1352 1353 1402 1570 
3033 1203 1208 1204 1526 
3034 1314 1288 1070 1465 
3035 1320 1305 1234 1518 
3036 1262 1224 1354 1528 
3037 1212 1215 1220 1583 
3038 1501 1543 1446 1548 
3039 1303 1414 1301 1546 
3040 1356 1216 1516 1585 
3041 38 1074 37 1469 
3042 1429 1271 1424 1581 
3043 1273 1493 1406 1594 
3044 1204 1202 1203 1515 
3045 1107 1420 1104 1556 
3046 28 1066 27 1492 
3047 1270 1426 1400 1475 
3048 1250 1149 1352 1484 
3049 1071 1376 1363 1480 
3050 1331 1219 1208 1526 
3051 1490 1491 1594 1595 
3052 1266 1228 1284 1502 
3053 1244 1338 1339 1525 
3054 1267 1428 1292 1572 
3055 1238 1239 1207 1482 
3056 1372 1376 1071 1591 
3057 1183 1190 1187 1479 
3058 1429 1481 1271 1581 
3059 1397 1347 1211 1565 
3060 1221 1211 1210 1542 
3061 1262 1407 1232 1596 
3062 1277 1263 1286 1517 
3063 1322 1159 1162 1582 
3064 1492 1567 1494 1580 
3065 1494 1567 1490 1580 
3066 1114 1151 1395 1471 
3067 1428 1345 1185 1564 
3068 1239 1389 1207 1482 
3069 1345 1390 1378 1564 
3070 1173 1329 1176 1557 
3071 1155 1144 1231 1540 
3072 1267 1407 1428 1463 
3073 1306 1307 1156 1473 
3074 1294 1295 1418 1592 
3075 1211 1370 1397 1565 
3076 1246 1524 1245 1593 
3077 1221 1390 1370 1547 
3078 1078 33 34 1539 
3079 1253 1219 1254 1516 
3080 1396 1398 1253 1494 
3081 1092 1093 1094 1464 
3082 1359 1094 1358 1569 
3083 1136 1147 1135 1509 
3084 1422 1298 1129 1522 
3085 1242 1559 1258 1590 
3086 1136 1108 1353 1487 
3087 1098 1099 1096 1587 
3088 1099 1569 1096 1587 
3089 1382 1503 1423 1581 
3090 1321 1155 1277 1517 
3091 1476 1549 1480 1591 
3092 1354 1397 1370 1565 
3093 1186 1222 1165 1586 
3094 37 1068 38 1469 
3095 1249 1376 1372 1483 
3096 1318 1371 1077 1568 
3097 1083 1081 1287 1541 
3098 1268 1279 1163 1554 
3099 1170 1171 1534 1584 
3100 1217 1225 1224 1528 
3101 1123 1137 1422 1545 
3102 488 489 487 1466 
3103 1459 1523 1470 1532 
3104 1460 1558 1499 1573 
3105 1363 40 1071 1480 
3106 1177 1180 1328 1578 
3107 1305 1406 1273 1493 
3108 1386 1300 1437 1543 
3109 1222 1571 1413 1586 
3110 1337 1206 1336 1555 
3111 1067 1385 1304 1512 
3112 1438 1569 1537 1587 
3113 1273 1305 1493 1594 
3114 1203 1214 1331 1526 
3115 1222 1529 1240 1571 
3116 1210 1164 1188 1542 
3117 1309 1294 1 1592 
3118 1388 1176 1276 1557 
3119 1287 1361 1540 1579 
3120 1403 1359 1358 1597 
3121 1278 1298 1137 1470 
3122 1271 1311 1426 1481 
3123 1340 1118 1122 1527 
3124 1430 1302 1072 1546 
3125 41 1549 1309 1591 
3126 1275 1559 1290 1583 
3127 1078 1312 1391 1539 
3128 35 1070 1312 1577 
3129 1168 1325 1382 1553 
3130 1518 1594 1491 1595 
3131 1493 1594 1518 1595 
3132 1295 1237 1297 1592 
3133 1213 1261 1227 1472 
3134 1274 1551 1401 1552 
3135 1189 1182 1184 1538 
3136 33 32 1386 1543 
3137 1229 1242 1258 1590 
3138 2 1383 1367 1567 
3139 1272 1581 1199 1582 
3140 34 1318 35 1577 
3141 1175 1178 1177 1578 
3142 1196 1294 1310 1478 
3143 1457 1563 1558 1573 
3144 1429 1311 1271 1481 
3145 1297 1483 1372 1591 
3146 1470 1523 1522 1545 
3147 1332 1375 1240 1529 
3148 1201 1200 1343 1531 
3149 34 1312 1078 1539 
3150 10 1527 1522 1545 
3151 1260 1394 1336 1555 
3152 1073 1313 27 1567 
3153 1382 1325 1326 1503 
3154 1251 1385 1419 1535 
3155 1368 1357 1537 1597 
3156 1316 1363 1317 1521 
3157 1145 1140 1347 1489 
3158 1231 1287 1361 1540 
3159 1229 1306 1157 1590 
3160 1293 1374 1227 1571 
3161 1353 1108 1106 1487 
3162 1400 1426 1075 1549 
3163 1117 1116 1350 1485 
3164 1193 1202 1348 1574 
3165 1131 1406 1305 1493 
3166 1170 1191 1171 1584 
3167 1292 1178 1388 1572 
3168 1306 1299 1307 1473 
3169 1537 1569 1438 1597 
3170 1290 1242 1323 1559 
3171 1399 1254 1255 1511 
3172 1081 1086 1287 1579 
3173 1290 1405 1220 1583 
3174 1313 1073 1396 1494 
3175 1318 1069 1408 1568 
3176 1405 1416 1220 1514 
3177 1386 1437 1069 1543 
3178 1101 1103 1105 1537 
3179 1368 1357 1105 1537 
3180 1321 1133 1320 1518 
3181 1215 1291 1275 1583 
3182 1265 1380 1413 1586 
3183 1171 1172 1169 1534 
3184 1256 1347 1397 1565 
3185 1080 1541 1083 1588 
3186 1260 1327 1394 1510 
3187 41 1309 1 1591 
3188 1085 1159 1154 1519 
3189 1230 1130 1142 1500 
3190 1301 1302 1303 1546 
3191 1159 1199 1154 1582 
3192 31 1425 1079 1501 
3193 1285 1398 1284 1585 
3194 1066 1383 27 1567 
3195 1110 1115 1387 1566 
3196 1432 1250 1352 1484 
3197 1362 1335 1182 1538 
3198 1126 1165 1121 1495 
3199 1481 1549 1475 1600 
3200 1476 1549 1481 1600 
3201 1168 1167 1169 1553 
3202 1211 1347 1164 1542 
3203 1170 1171 1169 1534 
3204 1223 1227 1374 1506 
3205 1271 1199 1272 1581 
3206 1403 1358 1357 1597 
3207 1382 1423 1272 1581 
3208 33 1386 1069 1543 
3209 1496 1438 1589 1597 
3210 1280 1252 1251 1535 
3211 1387 1308 1420 1474 
3212 1360 1089 1252 1508 
3213 1270 1400 1373 1475 
3214 1222 1186 1240 1529 
3215 1409 1397 1354 1565 
3216 1230 1402 1334 1570 
3217 1392 1176 1329 1557 
3218 1297 1236 1372 1483 
3219 1132 1369 1141 1488 
3220 1245 1152 1134 1524 
3221 1201 1214 1203 1531 
3222 1168 1169 1325 1553 
3223 1381 1276 1176 1557 
3224 1317 1274 1401 1552 
3225 1266 1073 2 1567 
3226 1317 1315 1316 1521 
3227 1110 1420 1107 1544 
3228 1324 1192 1170 1584 
3229 1090 1091 1088 1533 
3230 1354 1225 1409 1528 
3231 1079 1425 1302 1501 
3232 1326 1423 1382 1503 
3233 1221 1349 1378 1498 
3234 1232 1235 1218 1596 
3235 1275 1242 1290 1559 
3236 1341 1359 1403 1597 
3237 30 29 1072 1513 
3238 1258 1242 1275 1559 
3239 1076 1304 1082 1512 
3240 1201 1193 1200 1574 
3241 1427 1336 1394 1555 
3242 1416 1257 1220 1514 
3243 1273 1234 1305 1594 
3244 1261 1411 1227 1472 
3245 1433 1273 1406 1594 
3246 1077 35 1318 1577 
3247 1253 1356 1216 1516 
3248 1356 1516 1253 1585 
3249 1081 1080 1076 1541 
3250 35 1077 36 1577 
3251 1218 1209 1217 1505 
3252 1365 1247 1281 1593 
3253 1128 1125 1129 1522 
3254 1438 1597 1496 1598 
3255 1176 1392 1381 1557 
3256 1353 1333 1402 1570 
3257 1144 1083 1540 1588 
3258 1206 1332 1197 1530 
3259 1341 1286 1410 1496 
3260 1274 1153 1401 1551 
3261 1394 1327 1328 1510 
3262 1384 1315 1401 1551 
3263 36 1070 35 1577 
3264 1398 1073 1284 1494 
3265 1256 1397 1409 1565 
3266 1124 1133 1122 1527 
3267 1073 1398 1396 1494 
3268 1249 1250 1274 1552 
3269 4 1520 1519 1553 
3270 1204 1248 1202 1515 
3271 1315 1074 1316 1521 
3272 1106 1107 1104 1556 
3273 1080 1081 1083 1541 
3274 4 1468 1520 1553 
3275 1293 1413 1222 1571 
3276 1328 1174 1177 1578 
3277 1177 1174 1175 1578 
3278 1321 1320 1234 1518 
3279 1313 1254 1269 1511 
3280 1246 1245 1247 1593 
3281 1490 1594 1493 1595 
3282 1217 1356 1225 1585 
3283 1309 1310 1294 1592 
3284 1390 1407 1262 1547 
3285 1334 1402 1333 1570 
3286 8 1526 1511 1546 
3287 1284 1073 1266 1567 
3288 1075 1311 1309 1549 
3289 27 1383 2 1567 
3290 1269 1254 1399 1511 
3291 1345 1344 1185 1564 
3292 30 1076 29 1513 
3293 1106 1104 1102 1556 
3294 1228 1285 1284 1502 
3295 1108 1109 1107 1544 
3296 1216 1219 1253 1516 
3297 1111 1116 1115 1566 
3298 1161 1159 1085 1519 
3299 1339 1135 1147 1509 
3300 1224 1262 1232 1596 
3301 1506 1507 1472 1571 
3302 1532 1559 1461 1590 
3303 1304 1385 1082 1512 
3304 1099 1358 1096 1569 
3305 1090 1088 1089 1533 
3306 1191 1192 1193 1584 
3307 1152 1245 1246 1524 
3308 1193 1201 1202 1574 
3309 1160 1163 1323 1554 
3310 1280 1251 1419 1535 
3311 1430 1431 1303 1546 
3312 12 449 448 1536 
3313 3 1530 1506 1555 
3314 1263 1277 1155 1517 
3315 1091 1226 1364 1497 
3316 1496 1589 1438 1598 
3317 1338 1244 1120 1525 
3318 1337 1336 1427 1555 
3319 41 40 1549 1591 
3320 1205 1206 1197 1530 
3321 1228 1256 1285 1502 
3322 1249 1372 1236 1483 
3323 1343 1414 1214 1531 
3324 1297 1591 1417 1592 
3325 1287 1144 1083 1540 
3326 1223 1374 1421 1506 
3327 1208 1203 1331 1526 
3328 795 1441 1439 1500 
3329 1125 1422 1129 1522 
3330 1434 1360 1252 1508 
3331 1107 1109 1110 1544 
3332 410 565 11 1467 
3333 1099 1100 1101 1587 
3334 508 1476 507 1599 
3335 507 1476 506 1599 
3336 1225 1354 1224 1528 
3337 1266 2 1367 1567 
3338 1119 1123 1122 1545 
3339 1119 1137 1123 1545 
3340 566 15 721 1499 
3341 1357 1101 1105 1537 
3342 795 1500 1439 1570 
3343 1153 1152 1384 1551 
3344 1240 1374 1293 1571 
3345 1345 1378 1344 1564 
3346 1390 1262 1370 1547 
3347 1164 1210 1211 1542 
3348 1259 1371 1408 1568 
3349 1287 1231 1144 1540 
3350 1222 1240 1293 1571 
3351 1273 1233 1234 1594 
3352 1272 1199 1322 1582 
3353 1400 1075 40 1549 
3354 1368 1403 1357 1597 
3355 1201 1343 1214 1531 
3356 1133 1340 1122 1527 
3357 1232 1218 1224 1596 
3358 1362 1182 1189 1538 
3359 4 1553 1519 1582 
3360 527 526 14 1520 
3361 41 1071 40 1591 
3362 1267 1292 1276 1572 
3363 1186 1332 1240 1529 
3364 604 605 16 1523 
3365 1115 1110 1111 1566 
3366 1229 1278 1306 1590 
3367 1100 1099 1098 1587 
3368 1225 1356 1285 1585 
3369 1302 1430 1303 1546 
3370 1279 1323 1163 1554 
3371 3 1506 1538 1555 
3372 1403 1368 1341 1597 
3373 1249 1274 1376 1552 
3374 1066 1080 1083 1588 
3375 1361 1086 1088 1579 
3376 465 431 466 1563 
3377 665 664 509 1563 
3378 431 465 432 1563 
3379 582 1045 1044 1563 
3380 1272 1423 1424 1581 
3381 17 643 644 1486 
3382 1258 1278 1229 1590 
3383 1358 1094 1096 1569 
3384 1215 1275 1290 1583 
3385 1143 1383 1066 1588 
3386 1144 1143 1083 1588 
3387 1318 1408 1371 1568 
3388 1322 1199 1159 1582 
3389 18 682 683 1507 
3390 1170 1192 1191 1584 
3391 1 1417 1591 1592 
3392 1271 1272 1424 1581 
3393 1273 1367 1233 1594 
3394 1376 1274 1317 1552 
3395 1367 1273 1433 1594 
3396 1417 1 1294 1592 
3397 1222 1380 1165 1586 
3398 430 585 429 1563 
3399 1401 1153 1384 1551 
3400 1356 1253 1398 1585 
3401 1292 1388 1276 1572 
3402 1247 1288 1246 1593 
3403 586 431 587 1563 
3404 1220 1215 1290 1583 
3405 548 1445 1448 1548 
3406 1440 1527 723 1545 
3407 8 1531 1526 1546 
3408 1356 1398 1285 1585 
3409 2 1073 27 1567 
3410 1287 1086 1361 1579 
3411 7 1498 1542 1547 
3412 7 1547 1542 1565 
3413 41 1075 1309 1549 
3414 1380 1222 1413 1586 
3415 509 1476 510 1600 
3416 1417 1294 1418 1592 
3417 1143 1066 1083 1588 
3418 1533 1536 9 1579 
3419 1445 1548 548 1550 
3420 40 1075 41 1549 
3421 1288 1247 1365 1593 
3422 1297 1417 1418 1592 
3423 1071 41 1372 1591 
3424 1417 1297 1372 1591 
3425 508 1476 509 1600 
3426 1498 1499 7 1542 
3427 1525 1544 6 1566 
3428 1 1417 41 1591 
3429 508 507 1476 1600 
3430 41 1417 1372 1591 
3431 748 749 1439 1442 
3432 8 1467 1531 1546 
3433 5 1524 1500 1551 
3434 1497 1533 9 1579 
3435 752 753 1439 1442 
3436 506 1476 507 1600 
3437 206 1529 1495 1586 
3438 749 750 1439 1442 
3439 1479 1495 206 1529 
3440 751 752 1439 1442 
3441 271 270 1511 1526 
3442 270 269 1511 1526 
3443 1522 1523 10 1545 
3444 8 271 1511 1526 
3445 153 1476 152 1483 
3446 750 751 1439 1442 
3447 152 1476 151 1483 
3448 394 1490 393 1580 
3449 330 329 1492 1588 
3450 545 546 1504 1550 
3451 393 1490 392 1580 
3452 154 1476 153 1483 
3453 626 1562 1532 1563 
3454 392 1490 391 1580 
3455 143 1480 142 1552 
3456 5 1466 1524 1551 
3457 430 429 585 1580 
3458 665 1561 1562 1563 
3459 156 1476 155 1483 
3460 546 547 1504 1550 
3461 336 1491 335 1580 
3462 665 1561 1458 1562 
3463 587 431 586 1580 
3464 789 1438 788 1439 
3465 980 4 1468 1520 
3466 155 1476 154 1483 
3467 364 1493 365 1522 
3468 980 1468 4 1553 
3469 89 1481 86 1582 
3470 1024 1515 1025 1526 
3471 307 306 1492 1541 
3472 216 1478 215 1479 
3473 326 1540 325 1541 
3474 786 787 1438 1439 
3475 936 1462 24 1538 
3476 136 135 1500 1552 
3477 795 796 1441 1500 
3478 788 1438 787 1439 
3479 870 871 831 1598 
3480 215 1478 214 1479 
3481 327 1540 326 1541 
3482 391 1490 390 1580 
3483 329 330 1540 1588 
3484 365 1493 366 1522 
3485 704 1046 1045 1575 
3486 328 1540 327 1541 
3487 137 136 1500 1552 
3488 980 1468 981 1520 
3489 1025 1515 1026 1526 
3490 830 831 871 1598 
3491 137 1500 138 1552 
3492 951 1452 952 1578 
3493 89 90 1481 1582 
3494 796 797 1441 1500 
3495 951 952 1510 1578 
3496 336 337 1491 1580 
3497 1026 1515 1027 1526 
3498 373 372 1493 1522 
3499 325 1540 324 1541 
3500 788 827 828 1438 
3501 87 86 1553 1582 
3502 871 340 339 1580 
3503 256 257 1494 1580 
3504 812 813 1441 1524 
3505 724 1440 723 1545 
3506 366 1493 367 1522 
3507 1027 1515 1028 1526 
3508 757 1474 758 1556 
3509 797 798 1441 1500 
3510 828 787 788 1438 
3511 306 305 1492 1541 
3512 387 1490 386 1580 
3513 981 1468 982 1520 
3514 980 981 1468 1553 
3515 803 1441 802 1500 
3516 811 1500 810 1524 
3517 388 1490 387 1580 
3518 91 84 1481 1600 
3519 216 1479 215 1529 
3520 1045 1044 248 1580 
3521 256 1494 255 1580 
3522 1028 1515 1029 1526 
3523 389 1490 388 1580 
3524 390 1490 389 1580 
3525 179 6 1525 1544 
3526 810 1500 809 1524 
3527 759 758 1474 1556 
3528 1045 248 247 1580 
3529 725 1440 724 1545 
3530 394 1489 393 1490 
3531 1057 1056 1463 1596 
3532 487 809 13 1466 
3533 60 61 668 1599 
3534 405 1502 230 1565 
3535 372 371 1493 1522 
3536 1044 1043 249 1580 
3537 935 1462 936 1538 
3538 795 1439 794 1570 
3539 971 972 1503 1576 
3540 848 847 1533 1589 
3541 799 1441 798 1500 
3542 727 1440 726 1545 
3543 183 182 1486 1525 
3544 255 1494 254 1580 
3545 1042 250 1043 1580 
3546 83 1481 84 1600 
3547 259 258 1494 1516 
3548 1044 249 248 1580 
3549 184 183 1486 1525 
3550 760 759 1474 1556 
3551 362 361 1493 1518 
3552 173 1477 172 1509 
3553 815 1441 814 1524 
3554 726 1440 725 1545 
3555 970 971 1503 1576 
3556 83 84 1481 1581 
3557 813 814 1441 1524 
3558 272 8 1511 1546 
3559 63 62 1478 1599 
3560 367 1493 368 1522 
3561 249 1043 250 1580 
3562 60 59 1478 1599 
3563 254 1494 253 1580 
3564 760 1474 761 1556 
3565 324 1540 323 1541 
3566 261 260 1511 1516 
3567 762 1474 763 1556 
3568 399 1489 398 1502 
3569 761 1474 762 1556 
3570 785 786 627 626 
3571 369 368 1493 1522 
3572 723 1440 892 1527 
3573 251 250 1042 1580 
3574 393 1489 392 1490 
3575 756 1474 757 1556 
3576 360 1493 361 1518 
3577 800 1441 799 1500 
3578 371 370 1493 1522 
3579 258 1515 257 1526 
3580 1057 1463 1058 1596 
3581 363 1518 10 1527 
3582 915 914 702 1575 
3583 982 1468 983 1520 
3584 723 1527 722 1545 
3585 370 369 1493 1522 
3586 59 58 1478 1599 
3587 198 658 197 1599 
3588 809 1500 808 1524 
3589 400 1489 399 1502 
3590 925 1507 924 1538 
3591 87 1553 4 1582 
3592 471 470 786 787 
3593 61 60 1478 1599 
3594 401 1489 400 1502 
3595 58 57 1478 1599 
3596 914 913 703 1575 
3597 727 728 1440 1545 
3598 702 914 703 1575 
3599 801 1441 800 1500 
3600 766 1544 767 1556 
3601 172 1477 171 1509 
3602 392 1489 391 1490 
3603 892 1440 891 1527 
3604 316 1512 315 1541 
3605 62 61 1478 1599 
3606 193 194 1477 1495 
3607 1058 1463 1059 1596 
3608 258 259 1515 1526 
3609 913 912 704 1575 
3610 318 1541 319 1579 
3611 92 1475 93 1600 
3612 325 326 1497 1540 
3613 802 1441 801 1500 
3614 323 324 1497 1540 
3615 703 913 704 1575 
3616 739 738 1440 1598 
3617 186 187 1477 1525 
3618 768 767 1544 1556 
3619 231 230 1528 1596 
3620 1039 1038 1453 1505 
3621 70 69 1481 1600 
3622 258 257 1494 1516 
3623 786 626 625 470 
3624 324 325 1497 1540 
3625 769 768 1544 1556 
3626 301 1492 300 1580 
3627 362 1518 363 1527 
3628 738 737 1440 1598 
3629 215 1479 214 1529 
3630 168 1477 167 1509 
3631 755 1474 756 1556 
3632 808 1500 21 1524 
3633 1065 1463 894 1547 
3634 469 786 625 470 
3635 1050 1051 1453 1575 
3636 1059 1463 1060 1596 
3637 171 1477 170 1509 
3638 323 1540 322 1541 
3639 982 1468 981 1553 
3640 1065 1064 1463 1547 
3641 168 169 1477 1509 
3642 1029 1515 1030 1526 
3643 82 1481 83 1600 
3644 890 891 1440 1527 
3645 170 1477 169 1509 
3646 463 869 870 464 
3647 262 261 1511 1516 
3648 82 83 1481 1581 
3649 68 1481 69 1600 
3650 773 772 1487 1556 
3651 273 272 1511 1546 
3652 550 551 1041 1042 
3653 398 1489 397 1502 
3654 1060 1463 1061 1596 
3655 22 1497 850 1533 
3656 259 260 1515 1526 
3657 68 67 1481 1600 
3658 1061 1463 1062 1596 
3659 472 473 789 788 
3660 233 232 1502 1528 
3661 753 754 1442 1474 
3662 9 318 1497 1579 
3663 876 740 875 1598 
3664 235 1502 236 1528 
3665 984 983 1468 1520 
3666 236 1502 237 1528 
3667 64 65 1478 1482 
3668 889 890 1440 1527 
3669 233 1502 234 1528 
3670 937 24 1462 1555 
3671 238 397 239 1502 
3672 234 1502 235 1528 
3673 849 850 1497 1533 
3674 209 210 57 1599 
3675 322 1540 321 1541 
3676 208 668 207 1599 
3677 740 876 739 1598 
3678 300 1492 299 1580 
3679 260 261 1515 1526 
3680 9 1497 22 1533 
3681 888 889 1440 1527 
3682 935 934 1462 1538 
3683 392 391 580 1580 
3684 722 1527 19 1545 
3685 257 256 1494 1516 
3686 925 926 1507 1538 
3687 253 1494 252 1580 
3688 173 174 1509 1544 
3689 81 82 1481 1581 
3690 242 394 393 1580 
3691 81 1481 82 1600 
3692 737 736 1440 1598 
3693 739 877 738 1598 
3694 752 753 1442 1474 
3695 752 777 778 1439 
3696 238 237 398 1502 
3697 362 361 1518 1527 
3698 263 262 1511 1516 
3699 1016 1017 1467 1531 
3700 841 842 1464 1508 
3701 793 794 1439 1570 
3702 71 70 1481 1600 
3703 256 255 1494 1516 
3704 315 1512 314 1541 
3705 397 1489 396 1502 
3706 174 175 1509 1544 
3707 329 330 1497 1540 
3708 383 1493 382 1595 
3709 922 1452 923 1455 
3710 982 983 1468 1553 
3711 5 21 1500 1524 
3712 148 149 1484 1570 
3713 548 1448 549 1548 
3714 127 126 1521 1552 
3715 56 1478 55 1482 
3716 57 58 209 1599 
3717 383 1488 382 1493 
3718 318 319 1497 1579 
3719 83 1503 84 1581 
3720 397 396 239 1502 
3721 550 1448 551 1548 
3722 549 1448 550 1548 
3723 751 778 779 1439 
3724 841 1464 840 1508 
3725 326 327 1497 1540 
3726 80 81 1481 1581 
3727 985 984 1468 1520 
3728 255 254 1494 1516 
3729 391 1489 390 1490 
3730 374 1522 375 1523 
3731 488 13 130 1466 
3732 93 1475 94 1600 
3733 877 739 876 1598 
3734 80 1481 81 1600 
3735 739 1440 738 1471 
3736 1009 1451 1008 1575 
3737 668 667 207 1599 
3738 934 933 1462 1538 
3739 162 163 1477 1509 
3740 254 253 1494 1516 
3741 581 580 391 1580 
3742 64 1478 63 1482 
3743 773 1487 774 1556 
3744 384 1488 383 1493 
3745 232 231 1528 1596 
3746 839 840 1464 1508 
3747 751 752 778 1439 
3748 779 750 751 1439 
3749 335 1517 336 1589 
3750 334 1517 335 1589 
3751 1052 1051 1453 1505 
3752 91 90 1519 1582 
3753 352 351 1518 1527 
3754 1039 1038 1007 1575 
3755 1015 1450 1014 1574 
3756 737 738 1440 1471 
3757 820 1441 819 1443 
3758 83 84 1503 1553 
3759 922 921 1452 1455 
3760 124 125 142 1480 
3761 986 987 1468 1576 
3762 504 505 470 1504 
3763 471 504 470 1504 
3764 398 397 238 1502 
3765 735 1440 736 1598 
3766 835 836 1464 1508 
3767 937 1462 938 1555 
3768 1038 1039 1453 1575 
3769 845 846 1533 1536 
3770 1040 1039 1453 1505 
3771 167 1477 166 1509 
3772 1008 1451 1007 1575 
3773 730 731 1440 1471 
3774 51 944 1462 1555 
3775 792 793 1439 1570 
3776 930 1462 931 1538 
3777 307 306 328 1492 
3778 932 1462 933 1538 
3779 299 1492 298 1580 
3780 732 1440 731 1471 
3781 926 927 1507 1538 
3782 328 329 1497 1540 
3783 775 774 1487 1556 
3784 462 868 869 463 
3785 931 1462 932 1538 
3786 258 257 1516 1526 
3787 128 127 1521 1552 
3788 360 1518 361 1527 
3789 1028 1027 1018 1515 
3790 551 552 1040 1041 
3791 146 147 1483 1484 
3792 1009 1450 1008 1451 
3793 131 130 1466 1521 
3794 1007 1451 1006 1575 
3795 757 758 1474 1486 
3796 921 920 1452 1455 
3797 391 390 581 1580 
3798 1028 1018 1017 1515 
3799 125 1480 124 1521 
3800 72 71 1481 1600 
3801 777 1439 776 1487 
3802 306 329 328 1492 
3803 213 214 1479 1529 
3804 382 1488 381 1493 
3805 838 839 1464 1508 
3806 1018 1467 1017 1531 
3807 932 933 1507 1538 
3808 887 888 1440 1527 
3809 836 837 1464 1508 
3810 79 80 1481 1581 
3811 931 1507 930 1538 
3812 1051 1050 1453 1505 
3813 733 732 1440 1598 
3814 894 1498 7 1547 
3815 943 1462 944 1555 
3816 273 1511 274 1546 
3817 164 1477 163 1509 
3818 1050 1049 909 1575 
3819 334 333 1491 1540 
3820 757 772 773 1556 
3821 667 206 207 1599 
3822 470 469 786 787 
3823 1049 1050 1453 1575 
3824 326 325 310 1541 
3825 121 120 1466 1521 
3826 465 466 431 1560 
3827 551 1448 552 1548 
3828 932 1507 931 1538 
3829 432 465 431 1560 
3830 146 147 1484 1500 
3831 510 544 509 1550 
3832 544 510 543 1550 
3833 1008 1450 1007 1451 
3834 920 919 1452 1455 
3835 314 1512 313 1541 
3836 79 1481 80 1600 
3837 763 1474 762 1486 
3838 124 142 143 1480 
3839 823 1443 822 1444 
3840 82 1503 83 1581 
3841 129 128 1521 1552 
3842 735 734 1440 1598 
3843 63 1478 62 1482 
3844 903 904 1498 1564 
3845 942 1462 943 1555 
3846 737 1440 736 1471 
3847 66 67 1481 1482 
3848 1007 1448 1006 1450 
3849 903 1463 904 1564 
3850 237 1528 238 1596 
3851 382 1493 381 1595 
3852 1007 1450 1006 1451 
3853 819 796 797 1441 
3854 147 148 1483 1484 
3855 792 1439 791 1570 
3856 819 797 818 1441 
3857 837 838 1464 1508 
3858 225 224 1507 1529 
3859 909 1049 910 1575 
3860 327 328 1497 1540 
3861 988 1468 987 1576 
3862 131 130 1521 1552 
3863 905 1463 906 1564 
3864 77 78 1481 1581 
3865 759 1474 758 1486 
3866 319 320 1497 1579 
3867 235 1528 236 1596 
3868 347 346 1517 1598 
3869 233 232 1528 1596 
3870 130 129 1521 1552 
3871 172 171 1487 1509 
3872 236 1528 237 1596 
3873 360 359 1518 1527 
3874 1051 1050 908 1575 
3875 210 209 1479 1599 
3876 310 309 326 1541 
3877 986 985 1468 1520 
3878 756 757 1474 1486 
3879 1025 1024 1021 1515 
3880 353 352 1518 1527 
3881 929 1462 930 1538 
3882 727 726 1523 1545 
3883 291 292 1492 1580 
3884 1021 1020 1025 1515 
3885 234 1528 235 1596 
3886 233 1528 234 1596 
3887 846 847 1533 1536 
3888 229 230 1528 1565 
3889 730 1470 731 1471 
3890 78 79 1481 1581 
3891 761 762 1474 1486 
3892 94 1475 95 1600 
3893 1006 1448 1005 1450 
3894 380 381 1488 1493 
3895 824 1443 823 1444 
3896 165 1477 164 1509 
3897 927 928 1507 1538 
3898 192 167 168 1477 
3899 60 1478 59 1482 
3900 998 999 1468 1576 
3901 373 1522 374 1523 
3902 834 1464 835 1589 
3903 313 1512 312 1541 
3904 130 129 1466 1521 
3905 821 1441 820 1443 
3906 297 298 1492 1580 
3907 106 1469 105 1550 
3908 148 149 1483 1484 
3909 908 1050 909 1575 
3910 542 510 511 1550 
3911 760 1474 759 1486 
3912 57 1478 56 1482 
3913 10 19 1527 1545 
3914 761 1474 760 1486 
3915 81 1503 82 1581 
3916 77 1481 78 1600 
3917 282 281 1511 1546 
3918 941 1462 942 1555 
3919 755 756 1474 1486 
3920 421 287 256 1580 
3921 791 1439 790 1570 
3922 816 1466 817 1524 
3923 253 252 1494 1516 
3924 930 1507 929 1538 
3925 998 1468 997 1576 
3926 166 193 194 1477 
3927 73 72 1481 1600 
3928 78 1481 79 1600 
3929 255 1505 254 1516 
3930 211 1529 210 1571 
3931 909 1455 910 1456 
3932 293 1492 292 1580 
3933 59 1478 58 1482 
3934 52 215 216 1478 
3935 734 733 1440 1598 
3936 58 1478 57 1482 
3937 732 731 1470 1471 
3938 1007 1008 1448 1450 
3939 1019 1467 1018 1531 
3940 833 1464 834 1589 
3941 76 77 1481 1581 
3942 55 56 1482 1510 
3943 149 150 1484 1570 
3944 825 1443 824 1444 
3945 296 297 1492 1580 
3946 553 552 1448 1548 
3947 398 399 1499 1542 
3948 756 773 774 1556 
3949 61 1478 60 1482 
3950 258 1516 259 1526 
3951 832 1464 833 1589 
3952 905 904 1463 1564 
3953 209 208 1479 1599 
3954 291 1492 292 1513 
3955 581 390 582 1580 
3956 778 1439 777 1487 
3957 733 1440 732 1471 
3958 736 1440 735 1471 
3959 547 546 1449 1550 
3960 938 1462 939 1555 
3961 133 132 1551 1552 
3962 161 160 1487 1509 
3963 312 1512 311 1541 
3964 62 1478 61 1482 
3965 1002 1450 1001 1451 
3966 294 1492 293 1580 
3967 1006 1451 1005 1575 
3968 989 1468 988 1576 
3969 359 358 1518 1527 
3970 295 296 1492 1580 
3971 920 919 1455 1456 
3972 90 89 1519 1582 
3973 298 1446 297 1513 
3974 826 1443 825 1444 
3975 80 1503 81 1581 
3976 409 7 1542 1565 
3977 379 380 1488 1493 
3978 295 1492 294 1580 
3979 216 51 52 1478 
3980 790 1439 789 1570 
3981 166 1477 165 1509 
3982 757 773 756 1556 
3983 45 46 1530 1555 
3984 886 887 1440 1527 
3985 145 146 1484 1500 
3986 928 1462 929 1538 
3987 168 191 192 1477 
3988 941 940 1462 1555 
3989 1039 1040 1453 1575 
3990 346 345 1517 1598 
3991 311 1512 310 1541 
3992 310 1512 309 1541 
3993 902 1498 903 1499 
3994 510 542 543 1550 
3995 1038 1037 1008 1575 
3996 194 165 166 1477 
3997 847 848 1533 1536 
3998 171 170 1487 1509 
3999 903 1498 904 1499 
4000 126 140 141 1552 
4001 74 73 1481 1600 
4002 282 281 262 1511 
4003 129 128 1466 1521 
4004 220 219 1529 1530 
4005 122 121 1466 1521 
4006 75 76 1481 1581 
4007 784 785 627 626 
4008 46 47 1530 1555 
4009 1040 1453 1041 1505 
4010 988 987 1468 1520 
4011 853 1497 854 1589 
4012 928 929 1507 1538 
4013 726 725 1523 1545 
4014 1009 1448 1008 1450 
4015 208 207 1479 1599 
4016 300 299 1492 1513 
4017 878 879 736 1598 
4018 391 1460 392 1573 
4019 823 1441 822 1443 
4020 1006 1450 1005 1451 
4021 76 1481 77 1600 
4022 379 1488 378 1493 
4023 402 1489 403 1542 
4024 1038 1008 1007 1575 
4025 409 7 1499 1542 
4026 306 1512 305 1541 
4027 348 347 593 1595 
4028 6 764 1486 1566 
4029 545 544 1449 1550 
4030 939 1462 940 1555 
4031 353 1518 354 1527 
4032 997 998 1449 1468 
4033 666 206 667 1599 
4034 774 755 756 1556 
4035 378 1488 377 1493 
4036 542 541 1449 1550 
4037 670 1561 669 1563 
4038 582 390 389 1580 
4039 472 473 503 1504 
4040 380 381 1493 1595 
4041 465 870 869 464 
4042 895 721 15 1499 
4043 382 381 1488 1573 
4044 133 132 1466 1551 
4045 75 74 1481 1600 
4046 44 45 1530 1555 
4047 315 1512 316 1536 
4048 987 986 1468 1520 
4049 109 110 1469 1550 
4050 125 124 1466 1521 
4051 254 1505 253 1516 
4052 224 223 1507 1529 
4053 470 471 788 787 
4054 398 1489 399 1542 
4055 330 1497 331 1589 
4056 1003 1450 1002 1451 
4057 293 292 1492 1513 
4058 962 1454 961 1576 
4059 207 208 1479 1529 
4060 989 990 1468 1576 
4061 735 1440 734 1471 
4062 170 169 1487 1509 
4063 225 224 1529 1530 
4064 274 1511 275 1546 
4065 487 489 486 1466 
4066 830 467 871 831 
4067 463 464 433 1560 
4068 822 1441 821 1443 
4069 107 1469 106 1550 
4070 1020 1467 1019 1531 
4071 12 849 449 1536 
4072 789 471 472 788 
4073 128 127 1466 1521 
4074 42 43 1530 1555 
4075 281 280 1511 1546 
4076 408 409 1542 1565 
4077 553 1448 554 1548 
4078 997 1468 996 1576 
4079 43 44 1530 1555 
4080 835 1464 836 1589 
4081 216 217 51 1478 
4082 771 758 759 1556 
4083 725 724 1523 1545 
4084 1058 902 901 1463 
4085 759 770 771 1556 
4086 262 261 282 1511 
4087 124 1480 123 1521 
4088 473 472 789 790 
4089 79 1503 80 1581 
4090 77 1503 78 1581 
4091 168 167 1487 1509 
4092 168 1487 169 1509 
4093 126 127 140 1552 
4094 126 125 1466 1521 
4095 1050 1049 1453 1505 
4096 310 325 324 1541 
4097 946 945 928 1462 
4098 95 1475 96 1600 
4099 1057 902 1058 1463 
4100 736 737 878 1598 
4101 345 344 1517 1598 
4102 9 1533 850 1536 
4103 127 126 1466 1521 
4104 779 1439 778 1487 
4105 918 1455 919 1456 
4106 667 666 63 956 
4107 401 1489 402 1542 
4108 724 723 1523 1545 
4109 541 542 511 1550 
4110 541 540 1449 1550 
4111 84 85 90 1481 
4112 76 75 1481 1600 
4113 1041 1453 1042 1505 
4114 502 503 473 1504 
4115 962 963 1454 1576 
4116 1021 11 565 1467 
4117 848 849 1533 1536 
4118 387 386 585 1580 
4119 399 1489 400 1542 
4120 217 50 51 1478 
4121 212 1529 211 1571 
4122 434 463 433 1560 
4123 1004 1450 1003 1451 
4124 216 215 1507 1529 
4125 200 1458 201 1495 
4126 307 1512 306 1541 
4127 207 1479 206 1529 
4128 289 288 423 1580 
4129 202 203 663 1599 
4130 667 62 668 955 
4131 901 1498 902 1499 
4132 372 1522 373 1523 
4133 582 389 583 1580 
4134 543 542 1449 1550 
4135 816 815 1466 1524 
4136 1048 1049 1453 1575 
4137 584 388 387 1580 
4138 854 1497 855 1589 
4139 996 997 1449 1468 
4140 722 10 1523 1545 
4141 309 1512 308 1541 
4142 221 220 1529 1530 
4143 108 109 1469 1550 
4144 5 133 1551 1552 
4145 389 388 583 1580 
4146 400 1489 401 1542 
4147 407 408 1542 1565 
4148 734 1440 733 1471 
4149 206 666 205 1599 
4150 737 1470 738 1471 
4151 205 665 204 1599 
4152 162 161 1487 1509 
4153 294 293 1492 1513 
4154 276 275 1511 1546 
4155 202 663 662 1599 
4156 7 1498 894 1499 
4157 957 63 666 956 
4158 76 1503 77 1581 
4159 204 664 203 1599 
4160 124 123 1466 1521 
4161 827 1443 826 1444 
4162 668 669 1561 1563 
4163 723 722 1523 1545 
4164 280 279 1511 1546 
4165 963 964 1454 1576 
4166 546 545 1449 1550 
4167 399 400 1499 1542 
4168 383 382 1488 1573 
4169 780 1439 779 1487 
4170 78 1503 79 1581 
4171 324 311 310 1541 
4172 469 827 828 788 
4173 288 422 423 1580 
4174 511 512 541 1550 
4175 540 539 1449 1550 
4176 965 1454 964 1576 
4177 48 1530 47 1555 
4178 949 924 923 1452 
4179 830 1443 829 1444 
4180 665 205 666 1599 
4181 259 1516 260 1526 
4182 503 502 1465 1504 
4183 895 894 1498 1499 
4184 612 1523 597 1532 
4185 354 1518 355 1527 
4186 664 204 665 1599 
4187 1020 1021 1467 1531 
4188 279 278 1511 1546 
4189 781 782 1439 1487 
4190 299 298 1492 1513 
4191 1005 1450 1004 1451 
4192 781 1439 780 1487 
4193 224 223 1529 1530 
4194 408 409 1499 1542 
4195 75 1503 76 1581 
4196 397 1489 398 1542 
4197 1022 8 1467 1531 
4198 663 203 664 1599 
4199 827 469 470 788 
4200 596 1523 595 1532 
4201 5 133 1466 1551 
4202 122 1466 123 1521 
4203 788 828 469 787 
4204 544 543 1449 1550 
4205 114 113 1465 1469 
4206 277 276 1511 1546 
4207 586 585 386 1580 
4208 503 1465 504 1504 
4209 789 1439 788 1570 
4210 107 108 1469 1550 
4211 463 868 869 464 
4212 290 289 424 1580 
4213 626 627 783 746 
4214 101 1469 102 1475 
4215 980 4 25 1553 
4216 278 277 1511 1546 
4217 850 1533 849 1536 
4218 152 153 1484 1570 
4219 474 1444 475 1504 
4220 856 855 1497 1589 
4221 1042 1453 1043 1505 
4222 605 723 16 1523 
4223 733 732 1470 1471 
4224 212 213 1479 1529 
4225 996 1468 995 1576 
4226 358 357 1518 1527 
4227 1048 1453 1047 1575 
4228 469 470 788 787 
4229 550 551 1040 1041 
4230 995 996 1449 1468 
4231 295 294 1492 1513 
4232 584 387 585 1580 
4233 150 1483 149 1484 
4234 222 221 1529 1530 
4235 958 959 1454 1576 
4236 329 1497 330 1589 
4237 502 501 1465 1504 
4238 392 1460 393 1573 
4239 583 388 584 1580 
4240 151 152 1484 1570 
4241 209 1479 208 1529 
4242 150 151 1484 1570 
4243 223 222 1507 1529 
4244 900 1498 901 1499 
4245 981 527 14 1520 
4246 222 1529 223 1530 
4247 89 88 1519 1582 
4248 308 1512 307 1541 
4249 423 424 289 1580 
4250 379 380 1493 1595 
4251 668 1561 667 1563 
4252 787 1439 156 1570 
4253 842 843 1508 1536 
4254 471 826 470 789 
4255 89 86 87 1582 
4256 242 243 1505 1585 
4257 829 1443 828 1444 
4258 961 1454 960 1576 
4259 1040 1041 1453 1575 
4260 836 1464 837 1589 
4261 817 798 799 1441 
4262 597 1523 596 1532 
4263 799 816 817 1441 
4264 1021 1022 1467 1531 
4265 114 1465 115 1469 
4266 371 1493 370 1595 
4267 396 1489 397 1542 
4268 1047 1453 1046 1575 
4269 737 736 1470 1471 
4270 950 949 923 1452 
4271 295 1492 296 1513 
4272 994 995 1449 1468 
4273 500 1465 501 1504 
4274 49 218 219 1478 
4275 910 1455 911 1456 
4276 842 1464 843 1589 
4277 157 1483 156 1484 
4278 842 1508 841 1536 
4279 355 1518 356 1527 
4280 1043 1453 1044 1505 
4281 243 244 1505 1585 
4282 116 115 1465 1469 
4283 117 116 1465 1469 
4284 91 84 90 1481 
4285 473 1444 474 1504 
4286 993 994 1449 1468 
4287 992 993 1449 1468 
4288 3 42 1530 1555 
4289 828 1443 827 1444 
4290 296 1492 297 1513 
4291 990 991 1468 1576 
4292 809 808 1466 1524 
4293 288 1501 287 1513 
4294 314 1512 315 1536 
4295 337 1491 338 1517 
4296 1042 1453 1041 1575 
4297 297 1492 298 1513 
4298 627 783 784 626 
4299 424 425 290 1580 
4300 264 280 279 1511 
4301 407 408 1499 1542 
4302 56 57 1482 1510 
4303 217 216 1507 1529 
4304 630 1562 629 1563 
4305 1046 1453 1045 1575 
4306 88 4 1519 1582 
4307 372 1493 371 1595 
4308 234 402 401 1502 
4309 810 809 1466 1524 
4310 406 407 1542 1565 
4311 163 162 1487 1509 
4312 374 375 1493 1595 
4313 1002 1003 1449 1450 
4314 153 154 1484 1570 
4315 190 169 170 1477 
4316 841 1464 842 1589 
4317 995 1468 994 1576 
4318 338 1517 339 1598 
4319 864 836 837 1589 
4320 839 1464 840 1589 
4321 294 293 1501 1548 
4322 815 814 1466 1524 
4323 1044 1453 1045 1505 
4324 210 1479 209 1529 
4325 344 343 1517 1598 
4326 260 1516 261 1526 
4327 737 738 1470 1532 
4328 400 401 1499 1542 
4329 234 233 402 1502 
4330 617 1532 616 1563 
4331 1043 1453 1042 1575 
4332 841 840 1464 1589 
4333 373 1493 372 1595 
4334 1045 1453 1044 1575 
4335 373 374 1493 1595 
4336 356 357 1518 1595 
4337 5 1466 808 1524 
4338 958 1454 959 1510 
4339 356 1518 357 1527 
4340 47 219 220 1530 
4341 736 735 1470 1471 
4342 1043 1044 1453 1575 
4343 472 1444 473 1504 
4344 760 761 769 1556 
4345 372 371 1522 1523 
4346 899 1498 900 1499 
4347 917 1455 918 1456 
4348 761 768 769 1556 
4349 8 271 272 1511 
4350 281 1467 280 1546 
4351 207 206 1479 1599 
4352 127 139 140 1552 
4353 339 338 1491 1517 
4354 123 1480 122 1521 
4355 295 1501 294 1513 
4356 328 1497 329 1589 
4357 813 803 812 1441 
4358 1046 1045 1453 1505 
4359 627 782 783 746 
4360 470 471 789 788 
4361 119 1480 118 1521 
4362 959 960 1454 1576 
4363 838 1464 839 1589 
4364 286 285 1501 1548 
4365 222 221 1507 1529 
4366 837 1464 838 1589 
4367 1046 1453 1047 1505 
4368 393 1460 394 1573 
4369 788 1439 787 1570 
4370 291 290 425 1580 
4371 1048 1453 1049 1505 
4372 857 856 1497 1589 
4373 253 1505 252 1516 
4374 17 763 643 1486 
4375 471 472 825 790 
4376 472 471 789 790 
4377 1047 1453 1048 1505 
4378 289 1501 288 1513 
4379 746 627 782 747 
4380 994 1468 993 1576 
4381 298 432 433 1580 
4382 189 190 170 1477 
4383 219 47 48 1530 
4384 339 1491 340 1517 
4385 154 155 1484 1570 
4386 390 389 1488 1573 
4387 375 376 1493 1595 
4388 864 865 836 1589 
4389 1040 552 551 1039 
4390 153 1483 152 1484 
4391 379 1493 378 1595 
4392 89 87 88 1582 
4393 735 734 1470 1471 
4394 1001 1002 1449 1450 
4395 167 166 1487 1509 
4396 263 280 264 1511 
4397 464 1444 465 1560 
4398 156 1483 155 1484 
4399 122 1480 121 1521 
4400 405 406 1542 1565 
4401 895 1498 896 1499 
4402 247 248 1505 1585 
4403 339 1517 340 1598 
4404 340 1491 341 1517 
4405 120 1480 119 1521 
4406 811 810 1466 1524 
4407 244 245 1505 1585 
4408 58 1482 57 1510 
4409 618 1532 617 1563 
4410 18 683 935 1507 
4411 211 1479 210 1529 
4412 121 1480 120 1521 
4413 667 1561 666 1563 
4414 127 128 139 1552 
4415 261 1516 262 1526 
4416 1001 1451 1000 1576 
4417 762 763 767 1556 
4418 734 733 1470 1471 
4419 699 698 919 954 
4420 290 1501 289 1513 
4421 217 1507 218 1529 
4422 501 473 474 1504 
4423 96 1475 97 1600 
4424 993 1468 992 1576 
4425 898 1498 899 1499 
4426 763 766 767 1556 
4427 1000 1001 1449 1450 
4428 403 402 233 1502 
4429 384 383 1488 1573 
4430 434 462 463 1560 
4431 212 1479 211 1529 
4432 722 723 893 1527 
4433 164 163 1487 1509 
4434 1062 230 231 1596 
4435 152 1483 151 1484 
4436 355 356 1518 1595 
4437 299 1446 300 1560 
4438 462 867 868 463 
4439 736 737 1470 1532 
4440 802 803 813 1441 
4441 364 362 365 1493 
4442 327 858 1497 1589 
4443 327 1497 328 1589 
4444 723 892 893 1527 
4445 220 1507 221 1529 
4446 992 1468 991 1576 
4447 233 232 403 1502 
4448 262 1516 263 1526 
4449 401 402 1499 1542 
4450 246 247 1505 1585 
4451 340 1517 341 1598 
4452 738 620 619 877 
4453 293 292 1501 1548 
4454 102 1469 103 1475 
4455 513 962 68 512 
4456 658 659 1562 1563 
4457 812 811 1466 1524 
4458 154 1483 153 1484 
4459 151 1483 150 1484 
4460 22 9 318 1497 
4461 394 1460 395 1573 
4462 432 298 297 1580 
4463 627 628 782 747 
4464 109 1469 110 1475 
4465 619 1532 618 1563 
4466 858 857 1497 1589 
4467 813 1466 814 1524 
4468 289 1501 290 1548 
4469 626 1532 625 1563 
4470 435 462 434 1560 
4471 813 812 1466 1524 
4472 294 1501 293 1513 
4473 313 1512 314 1536 
4474 341 1517 342 1598 
4475 59 1482 58 1510 
4476 118 1480 117 1521 
4477 200 201 1458 1562 
4478 343 342 1517 1598 
4479 943 930 944 1462 
4480 109 1475 110 1600 
4481 389 388 1488 1573 
4482 473 501 502 1504 
4483 245 246 1505 1585 
4484 743 1473 742 1532 
4485 739 621 620 876 
4486 298 1446 299 1560 
4487 219 1507 220 1529 
4488 101 102 516 1600 
4489 898 897 1498 1499 
4490 219 218 1507 1529 
4491 744 1473 743 1532 
4492 620 1532 619 1563 
4493 278 266 265 1511 
4494 155 1483 154 1484 
4495 824 825 472 791 
4496 288 1501 289 1548 
4497 354 355 1518 1595 
4498 431 297 296 1580 
4499 900 899 1060 1463 
4500 406 407 1499 1542 
4501 188 171 172 1477 
4502 579 1048 245 580 
4503 46 47 220 1530 
4504 472 473 791 790 
4505 911 1455 912 1456 
4506 287 286 1501 1548 
4507 791 825 472 790 
4508 1060 1059 900 1463 
4509 370 1522 371 1523 
4510 64 65 1482 1510 
4511 824 472 473 791 
4512 744 1471 743 1473 
4513 665 1458 204 1562 
4514 1065 895 894 1463 
4515 735 736 1470 1532 
4516 287 1501 288 1548 
4517 916 1455 917 1456 
4518 1002 1451 1001 1576 
4519 1003 1451 1002 1576 
4520 378 1493 377 1595 
4521 291 425 426 1580 
4522 432 297 431 1580 
4523 953 919 698 954 
4524 739 877 620 738 
4525 204 1458 203 1562 
4526 1040 551 550 1039 
4527 229 406 230 1565 
4528 352 1518 351 1595 
4529 23 1065 894 1547 
4530 660 1562 659 1563 
4531 103 1469 104 1475 
4532 202 1458 201 1562 
4533 60 1482 59 1510 
4534 377 1493 376 1595 
4535 291 290 1501 1548 
4536 876 740 621 875 
4537 279 280 1467 1546 
4538 165 164 1487 1509 
4539 182 176 177 1525 
4540 430 296 295 1580 
4541 743 1471 742 1473 
4542 896 1498 897 1499 
4543 666 1561 665 1563 
4544 353 354 1518 1595 
4545 203 1458 202 1562 
4546 402 403 1499 1542 
4547 92 83 84 1600 
4548 353 1518 352 1595 
4549 912 1455 913 1456 
4550 471 1444 472 1504 
4551 915 1455 916 1456 
4552 920 919 698 953 
4553 665 1562 664 1563 
4554 739 740 621 876 
4555 91 92 84 1600 
4556 291 1501 290 1513 
4557 388 387 1488 1573 
4558 312 1512 313 1536 
4559 295 294 429 1580 
4560 431 296 430 1580 
4561 552 553 1038 1039 
4562 292 291 1501 1548 
4563 735 1470 734 1532 
4564 566 406 15 1499 
4565 104 1469 105 1475 
4566 627 1562 626 1563 
4567 220 221 46 1530 
4568 292 291 426 1580 
4569 920 698 697 953 
4570 895 1065 1064 1463 
4571 913 1455 914 1456 
4572 106 105 1469 1475 
4573 69 963 513 514 
4574 187 188 172 1477 
4575 814 801 802 1441 
4576 914 1455 915 1456 
4577 802 813 814 1441 
4578 293 428 294 1580 
4579 877 739 620 876 
4580 312 323 322 1541 
4581 833 869 465 832 
4582 293 292 427 1580 
4583 293 1501 292 1513 
4584 660 661 1562 1563 
4585 91 1519 90 1520 
4586 944 930 929 1462 
4587 604 16 367 1523 
4588 629 1562 628 1563 
4589 306 1512 307 1536 
4590 833 464 868 834 
4591 295 429 430 1580 
4592 592 345 877 591 
4593 498 1466 499 1504 
4594 102 103 515 1600 
4595 628 781 782 747 
4596 1061 1062 231 1596 
4597 108 1469 109 1475 
4598 465 1444 466 1560 
4599 890 891 724 1440 
4600 466 1444 467 1560 
4601 64 1482 63 1510 
4602 266 278 277 1511 
4603 403 404 1499 1542 
4604 386 1488 387 1573 
4605 294 428 429 1580 
4606 166 165 1487 1509 
4607 908 1456 909 1558 
4608 312 311 1512 1536 
4609 182 183 176 1525 
4610 628 1562 627 1563 
4611 426 427 292 1580 
4612 293 427 428 1580 
4613 22 318 319 1497 
4614 310 309 1512 1536 
4615 231 232 1061 1596 
4616 369 1522 370 1523 
4617 272 1467 8 1546 
4618 881 734 880 1598 
4619 747 628 781 748 
4620 322 313 312 1541 
4621 24 43 42 1555 
4622 661 662 1562 1563 
4623 942 931 930 1462 
4624 385 384 1488 1573 
4625 724 725 890 1440 
4626 386 385 1488 1573 
4627 311 310 1512 1536 
4628 694 1507 693 1561 
4629 1037 256 1036 1515 
4630 792 474 475 791 
4631 515 103 514 1600 
4632 404 405 1499 1542 
4633 664 1562 663 1563 
4634 515 516 102 1600 
4635 61 1482 60 1510 
4636 292 1501 291 1513 
4637 405 230 406 1565 
4638 405 406 1499 1542 
4639 1036 256 257 1515 
4640 462 867 866 461 
4641 621 1532 620 1563 
4642 276 268 267 1511 
4643 942 930 943 1462 
4644 270 269 274 1511 
4645 937 43 24 1555 
4646 107 106 1469 1475 
4647 20 765 764 1544 
4648 722 893 19 1527 
4649 500 152 791 501 
4650 899 898 1061 1463 
4651 663 1562 662 1563 
4652 468 1444 469 1504 
4653 108 1475 109 1600 
4654 22 851 850 1497 
4655 279 1467 278 1546 
4656 1060 899 1061 1463 
4657 63 1482 62 1510 
4658 44 43 937 1555 
4659 97 1475 98 1600 
4660 838 839 862 1589 
4661 735 880 734 1598 
4662 726 888 889 1440 
4663 1049 1050 708 709 
4664 351 1518 350 1595 
4665 428 1548 429 1560 
4666 896 895 1064 1463 
4667 1035 257 258 1515 
4668 909 1456 910 1558 
4669 1033 259 260 1515 
4670 24 42 3 1555 
4671 726 727 888 1440 
4672 309 308 1512 1536 
4673 470 469 1444 1504 
4674 24 936 937 1462 
4675 108 107 1469 1475 
4676 258 259 1034 1515 
4677 1050 1051 709 710 
4678 592 591 1563 1573 
4679 260 261 1032 1515 
4680 1035 1036 257 1515 
4681 368 1522 369 1523 
4682 90 1519 89 1520 
4683 221 45 46 1530 
4684 274 273 270 1511 
4685 471 470 1444 1504 
4686 62 1482 61 1510 
4687 260 1032 1033 1515 
4688 1060 1061 232 1596 
4689 272 273 1467 1546 
4690 308 307 1512 1536 
4691 623 1532 622 1563 
4692 463 462 866 835 
4693 423 552 553 1548 
4694 265 266 1027 1526 
4695 258 1034 1035 1515 
4696 1033 1034 259 1515 
4697 232 233 1060 1596 
4698 1059 1060 233 1596 
4699 23 894 7 1547 
4700 634 635 1486 1562 
4701 267 1026 266 1526 
4702 792 473 474 791 
4703 374 352 375 1595 
4704 709 1558 708 1563 
4705 234 1059 233 1596 
4706 953 697 920 952 
4707 553 422 423 1548 
4708 1027 1028 265 1526 
4709 462 866 867 463 
4710 352 374 353 1595 
4711 1023 269 270 1526 
4712 622 1532 621 1563 
4713 267 268 1025 1526 
4714 364 10 1522 1523 
4715 98 1475 99 1600 
4716 937 938 44 1555 
4717 88 1519 4 1520 
4718 938 45 44 1555 
4719 513 539 540 1550 
4720 1024 268 269 1526 
4721 1026 1027 266 1526 
4722 795 147 796 1500 
4723 366 365 1522 1523 
4724 921 920 697 952 
4725 84 978 85 1553 
4726 838 862 863 1589 
4727 85 979 86 1553 
4728 365 364 1522 1523 
4729 4 88 87 1582 
4730 278 1467 277 1546 
4731 276 275 268 1511 
4732 367 1522 368 1523 
4733 51 50 944 1555 
4734 921 697 696 952 
4735 693 1507 692 1561 
4736 80 974 81 1503 
4737 513 514 539 1550 
4738 89 1519 88 1520 
4739 367 366 1522 1523 
4740 515 964 70 514 
4741 1064 1063 896 1463 
4742 83 977 84 1553 
4743 977 83 976 1553 
4744 1037 553 554 1038 
4745 909 1049 707 910 
4746 314 321 320 1541 
4747 701 1558 700 1563 
4748 108 107 1475 1600 
4749 624 625 1532 1563 
4750 174 173 769 1544 
4751 267 1025 1026 1526 
4752 21 808 807 1500 
4753 437 436 866 335 
4754 46 45 939 1555 
4755 346 878 593 592 
4756 320 315 314 1541 
4757 171 170 772 1487 
4758 319 851 22 1497 
4759 87 86 25 1553 
4760 45 221 222 1530 
4761 99 1475 100 1600 
4762 1024 1025 268 1526 
4763 269 1023 1024 1526 
4764 105 1475 106 1600 
4765 106 1475 107 1600 
4766 881 882 733 1598 
4767 978 84 977 1553 
4768 636 1486 635 1562 
4769 979 85 978 1553 
4770 100 1475 101 1600 
4771 940 47 46 1555 
4772 897 896 1063 1463 
4773 1062 897 1063 1463 
4774 591 590 1563 1573 
4775 905 712 1499 1558 
4776 792 476 475 793 
4777 691 692 1507 1561 
4778 273 274 1467 1546 
4779 910 1456 911 1558 
4780 734 881 733 1598 
4781 460 865 866 461 
4782 552 1008 1007 1038 
4783 500 792 151 499 
4784 277 1467 276 1546 
4785 623 624 1532 1563 
4786 942 943 49 1555 
4787 87 25 4 1553 
4788 636 637 1486 1562 
4789 86 979 25 1553 
4790 45 938 939 1555 
4791 974 80 973 1503 
4792 702 1558 701 1563 
4793 319 320 851 1497 
4794 58 671 952 951 
4795 104 1475 105 1600 
4796 170 773 772 1487 
4797 908 1050 708 909 
4798 921 922 696 1456 
4799 1065 23 227 1547 
4800 939 940 46 1555 
4801 163 655 779 780 
4802 255 256 421 1037 
4803 44 45 222 1530 
4804 766 177 176 1544 
4805 689 690 1507 1561 
4806 276 1467 275 1546 
4807 708 1558 707 1563 
4808 101 1475 102 1600 
4809 941 47 940 1555 
4810 461 865 462 836 
4811 767 176 175 1544 
4812 809 808 13 1466 
4813 965 71 72 515 
4814 5 21 134 1500 
4815 580 579 1563 1573 
4816 420 421 256 1037 
4817 793 149 794 1570 
4818 691 1507 690 1561 
4819 149 793 150 1570 
4820 334 865 437 333 
4821 49 48 942 1555 
4822 321 852 320 1497 
4823 422 553 554 1548 
4824 773 170 169 1487 
4825 21 135 134 1500 
4826 475 474 792 793 
4827 852 851 320 1497 
4828 462 866 865 461 
4829 20 179 178 1544 
4830 77 78 98 1600 
4831 1036 554 555 1037 
4832 103 1475 104 1600 
4833 79 973 80 1503 
4834 373 353 374 1595 
4835 274 275 1467 1546 
4836 227 23 226 1547 
4837 422 554 421 1548 
4838 707 1558 706 1563 
4839 768 767 175 1544 
4840 25 979 980 1553 
4841 703 1558 702 1563 
4842 766 176 767 1544 
4843 354 353 373 1595 
4844 348 347 879 593 
4845 590 589 1563 1573 
4846 794 149 793 498 
4847 19 363 10 1527 
4848 1036 420 256 1037 
4849 706 1558 705 1563 
4850 1051 242 1050 1505 
4851 596 595 613 1532 
4852 616 615 880 879 
4853 321 322 853 1497 
4854 881 350 882 1598 
4855 912 1456 913 1558 
4856 135 807 136 1500 
4857 922 696 695 951 
4858 21 807 135 1500 
4859 321 853 852 1497 
4860 911 1456 912 1558 
4861 102 1475 103 1600 
4862 1006 550 1005 1448 
4863 362 363 19 1527 
4864 938 935 934 1462 
4865 97 98 78 1600 
4866 921 696 697 1456 
4867 515 72 965 516 
4868 765 178 177 1544 
4869 460 461 436 1560 
4870 324 325 856 1497 
4871 671 58 57 951 
4872 227 408 228 1565 
4873 810 809 487 1466 
4874 705 1558 704 1563 
4875 20 178 765 1544 
4876 593 879 348 594 
4877 323 854 322 1497 
4878 865 438 437 333 
4879 500 475 476 1504 
4880 323 324 855 1497 
4881 57 672 671 951 
4882 920 921 697 1456 
4883 655 164 163 779 
4884 1051 709 907 908 
4885 704 1558 703 1563 
4886 407 228 408 1565 
4887 549 1005 550 1448 
4888 581 580 1563 1573 
4889 778 779 633 632 
4890 222 223 44 1530 
4891 860 861 840 1589 
4892 595 614 613 1532 
4893 436 437 460 1560 
4894 807 806 136 1500 
4895 362 893 361 1527 
4896 131 135 136 1552 
4897 854 853 322 1497 
4898 596 613 612 1532 
4899 555 420 421 1548 
4900 655 654 164 779 
4901 78 972 79 1503 
4902 551 1007 552 1448 
4903 934 939 938 1462 
4904 973 79 972 1503 
4905 20 6 179 1544 
4906 537 966 965 538 
4907 136 806 137 1500 
4908 324 856 855 1497 
4909 323 855 854 1497 
4910 631 750 630 1473 
4911 177 766 765 1544 
4912 879 880 348 594 
4913 77 971 78 1503 
4914 499 500 476 1504 
4915 881 349 350 1598 
4916 840 841 860 1589 
4917 9 22 850 1533 
4918 890 358 359 1527 
4919 361 892 360 1527 
4920 360 891 359 1527 
4921 139 803 140 1500 
4922 971 972 78 1503 
4923 362 19 893 1527 
4924 966 965 72 516 
4925 242 243 1050 1505 
4926 631 751 750 1473 
4927 77 970 971 1503 
4928 169 168 774 1487 
4929 889 358 890 1527 
4930 612 597 596 1532 
4931 80 81 95 1600 
4932 94 95 81 1600 
4933 137 806 805 1500 
4934 139 804 803 1500 
4935 1008 552 1007 1448 
4936 890 359 891 1527 
4937 256 257 420 1036 
4938 951 693 694 950 
4939 7 226 23 1547 
4940 421 554 555 1548 
4941 459 864 865 460 
4942 137 805 138 1500 
4943 96 97 79 1600 
4944 804 138 805 1500 
4945 138 804 139 1500 
4946 893 892 361 1527 
4947 141 801 142 1500 
4948 131 132 135 1552 
4949 836 461 864 837 
4950 961 67 960 1454 
4951 773 169 774 1487 
4952 892 891 360 1527 
4953 888 357 889 1527 
4954 10 722 19 1545 
4955 419 420 257 1036 
4956 133 134 135 1552 
4957 865 864 438 333 
4958 429 1548 430 1560 
4959 951 57 672 950 
4960 920 697 698 1456 
4961 457 456 1536 1560 
4962 349 881 880 1598 
4963 168 167 775 1487 
4964 97 78 79 1600 
4965 553 552 1008 1448 
4966 180 179 6 1525 
4967 358 889 357 1527 
4968 654 164 779 778 
4969 920 698 919 1456 
4970 76 970 77 1503 
4971 486 810 487 1466 
4972 1036 556 555 1035 
4973 970 76 969 1503 
4974 461 864 865 836 
4975 420 555 556 1548 
4976 356 357 888 1527 
4977 476 477 498 1504 
4978 140 802 141 1500 
4979 333 864 438 332 
4980 1009 553 1008 1448 
4981 439 438 864 332 
4982 858 857 326 1497 
4983 516 73 966 517 
4984 326 327 858 1497 
4985 142 800 143 1500 
4986 966 72 73 516 
4987 461 460 864 837 
4988 711 1052 1053 712 
4989 887 356 888 1527 
4990 581 1563 582 1573 
4991 131 13 132 1466 
4992 750 631 779 751 
4993 420 556 419 1548 
4994 476 475 793 794 
4995 473 824 823 1444 
4996 207 668 208 1561 
4997 1041 1042 251 1505 
4998 132 133 135 1552 
4999 460 864 865 461 
5000 951 694 695 950 
5001 594 880 349 595 
5002 588 1563 589 1573 
5003 140 803 802 1500 
5004 349 880 348 1598 
5005 165 654 653 778 
5006 26 8 1022 1531 
5007 355 356 887 1527 
5008 795 477 478 794 
5009 142 801 800 1500 
5010 75 969 76 1503 
5011 633 632 655 1562 
5012 880 349 348 594 
5013 5 134 133 1552 
5014 553 1009 554 1448 
5015 985 974 986 1576 
5016 1036 257 419 1035 
5017 473 472 824 1444 
5018 227 226 409 1565 
5019 778 777 633 634 
5020 967 966 73 517 
5021 472 825 824 1444 
5022 498 499 476 1504 
5023 881 349 880 595 
5024 923 695 694 950 
5025 881 615 614 880 
5026 72 966 73 1503 
5027 775 774 168 1487 
5028 880 879 348 1598 
5029 655 654 633 1562 
5030 156 787 786 1439 
5031 250 251 1042 1505 
5032 130 13 131 1466 
5033 668 207 667 1561 
5034 1042 1043 250 1505 
5035 842 859 860 1589 
5036 923 924 694 1507 
5037 667 207 206 1561 
5038 747 746 627 1473 
5039 778 653 165 777 
5040 969 75 968 1503 
5041 654 165 164 778 
5042 332 864 439 863 
5043 748 747 628 1473 
5044 409 408 227 1565 
5045 42 43 224 1530 
5046 430 1548 431 1560 
5047 802 801 141 1500 
5048 778 752 632 777 
5049 537 966 967 536 
5050 693 692 949 950 
5051 796 147 795 496 
5052 327 859 858 1589 
5053 841 842 860 1589 
5054 973 986 974 1576 
5055 776 775 167 1487 
5056 692 673 672 1561 
5057 746 626 627 1473 
5058 693 694 924 1507 
5059 949 673 56 950 
5060 249 1043 1044 1505 
5061 464 833 465 1444 
5062 1036 555 554 1035 
5063 74 968 75 1503 
5064 347 348 879 1598 
5065 1043 249 250 1505 
5066 73 966 967 1503 
5067 459 460 437 1560 
5068 331 332 439 863 
5069 971 970 989 1576 
5070 5 808 21 1524 
5071 747 627 628 1473 
5072 668 669 208 1561 
5073 327 328 859 1589 
5074 372 371 355 1595 
5075 993 538 992 1449 
5076 863 864 458 459 
5077 328 860 859 1589 
5078 653 652 166 777 
5079 515 537 538 1550 
5080 752 778 632 751 
5081 356 355 371 1595 
5082 557 419 556 1548 
5083 439 440 331 863 
5084 438 459 437 1560 
5085 488 130 129 1466 
5086 958 959 65 1510 
5087 248 1044 1045 1505 
5088 167 166 776 1487 
5089 993 994 539 1449 
5090 782 161 160 1487 
5091 777 778 633 632 
5092 249 1044 248 1505 
5093 971 989 988 1576 
5094 515 516 537 1550 
5095 419 557 418 1548 
5096 539 538 993 1449 
5097 860 328 329 1589 
5098 861 860 329 1589 
5099 735 616 734 880 
5100 60 953 954 1510 
5101 862 861 330 1589 
5102 1046 247 1045 1505 
5103 825 472 471 1444 
5104 795 479 478 796 
5105 994 540 539 1449 
5106 582 1563 583 1573 
5107 781 161 782 1487 
5108 595 881 350 596 
5109 56 949 950 1510 
5110 587 1563 588 1573 
5111 826 825 471 1444 
5112 330 331 862 1589 
5113 691 692 949 948 
5114 861 329 330 1589 
5115 672 693 692 1561 
5116 247 248 1045 1505 
5117 923 694 924 949 
5118 667 206 666 1561 
5119 653 166 165 777 
5120 57 56 950 1510 
5121 881 350 349 595 
5122 833 832 465 1444 
5123 950 951 57 1510 
5124 225 42 224 1530 
5125 333 334 865 1589 
5126 951 952 58 1510 
5127 537 967 966 538 
5128 58 57 951 1510 
5129 846 856 845 1589 
5130 952 59 58 1510 
5131 863 440 331 862 
5132 665 205 204 1458 
5133 846 855 856 1589 
5134 7 409 226 1565 
5135 1034 556 557 1035 
5136 694 693 924 949 
5137 972 971 988 1576 
5138 634 777 776 635 
5139 61 60 954 1510 
5140 64 63 957 1510 
5141 459 838 863 460 
5142 881 613 614 882 
5143 586 1563 587 1573 
5144 949 923 694 950 
5145 863 864 459 460 
5146 949 694 693 950 
5147 537 992 967 538 
5148 712 1053 1054 713 
5149 831 466 832 1444 
5150 925 693 924 1507 
5151 332 333 864 1589 
5152 1034 418 258 1035 
5153 894 895 15 1499 
5154 458 863 862 457 
5155 167 652 651 776 
5156 972 988 987 1576 
5157 440 330 331 862 
5158 795 478 477 796 
5159 465 832 466 1444 
5160 585 1563 586 1573 
5161 776 166 652 777 
5162 862 839 838 459 
5163 470 827 826 1444 
5164 777 776 166 1487 
5165 583 1563 584 1573 
5166 780 163 162 1487 
5167 331 863 862 1589 
5168 863 331 332 1589 
5169 881 882 350 596 
5170 584 1563 585 1573 
5171 482 493 494 1466 
5172 439 458 438 1560 
5173 830 467 831 1444 
5174 471 470 826 1444 
5175 225 3 42 1530 
5176 780 779 163 1487 
5177 819 477 478 796 
5178 330 440 441 862 
5179 665 204 664 1562 
5180 1034 555 556 1035 
5181 652 167 166 776 
5182 466 831 467 1444 
5183 535 968 967 536 
5184 956 957 63 1510 
5185 165 778 777 1487 
5186 166 165 777 1487 
5187 870 339 871 1598 
5188 164 163 779 1487 
5189 839 862 458 459 
5190 333 865 864 1589 
5191 468 830 829 1444 
5192 1053 905 906 711 
5193 12 850 849 1536 
5194 164 779 778 1487 
5195 949 692 693 948 
5196 968 74 75 518 
5197 633 777 776 634 
5198 468 467 830 1444 
5199 165 164 778 1487 
5200 204 203 664 1562 
5201 468 829 828 1444 
5202 819 818 478 1466 
5203 838 863 862 459 
5204 1022 11 1021 1467 
5205 861 330 441 862 
5206 828 827 469 1444 
5207 615 616 734 1532 
5208 735 734 616 1532 
5209 948 690 691 947 
5210 458 459 438 1560 
5211 340 871 339 1598 
5212 599 598 610 1523 
5213 458 862 863 459 
5214 469 468 828 1444 
5215 863 332 864 1589 
5216 849 848 449 1536 
5217 470 469 827 1444 
5218 75 968 518 519 
5219 775 167 651 776 
5220 494 481 482 1466 
5221 723 722 16 1523 
5222 1021 565 1020 1467 
5223 12 315 316 1536 
5224 882 612 613 883 
5225 611 610 598 1523 
5226 735 616 617 1532 
5227 735 617 736 1532 
5228 871 340 872 1598 
5229 881 733 615 734 
5230 407 408 15 1499 
5231 968 75 969 519 
5232 457 862 861 456 
5233 537 967 968 536 
5234 981 14 980 1520 
5235 18 935 936 1507 
5236 516 102 101 1550 
5237 651 168 167 775 
5238 517 518 535 1550 
5239 724 723 605 1523 
5240 796 480 479 797 
5241 617 618 736 1532 
5242 872 340 341 1598 
5243 796 478 819 797 
5244 818 819 478 797 
5245 297 431 296 1548 
5246 478 818 479 1466 
5247 620 738 619 1532 
5248 664 203 663 1562 
5249 895 896 721 1499 
5250 634 635 754 1486 
5251 737 619 738 1532 
5252 982 527 981 1520 
5253 537 968 991 536 
5254 848 450 449 1536 
5255 558 557 1034 1033 
5256 517 535 536 1550 
5257 1034 259 417 1033 
5258 692 926 691 1507 
5259 493 482 483 1466 
5260 872 341 873 1598 
5261 1012 1034 556 1033 
5262 492 493 483 1466 
5263 663 203 202 1562 
5264 535 968 969 534 
5265 635 776 775 636 
5266 904 905 712 1499 
5267 12 314 315 1536 
5268 458 862 861 457 
5269 969 75 76 519 
5270 565 564 1020 1467 
5271 366 16 365 1523 
5272 796 479 478 797 
5273 273 274 11 1467 
5274 329 330 441 861 
5275 515 103 102 1550 
5276 713 1054 1055 714 
5277 17 182 181 1486 
5278 818 817 479 1466 
5279 738 620 739 1532 
5280 17 764 763 1486 
5281 168 651 650 775 
5282 1034 557 556 1033 
5283 535 990 969 536 
5284 882 613 614 883 
5285 905 711 712 1558 
5286 521 522 531 1520 
5287 818 478 479 797 
5288 430 296 431 1548 
5289 443 444 453 1536 
5290 76 969 519 520 
5291 905 906 711 1558 
5292 458 861 840 457 
5293 535 969 968 536 
5294 531 532 521 1520 
5295 622 623 741 1532 
5296 606 724 605 1523 
5297 516 515 102 1550 
5298 763 762 643 1486 
5299 14 90 89 1520 
5300 407 15 406 1499 
5301 259 260 417 1033 
5302 446 447 450 1536 
5303 329 441 442 861 
5304 762 642 643 1486 
5305 595 596 376 1523 
5306 296 430 295 1548 
5307 662 663 202 1562 
5308 103 515 514 1550 
5309 969 76 970 520 
5310 621 739 620 1532 
5311 712 1054 1055 713 
5312 600 599 609 1523 
5313 453 454 443 1536 
5314 717 571 570 1499 
5315 646 645 642 1486 
5316 91 90 14 1520 
5317 622 741 740 1532 
5318 934 935 683 1507 
5319 717 716 571 1499 
5320 367 16 366 1523 
5321 860 329 442 861 
5322 720 721 896 1499 
5323 479 817 480 1466 
5324 524 525 528 1520 
5325 622 740 621 1532 
5326 441 456 440 1560 
5327 564 411 412 1467 
5328 711 906 710 1558 
5329 198 197 658 1562 
5330 599 610 609 1523 
5331 906 907 710 1558 
5332 416 417 260 1033 
5333 947 689 690 946 
5334 774 168 650 775 
5335 739 621 740 1532 
5336 754 635 755 1486 
5337 274 275 11 1467 
5338 684 934 683 1507 
5339 883 611 612 884 
5340 926 927 691 1507 
5341 457 440 456 1560 
5342 133 808 5 1466 
5343 1055 1056 714 715 
5344 533 970 969 534 
5345 816 480 817 1466 
5346 430 429 295 1548 
5347 224 223 18 1507 
5348 731 883 613 884 
5349 903 713 714 1499 
5350 294 295 429 1548 
5351 1032 416 260 1033 
5352 650 169 168 774 
5353 861 860 456 455 
5354 709 710 907 1558 
5355 709 907 908 1558 
5356 861 860 840 457 
5357 883 612 613 884 
5358 970 76 77 520 
5359 691 927 690 1507 
5360 797 481 480 798 
5361 927 926 691 947 
5362 483 484 492 1466 
5363 491 492 484 1466 
5364 1032 558 559 1033 
5365 520 77 970 521 
5366 223 222 18 1507 
5367 860 841 840 457 
5368 535 969 970 534 
5369 658 197 657 1562 
5370 971 970 77 521 
5371 902 903 714 1499 
5372 775 774 636 637 
5373 861 860 457 456 
5374 480 816 481 1466 
5375 797 480 479 798 
5376 557 558 1032 1033 
5377 294 429 428 1548 
5378 328 329 442 860 
5379 294 428 293 1548 
5380 442 443 328 860 
5381 815 482 481 1466 
5382 483 482 814 1466 
5383 816 815 481 1466 
5384 391 392 580 1573 
5385 535 970 989 534 
5386 288 289 423 1548 
5387 289 290 424 1548 
5388 650 649 169 774 
5389 815 814 482 1466 
5390 775 774 635 636 
5391 817 479 480 798 
5392 902 714 715 1499 
5393 416 260 261 1032 
5394 1057 1056 716 715 
5395 579 580 392 1573 
5396 860 443 328 859 
5397 444 445 452 1536 
5398 708 709 908 1558 
5399 708 908 909 1558 
5400 288 423 422 1548 
5401 425 424 290 1548 
5402 261 415 416 1032 
5403 715 901 902 1499 
5404 291 425 290 1548 
5405 522 523 530 1520 
5406 424 423 289 1548 
5407 811 810 486 1466 
5408 774 649 169 773 
5409 293 427 292 1548 
5410 427 293 428 1548 
5411 522 530 531 1520 
5412 690 927 928 1507 
5413 452 453 444 1536 
5414 971 77 78 521 
5415 707 909 910 1558 
5416 813 484 483 1466 
5417 971 970 532 533 
5418 485 484 812 1466 
5419 1032 261 415 1031 
5420 485 812 811 1466 
5421 814 813 483 1466 
5422 608 601 600 1523 
5423 580 581 391 1573 
5424 715 716 901 1499 
5425 813 812 484 1466 
5426 486 485 811 1466 
5427 491 484 485 1466 
5428 485 490 491 1466 
5429 600 609 608 1523 
5430 170 169 649 773 
5431 481 482 799 798 
5432 292 426 291 1548 
5433 1056 1057 714 715 
5434 292 427 426 1548 
5435 425 291 426 1548 
5436 945 689 688 946 
5437 454 859 860 455 
5438 610 611 884 885 
5439 970 971 989 534 
5440 521 78 971 522 
5441 913 703 704 1558 
5442 707 708 909 1558 
5443 945 928 690 946 
5444 560 559 1032 1031 
5445 910 706 707 1558 
5446 910 911 706 1558 
5447 988 989 971 534 
5448 390 391 581 1573 
5449 860 842 456 859 
5450 945 690 689 946 
5451 817 480 799 798 
5452 817 480 816 799 
5453 884 611 612 885 
5454 928 927 690 946 
5455 558 1014 1032 1031 
5456 714 1057 902 715 
5457 638 773 774 637 
5458 900 901 716 1499 
5459 912 913 704 1558 
5460 443 327 328 859 
5461 850 317 9 1536 
5462 912 704 705 1558 
5463 309 443 308 1536 
5464 971 970 533 534 
5465 7 894 409 1499 
5466 972 971 78 522 
5467 987 988 533 1520 
5468 911 912 705 1558 
5469 705 706 911 1558 
5470 532 987 533 1520 
5471 261 262 415 1031 
5472 326 443 444 327 
5473 756 774 773 636 
5474 327 443 444 859 
5475 456 860 859 455 
5476 636 774 773 637 
5477 773 648 170 772 
5478 799 480 481 798 
5479 1032 559 558 1031 
5480 649 648 170 773 
5481 1022 8 272 1467 
5482 647 640 648 1486 
5483 716 717 900 1499 
5484 648 640 639 1486 
5485 533 988 971 534 
5486 532 986 987 1520 
5487 986 532 531 1520 
5488 816 480 481 799 
5489 444 327 859 858 
5490 390 581 582 1573 
5491 972 971 531 532 
5492 364 722 10 1523 
5493 1058 902 715 901 
5494 523 524 529 1520 
5495 1058 1057 717 716 
5496 902 1058 715 1057 
5497 4 980 88 1520 
5498 717 899 900 1499 
5499 523 529 530 1520 
5500 773 772 757 637 
5501 482 483 800 799 
5502 985 531 530 1520 
5503 531 985 986 1520 
5504 582 389 390 1573 
5505 78 79 972 522 
5506 1058 1057 716 715 
5507 171 170 648 772 
5508 800 142 143 492 
5509 487 488 804 803 
5510 647 646 641 1486 
5511 607 602 601 1523 
5512 327 444 326 858 
5513 530 984 985 1520 
5514 764 180 6 1486 
5515 601 608 607 1523 
5516 890 605 604 889 
5517 717 718 899 1499 
5518 858 859 453 454 
5519 445 444 310 1536 
5520 385 386 586 1573 
5521 772 773 639 638 
5522 410 1026 565 1027 
5523 716 901 1058 715 
5524 688 930 687 1507 
5525 560 561 1030 1031 
5526 450 848 847 1536 
5527 972 971 532 533 
5528 582 583 389 1573 
5529 610 609 886 885 
5530 931 687 930 1507 
5531 585 386 387 1573 
5532 388 389 583 1573 
5533 971 972 988 533 
5534 800 142 492 491 
5535 772 773 638 637 
5536 444 445 326 858 
5537 718 898 899 1499 
5538 886 729 611 885 
5539 387 388 584 1573 
5540 944 688 687 945 
5541 51 50 678 944 
5542 1020 564 1019 1467 
5543 481 482 800 799 
5544 847 451 450 1536 
5545 972 987 988 533 
5546 522 79 972 523 
5547 585 586 386 1573 
5548 641 640 647 1486 
5549 932 686 931 1507 
5550 944 689 688 945 
5551 1030 1015 559 1031 
5552 858 859 454 455 
5553 611 610 886 885 
5554 687 931 686 1507 
5555 569 402 403 1499 
5556 584 585 387 1573 
5557 388 583 584 1573 
5558 771 171 647 772 
5559 218 217 678 1507 
5560 559 560 1030 1031 
5561 857 326 445 858 
5562 142 800 801 491 
5563 564 563 1019 1467 
5564 898 718 719 1499 
5565 987 972 532 533 
5566 79 973 972 523 
5567 528 983 529 1520 
5568 606 725 724 1523 
5569 601 370 371 1523 
5570 481 482 815 800 
5571 642 761 641 1486 
5572 932 685 686 1507 
5573 940 683 682 941 
5574 648 647 171 772 
5575 898 719 897 1499 
5576 450 451 446 1536 
5577 642 762 761 1486 
5578 642 641 646 1486 
5579 932 933 685 1507 
5580 606 607 725 1523 
5581 528 529 524 1520 
5582 646 174 173 645 
5583 801 141 142 491 
5584 720 897 719 1499 
5585 896 897 720 1499 
5586 412 563 564 1467 
5587 855 324 323 447 
5588 186 647 187 1486 
5589 357 603 358 602 
5590 684 685 933 1507 
5591 684 933 934 1507 
5592 79 80 973 523 
5593 530 973 972 531 
5594 680 219 679 1507 
5595 1059 1058 718 717 
5596 402 403 233 569 
5597 606 605 889 888 
5598 769 173 174 645 
5599 531 973 972 532 
5600 561 562 1029 1030 
5601 1059 234 233 569 
5602 403 232 233 569 
5603 1059 1058 717 716 
5604 564 565 1027 1028 
5605 1029 560 561 1030 
5606 800 484 483 801 
5607 130 137 13 488 
5608 944 686 687 943 
5609 800 483 482 801 
5610 356 355 887 601 
5611 640 771 772 639 
5612 639 771 772 638 
5613 452 857 858 453 
5614 717 900 1059 716 
5615 887 609 608 886 
5616 453 857 858 454 
5617 532 531 973 986 
5618 814 482 483 801 
5619 610 609 887 886 
5620 267 1026 410 266 
5621 23 7 894 409 
5622 356 357 601 602 
5623 850 22 9 317 
5624 974 80 81 524 
5625 568 233 232 569 
5626 140 141 802 490 
5627 185 173 646 174 
5628 357 356 888 602 
5629 974 531 985 986 
5630 764 20 6 180 
5631 358 357 602 369 
5632 561 562 1028 1029 
5633 771 770 759 639 
5634 364 19 10 722 
5635 562 563 1028 1029 
5636 272 26 8 1022 
5637 899 900 1060 717 
5638 1059 1060 900 717 
5639 943 685 686 942 
5640 530 974 973 531 
5641 687 931 930 942 
5642 531 974 973 986 
5643 529 974 973 530 
5644 233 232 1060 568 
5645 88 4 25 980 
5646 943 687 930 942 
5647 531 530 974 985 
5648 133 21 5 808 
5649 1060 1059 718 717 
5650 857 856 452 451 
5651 888 609 608 887 
5652 1059 1060 718 719 
5653 888 608 607 887 
5654 943 686 687 942 
5655 856 857 452 453 
5656 802 483 484 801 
5657 802 814 483 801 
5658 483 813 814 802 
5659 484 485 802 801 
5660 770 771 640 639 
5661 686 931 687 942 
5662 718 899 1060 717 
5663 483 484 813 802 
5664 804 486 487 803 
5665 606 605 890 889 
5666 889 726 608 888 
5667 769 768 642 643 
5668 1027 1018 562 1028 
5669 564 565 1026 1027 
5670 855 854 450 449 
5671 856 855 846 452 
5672 684 683 940 941 
5673 484 812 813 803 
5674 529 975 974 530 
5675 889 608 607 888 
5676 769 770 642 641 
5677 721 1061 720 1062 
5678 562 563 1027 1028 
5679 1061 899 718 898 
5680 856 855 452 451 
5681 899 1061 718 1060 
5682 942 685 686 941 
5683 528 975 974 529 
5684 607 606 889 888 
5685 802 485 484 803 
5686 802 484 813 803 
5687 1027 563 564 1028 
5688 769 770 641 640 
5689 855 856 450 451 
5690 176 177 17 182 
5691 942 684 685 941 
5692 802 486 485 803 
5693 1060 1061 718 719 
5694 812 484 485 803 
5695 18 44 45 222 
5696 1025 268 11 1024 
5697 16 360 892 891 
5698 137 13 805 806 
5699 932 686 685 941 
5700 938 18 45 939 
5701 90 84 14 85 
5702 1060 1061 719 720 
5703 805 13 487 806 
5704 767 17 176 766 
5705 978 84 14 977 
5706 853 852 12 321 
5707 1061 898 718 719 
5708 222 18 44 223 
5709 45 44 18 938 
5710 12 852 853 449 
5711 320 314 12 321 
5712 315 314 12 320 
5713 1063 721 15 1064 
5714 84 90 14 91 
5715 683 18 938 939 
5716 268 269 11 1024 
5717 17 177 176 766 
5718 361 16 360 892 
5719 85 84 14 978 
5720 1064 721 15 895 
5721 136 13 137 806 
5722 809 487 13 806 
5723 320 12 852 321 
5724 804 487 486 805 
5725 852 12 849 449 
5726 18 683 938 935 
5727 938 44 18 937 
5728 804 812 485 803 
5729 811 812 485 804 
5730 16 361 893 892 
5731 804 485 486 803 
5732 1023 11 269 1024 
5733 979 85 14 978 
5734 13 136 807 806 
5735 940 683 684 939 
5736 17 177 766 765 
5737 810 486 487 805 
5738 1063 721 720 1062 
5739 12 852 851 320 
5740 940 685 684 941 
5741 720 1061 719 1062 
5742 939 683 684 934 
5743 811 485 486 804 
5744 940 684 685 933 
5745 720 721 1063 896 
5746 719 720 1062 897 
5747 721 1064 896 895 
5748 1025 1020 1021 565 
5749 848 852 849 449 
5750 606 724 725 890 
5751 848 853 852 449 
5752 934 938 683 935 
5753 762 767 763 643 
5754 939 938 683 934 
5755 1064 1063 721 896 
5756 1063 897 720 896 
5757 897 1063 720 1062 
5758 1065 895 15 894 
5759 895 1065 15 1064 
5760 1065 23 408 227 
5761 765 178 20 181 
5762 723 893 16 722 
5763 893 723 16 892 
5764 89 25 86 979 
5765 42 43 24 224 
5766 409 227 23 226 
5767 227 23 408 409 
5768 362 364 19 363 
5769 87 25 86 89 
5770 224 24 42 225 
5771 364 362 19 365 
5772 134 135 21 133 
5773 87 88 25 89 
5774 133 135 21 132 
5775 318 9 22 317 
5776 23 7 409 226 
5777 179 6 20 180 
5778 271 26 8 272 
5779 3 42 24 225 
5780 364 10 19 363 
5781 88 25 4 87 
5782 134 21 5 133 
5783 1207 1530 1555 1205 
5784 1555 1530 1207 1482 
5785 1555 1260 1207 1205 
5786 1207 1260 1555 1482 
5787 1442 1113 1471 1112 
5788 1442 1471 1113 1440 
5789 1114 1471 1113 1112 
5790 1519 1241 1166 1449 
5791 1519 1166 1241 1161 
5792 1538 1472 1507 1456 
5793 1538 1507 1472 1506 
5794 1165 1529 1479 1186 
5795 1479 1529 1165 1495 
5796 1480 1469 39 1475 
5797 1480 39 1469 1521 
5798 1495 1477 1342 1479 
5799 1495 1342 1477 1525 
5800 1546 1448 1414 1301 
5801 1546 1414 1448 1467 
5802 1509 1236 1149 1147 
5803 1509 1149 1236 1483 
5804 1527 1286 1277 1340 
5805 1527 1277 1286 1517 
5806 1517 1150 1540 1491 
5807 1517 1540 1150 1155 
5808 1526 1209 1516 1208 
5809 1526 1516 1209 1505 
5810 1216 1516 1209 1208 
5811 1216 1209 1516 1505 
5812 1525 1116 1495 1120 
5813 1525 1495 1116 1485 
5814 1530 1196 1198 1478 
5815 1530 1198 1196 1197 
5816 1544 1135 1338 1509 
5817 1544 1338 1135 1109 
5818 1493 1132 1128 1131 
5819 1493 1128 1132 1488 
5820 1514 1349 1456 1257 
5821 1514 1456 1349 1498 
5822 1346 1456 1349 1257 
5823 1346 1349 1456 1498 
5824 1538 1179 1335 1182 
5825 1538 1335 1179 1462 
5826 1542 1141 1489 1164 
5827 1542 1489 1141 1488 
5828 1140 1489 1141 1164 
5829 1140 1141 1489 1488 
5830 1535 1281 1252 1508 
5831 1535 1252 1281 1280 
5832 1319 1568 1077 1371 
5833 1077 1568 1319 1447 
5834 1579 1082 1087 1512 
5835 1579 1087 1082 1086 
5836 1333 1556 1487 1106 
5837 1487 1556 1333 1439 
5838 1481 1270 1582 1475 
5839 1481 1582 1270 1271 
5840 1545 1125 1422 1123 
5841 1545 1422 1125 1522 
5842 1181 1538 1184 1182 
5843 1184 1538 1181 1455 
5844 1364 1540 1517 1231 
5845 1517 1540 1364 1497 
5846 1564 1195 1346 1344 
5847 1564 1346 1195 1456 
5848 1584 1329 1348 1191 
5849 1584 1348 1329 1451 
5850 1554 1265 1268 1458 
5851 1554 1268 1265 1163 
5852 1579 1364 1091 1361 
5853 1579 1091 1364 1497 
5854 1510 1326 1389 1327 
5855 1510 1389 1326 1503 
5856 1463 1575 1572 1453 
5857 1572 1381 1235 1453 
5858 1572 1235 1381 1276 
5859 1566 1525 1338 1111 
5860 1338 1525 1566 1544 
5861 1338 1109 1566 1111 
5862 1566 1109 1338 1544 
5863 1499 1456 1514 1498 
5864 1499 1514 1456 1558 
5865 1522 1436 1393 1129 
5866 1522 1393 1436 1459 
5867 1425 1513 31 30 
5868 31 1513 1425 1501 
5869 1579 1081 1082 1541 
5870 1579 1082 1081 1086 
5871 1590 1299 1306 1473 
5872 1590 1306 1299 1278 
5873 1524 1435 1330 1245 
5874 1524 1330 1435 1443 
5875 1587 1357 1101 1099 
5876 1587 1101 1357 1537 
5877 1552 1363 1521 1317 
5878 1552 1521 1363 1480 
5879 1551 1246 1152 1384 
5880 1551 1152 1246 1524 
5881 1590 1160 1157 1229 
5882 1590 1157 1160 1461 
5883 1584 1171 1329 1191 
5884 1584 1329 1171 1534 
5885 1459 1590 1393 1258 
5886 1459 1393 1590 1470 
5887 1298 1393 1590 1258 
5888 1298 1590 1393 1470 
5889 1571 1411 1227 1293 
5890 1571 1227 1411 1472 
5891 1561 1554 1562 1457 
5892 1561 1562 1554 1458 
5893 1590 1242 1160 1229 
5894 1590 1160 1242 1559 
5895 1560 432 464 433 
5896 1560 464 432 465 
5897 426 1548 550 425 
5898 550 1548 426 549 
5899 505 1504 469 470 
5900 1563 428 548 427 
5901 156 1483 1599 1476 
5902 156 1599 1483 157 
5903 506 1563 663 662 
5904 663 1563 506 507 
5905 663 1599 506 662 
5906 506 1599 663 507 
5907 508 1563 663 507 
5908 663 1599 508 507 
5909 1563 957 699 958 
5910 785 1563 627 786 
5911 1563 468 428 429 
5912 468 1563 547 546 
5913 547 1504 468 546 
5914 703 1563 1044 704 
5915 1563 431 585 586 
5916 1563 585 431 430 
5917 1580 585 431 586 
5918 1580 431 585 430 
5919 427 1563 584 583 
5920 584 1580 427 583 
5921 1563 428 585 429 
5922 1580 585 428 429 
5923 1438 786 828 787 
5924 1486 1525 185 184 
5925 185 1525 1486 1485 
5926 148 1483 120 147 
5927 545 546 1576 1575 
5928 781 1439 749 780 
5929 1439 748 781 749 
5930 1480 119 1483 120 
5931 148 1483 119 120 
5932 1442 747 1439 748 
5933 781 1439 747 748 
5934 506 1600 505 1476 
5935 120 121 1483 1480 
5936 304 1492 330 305 
5937 195 1477 165 194 
5938 1492 331 304 330 
5939 1502 240 396 239 
5940 920 1452 952 921 
5941 1477 164 195 165 
5942 1548 425 551 550 
5943 1548 551 425 424 
5944 543 959 510 958 
5945 1492 1588 331 330 
5946 1540 331 1588 330 
5947 870 463 433 434 
5948 870 464 433 463 
5949 303 1492 331 304 
5950 471 504 787 786 
5951 551 1042 425 424 
5952 1511 268 1526 269 
5953 1541 328 308 327 
5954 1599 158 1483 157 
5955 505 1476 786 506 
5956 1476 1599 786 506 
5957 786 1599 1476 156 
5958 1575 1044 704 703 
5959 1575 704 1044 1045 
5960 473 788 503 502 
5961 960 541 511 512 
5962 1580 1044 582 1045 
5963 1515 1020 1531 1021 
5964 1515 1019 1531 1020 
5965 1526 1515 1023 1024 
5966 472 788 503 473 
5967 53 1478 215 52 
5968 960 542 511 541 
5969 1515 1031 1015 1030 
5970 1599 64 1478 63 
5971 1511 267 1526 268 
5972 1478 214 53 215 
5973 703 1563 1575 1044 
5974 547 1563 1575 546 
5975 1548 424 552 551 
5976 1548 552 424 423 
5977 1580 581 1045 582 
5978 1563 581 1045 1046 
5979 1563 1045 581 582 
5980 54 1478 214 53 
5981 504 505 1600 1476 
5982 1511 266 1526 267 
5983 1580 1043 425 426 
5984 1580 425 1043 1042 
5985 1481 91 1582 90 
5986 427 1548 549 426 
5987 961 512 541 960 
5988 1455 910 1575 909 
5989 63 1599 667 62 
5990 667 1599 63 666 
5991 1014 1574 1515 1015 
5992 1515 1574 1014 1451 
5993 1515 1031 1014 1015 
5994 473 502 789 788 
5995 587 586 1595 1580 
5996 1544 178 1525 179 
5997 1510 953 1578 952 
5998 1452 1578 953 952 
5999 1511 265 1526 266 
6000 1580 1042 424 425 
6001 1599 62 668 667 
6002 1599 668 62 61 
6003 1510 954 1578 953 
6004 1452 1578 954 953 
6005 1438 1442 744 745 
6006 744 1442 1438 1598 
6007 504 1600 503 1476 
6008 196 1477 164 195 
6009 745 626 783 746 
6010 783 626 745 784 
6011 1504 475 501 500 
6012 1504 501 475 474 
6013 1510 955 1578 954 
6014 1452 1578 955 954 
6015 1544 177 1525 178 
6016 1438 827 789 788 
6017 470 827 789 826 
6018 470 789 827 788 
6019 1481 1600 1582 91 
6020 1481 1582 1600 1475 
6021 1511 264 1526 265 
6022 539 513 963 514 
6023 1452 950 1578 951 
6024 1510 1578 950 951 
6025 139 1500 1552 138 
6026 67 1600 512 511 
6027 512 1600 67 68 
6028 1018 1531 1515 1019 
6029 795 1439 820 794 
6030 820 1439 795 1441 
6031 1439 821 820 794 
6032 820 821 1439 1441 
6033 821 822 1439 1441 
6034 1560 461 435 462 
6035 1560 435 461 436 
6036 173 185 1509 174 
6037 362 1518 364 363 
6038 362 364 1518 1493 
6039 10 364 1518 363 
6040 1493 1522 374 373 
6041 1563 704 1045 1044 
6042 1580 246 580 245 
6043 790 471 826 825 
6044 826 471 790 789 
6045 1544 176 1525 177 
6046 1520 1469 1475 1519 
6047 1520 97 1475 98 
6048 1575 916 700 701 
6049 1575 700 916 917 
6050 1600 68 513 69 
6051 1600 513 68 512 
6052 423 553 1039 422 
6053 1595 591 344 345 
6054 870 1598 832 869 
6055 832 1598 870 831 
6056 870 466 832 831 
6057 115 1476 1480 116 
6058 1452 949 1578 950 
6059 1510 1578 949 950 
6060 1500 134 1552 135 
6061 918 699 954 955 
6062 954 699 918 919 
6063 747 782 1439 781 
6064 915 1575 701 916 
6065 701 1575 915 702 
6066 1515 1526 256 257 
6067 1516 256 1526 257 
6068 1017 1531 1515 1018 
6069 181 1525 1486 182 
6070 421 1037 254 255 
6071 421 254 1037 1038 
6072 1037 1505 254 255 
6073 1037 254 1505 1038 
6074 1575 1455 911 910 
6075 69 1600 514 513 
6076 514 1600 69 70 
6077 144 1552 1480 143 
6078 1480 124 144 143 
6079 1055 1596 1463 1056 
6080 1474 1556 764 763 
6081 1474 764 1556 1544 
6082 114 502 1465 503 
6083 114 1465 502 115 
6084 1576 1503 973 972 
6085 1493 1522 375 374 
6086 1482 1478 1555 1530 
6087 1533 846 1589 847 
6088 974 1576 1503 973 
6089 958 1563 665 509 
6090 1576 999 546 545 
6091 1576 546 999 1000 
6092 1449 546 999 545 
6093 1449 999 546 1000 
6094 1016 1531 1515 1017 
6095 969 1503 1576 970 
6096 1489 395 1490 394 
6097 197 657 161 658 
6098 1441 816 1524 815 
6099 1481 66 1600 67 
6100 1552 140 1500 139 
6101 402 1502 1489 401 
6102 1519 1475 91 1582 
6103 1600 1475 91 92 
6104 1600 91 1475 1582 
6105 545 1576 998 544 
6106 998 1576 545 999 
6107 998 1449 545 544 
6108 545 1449 998 999 
6109 359 1518 1493 360 
6110 338 1580 1491 337 
6111 192 1477 1495 193 
6112 339 1580 1491 338 
6113 912 704 1046 705 
6114 912 1046 704 1575 
6115 1047 912 1046 705 
6116 1047 1046 912 1575 
6117 1555 24 1538 3 
6118 1555 1538 24 1462 
6119 1511 263 1526 264 
6120 1511 1526 263 1516 
6121 1050 710 578 577 
6122 908 1455 1575 909 
6123 1562 195 1495 196 
6124 191 1477 1495 192 
6125 1576 997 544 543 
6126 1576 544 997 998 
6127 1449 544 997 543 
6128 1449 997 544 998 
6129 1544 175 1525 176 
6130 1544 1525 175 1509 
6131 403 1502 1489 402 
6132 1533 845 1589 846 
6133 1575 1515 1037 1036 
6134 1550 538 514 539 
6135 1550 514 538 515 
6136 1495 197 1562 196 
6137 1474 754 1556 755 
6138 1474 1556 754 1442 
6139 404 1502 1489 403 
6140 1489 1542 404 403 
6141 1502 231 1528 232 
6142 780 1439 750 779 
6143 750 1439 780 749 
6144 422 554 1038 421 
6145 392 245 244 1580 
6146 580 392 245 579 
6147 580 245 392 1580 
6148 242 393 243 1580 
6149 1475 99 1520 98 
6150 791 501 475 500 
6151 52 1478 1555 53 
6152 546 547 1576 1575 
6153 209 58 208 1599 
6154 58 59 208 1599 
6155 59 60 208 1599 
6156 60 208 668 669 
6157 60 668 208 1599 
6158 1477 195 1495 194 
6159 1525 186 1485 185 
6160 1486 1485 186 185 
6161 1441 817 1524 816 
6162 1555 51 1478 52 
6163 1595 345 592 591 
6164 1595 592 345 346 
6165 1063 1463 1596 1062 
6166 1596 230 1063 1062 
6167 460 436 866 437 
6168 1520 96 1475 97 
6169 1538 923 1507 924 
6170 180 1525 1486 181 
6171 1552 141 1500 140 
6172 476 792 500 499 
6173 461 435 867 436 
6174 1575 1455 912 911 
6175 1528 229 1596 230 
6176 1063 1596 229 230 
6177 1550 1449 1448 1445 
6178 1448 548 1550 1445 
6179 1576 985 1468 986 
6180 190 1477 1495 191 
6181 1495 198 1562 197 
6182 913 1575 1455 912 
6183 322 1497 1540 323 
6184 1563 956 699 957 
6185 50 1478 1555 51 
6186 1494 1585 1580 1502 
6187 243 1585 1580 244 
6188 627 784 1563 785 
6189 161 1477 1509 162 
6190 163 196 1477 164 
6191 317 1541 1512 316 
6192 1512 1536 317 316 
6193 1541 1579 320 319 
6194 261 1515 1031 1032 
6195 548 1449 1550 547 
6196 1550 1449 548 1448 
6197 1575 911 1047 1048 
6198 1575 1047 911 912 
6199 705 911 1047 912 
6200 1520 95 1475 96 
6201 376 1493 1522 375 
6202 1522 1523 376 375 
6203 1439 753 777 776 
6204 1439 777 753 752 
6205 633 777 753 776 
6206 197 1477 163 196 
6207 1054 1596 1463 1055 
6208 1599 658 199 198 
6209 1599 199 658 659 
6210 1562 199 658 198 
6211 1562 658 199 659 
6212 147 1484 1570 148 
6213 1570 1484 147 1500 
6214 1570 795 147 148 
6215 147 795 1570 1500 
6216 827 1438 1443 828 
6217 1464 1438 1443 1441 
6218 1547 1463 1498 1564 
6219 898 1463 1498 897 
6220 1552 142 1500 141 
6221 1510 1578 948 949 
6222 1452 948 1578 949 
6223 238 1502 1528 237 
6224 835 1508 462 836 
6225 1508 461 462 836 
6226 189 1477 1495 190 
6227 1477 196 1495 195 
6228 1510 54 1482 55 
6229 1478 1482 54 55 
6230 1486 1473 1562 1461 
6231 630 1473 1562 631 
6232 1521 125 1552 126 
6233 1521 1552 125 1480 
6234 142 125 1552 1480 
6235 1466 119 1521 120 
6236 796 1441 820 795 
6237 820 1441 796 819 
6238 820 477 796 795 
6239 796 477 820 819 
6240 1453 1505 1053 1052 
6241 1489 1542 1460 1488 
6242 1489 393 1460 394 
6243 1555 52 1462 51 
6244 1440 729 1545 728 
6245 421 555 1037 420 
6246 1016 1515 1030 1029 
6247 1030 1515 1016 1015 
6248 1030 560 1016 1029 
6249 1500 5 1552 134 
6250 1500 1552 5 1551 
6251 1495 1562 194 195 
6252 188 1477 1495 189 
6253 187 1477 1495 188 
6254 1495 1477 187 1525 
6255 1515 1017 1029 1016 
6256 1515 1029 1017 1028 
6257 561 1017 1029 1028 
6258 668 954 1563 955 
6259 953 920 1452 952 
6260 305 1492 329 306 
6261 329 1492 305 330 
6262 1497 331 1540 330 
6263 852 1497 848 849 
6264 1533 848 1497 849 
6265 1533 1497 848 1589 
6266 1477 197 1495 196 
6267 1498 899 1463 898 
6268 968 1503 1576 969 
6269 586 385 1580 386 
6270 586 1580 385 1595 
6271 1490 1580 385 386 
6272 1490 385 1580 1595 
6273 303 1492 332 331 
6274 156 1439 785 157 
6275 785 1439 156 786 
6276 1561 695 1456 696 
6277 922 1456 695 696 
6278 1508 462 463 835 
6279 463 834 1508 835 
6280 1533 844 1589 845 
6281 321 1497 1540 322 
6282 984 1468 1576 985 
6283 782 658 1563 783 
6284 421 554 1037 555 
6285 1037 554 421 1038 
6286 309 1541 327 326 
6287 327 1541 309 308 
6288 327 443 309 326 
6289 309 443 327 308 
6290 878 1598 738 877 
6291 738 1598 878 737 
6292 738 619 878 877 
6293 878 619 738 737 
6294 1571 1529 1458 1586 
6295 1585 1580 242 243 
6296 1566 1544 764 1474 
6297 230 1528 1502 231 
6298 230 1502 1528 1565 
6299 399 1502 237 236 
6300 237 1502 399 398 
6301 1525 187 1485 186 
6302 1525 1485 187 1495 
6303 1486 1485 187 186 
6304 1508 837 461 836 
6305 1460 395 1489 394 
6306 1464 831 1589 832 
6307 1598 1589 831 832 
6308 283 1511 261 260 
6309 261 1511 283 282 
6310 392 1460 1489 393 
6311 1463 903 1055 1056 
6312 1463 1055 903 904 
6313 1493 384 1595 383 
6314 910 1575 1048 911 
6315 1048 1575 910 1049 
6316 1048 706 910 911 
6317 1498 900 1463 899 
6318 964 538 514 515 
6319 1538 1507 934 933 
6320 6 1525 1486 180 
6321 6 1486 1525 1566 
6322 476 499 793 792 
6323 476 793 499 498 
6324 350 1527 1518 351 
6325 1498 901 1463 900 
6326 1595 346 593 592 
6327 1595 593 346 347 
6328 1464 843 1508 842 
6329 1596 239 1528 238 
6330 1580 421 255 256 
6331 391 1460 1489 392 
6332 1493 385 1595 384 
6333 1493 1595 385 1490 
6334 1509 160 1477 161 
6335 896 1498 1463 897 
6336 1533 1536 844 845 
6337 895 1498 1463 896 
6338 779 633 655 654 
6339 1010 1451 1450 1009 
6340 615 879 593 594 
6341 1442 1556 776 1439 
6342 1556 776 1487 775 
6343 1556 1487 776 1439 
6344 328 307 1541 308 
6345 1541 307 328 1492 
6346 1464 1508 834 835 
6347 1520 94 1475 95 
6348 462 1508 1560 461 
6349 1571 211 1561 210 
6350 1471 1473 1442 1474 
6351 748 1473 1442 747 
6352 1493 1488 385 384 
6353 1596 240 1528 239 
6354 1596 1528 240 1505 
6355 1561 209 1571 210 
6356 1529 1571 209 210 
6357 1463 1057 903 1056 
6358 1463 903 1057 902 
6359 714 903 1057 1056 
6360 714 1057 903 902 
6361 1600 71 515 72 
6362 515 965 537 516 
6363 1019 1515 1027 1026 
6364 1027 1515 1019 1018 
6365 1495 199 1562 198 
6366 284 1501 1511 285 
6367 1547 226 1565 7 
6368 132 1466 1521 131 
6369 1521 1466 132 1551 
6370 1521 1552 132 131 
6371 132 1552 1521 1551 
6372 746 1442 1473 747 
6373 1452 951 921 922 
6374 1452 921 951 952 
6375 696 921 951 922 
6376 696 951 921 952 
6377 1463 1564 907 906 
6378 853 1497 848 852 
6379 853 848 1497 1589 
6380 437 865 459 438 
6381 1501 286 1511 285 
6382 1456 921 1455 920 
6383 1470 729 1471 730 
6384 1470 1471 729 1545 
6385 1440 1471 729 730 
6386 1440 729 1471 1545 
6387 1515 1531 1022 1021 
6388 1022 1515 1024 1023 
6389 1024 1515 1022 1021 
6390 1022 1024 11 1023 
6391 11 1024 1022 1021 
6392 1474 764 1486 763 
6393 1474 1486 764 1566 
6394 1456 922 1455 921 
6395 659 1599 200 660 
6396 200 1599 659 199 
6397 200 1562 659 660 
6398 659 1562 200 199 
6399 1020 1515 1026 1025 
6400 1026 1515 1020 1019 
6401 1020 564 1026 1019 
6402 1580 257 287 256 
6403 1552 143 1500 142 
6404 665 957 1563 958 
6405 1563 957 665 666 
6406 1503 1581 1481 1482 
6407 1503 73 1481 74 
6408 1046 704 1563 705 
6409 1563 704 1046 1045 
6410 1455 914 1575 913 
6411 1556 758 772 771 
6412 1556 772 758 757 
6413 638 772 758 771 
6414 1507 935 1538 934 
6415 85 1481 89 90 
6416 89 1481 85 86 
6417 85 979 89 86 
6418 436 1580 300 435 
6419 300 1580 436 301 
6420 300 1560 436 435 
6421 436 1560 300 301 
6422 1561 208 1571 209 
6423 1529 1571 208 209 
6424 1493 377 1522 1488 
6425 1493 1522 377 376 
6426 1523 1522 377 1488 
6427 1523 377 1522 376 
6428 1451 1584 1000 1468 
6429 1450 1000 1584 1468 
6430 1528 239 1502 238 
6431 870 466 1563 465 
6432 290 1513 1492 291 
6433 1492 1580 290 291 
6434 1547 227 1565 226 
6435 1547 228 1565 227 
6436 167 1477 193 166 
6437 193 1477 167 192 
6438 1481 75 1503 74 
6439 1481 1503 75 1581 
6440 1474 1486 754 755 
6441 828 786 469 787 
6442 1502 400 236 399 
6443 1502 236 400 235 
6444 510 958 1476 509 
6445 420 556 1036 419 
6446 1562 634 654 633 
6447 1562 654 634 653 
6448 104 1469 1550 105 
6449 1509 159 1477 160 
6450 1599 1477 159 160 
6451 1510 956 1578 955 
6452 1452 1578 956 955 
6453 474 791 501 475 
6454 1555 49 1478 50 
6455 1446 299 1513 298 
6456 1561 207 1571 208 
6457 1529 1571 207 208 
6458 1471 1440 740 739 
6459 1598 740 1440 739 
6460 1545 728 1523 727 
6461 1458 1529 206 1586 
6462 69 1454 70 1503 
6463 1450 1011 1451 1010 
6464 213 54 1478 214 
6465 1478 1479 213 214 
6466 552 1039 423 553 
6467 423 1039 552 1040 
6468 1504 498 478 477 
6469 1442 749 1473 748 
6470 1542 397 1499 398 
6471 660 1599 201 661 
6472 201 1599 660 200 
6473 201 1562 660 661 
6474 660 1562 201 200 
6475 908 1456 1455 909 
6476 65 510 960 959 
6477 960 510 65 66 
6478 1455 915 1575 914 
6479 1560 463 1508 462 
6480 159 1509 1487 160 
6481 289 1513 1492 290 
6482 1492 1580 289 290 
6483 967 1503 1576 968 
6484 1468 1000 1576 999 
6485 1468 1576 1000 1451 
6486 1555 53 1462 52 
6487 1555 1462 53 1510 
6488 1450 1004 1448 1005 
6489 549 1448 1004 1005 
6490 103 1469 1550 104 
6491 672 692 950 673 
6492 1508 463 464 834 
6493 464 833 1508 834 
6494 1508 833 464 1444 
6495 835 1589 865 866 
6496 865 1589 835 836 
6497 865 462 835 866 
6498 835 462 865 836 
6499 576 1052 712 575 
6500 1510 53 1482 54 
6501 1510 1482 53 1555 
6502 1478 1482 53 54 
6503 1478 53 1482 1555 
6504 102 1469 1550 103 
6505 1491 336 1517 337 
6506 462 867 435 868 
6507 462 435 867 461 
6508 1503 1576 966 967 
6509 1446 300 1513 299 
6510 1545 729 1523 728 
6511 1545 1523 729 1470 
6512 335 1517 1491 336 
6513 1550 536 516 537 
6514 1550 516 536 517 
6515 435 1580 299 434 
6516 299 1580 435 300 
6517 299 1560 435 434 
6518 435 1560 299 300 
6519 1520 93 1475 94 
6520 1469 117 1466 1465 
6521 632 1562 1473 631 
6522 1473 751 632 631 
6523 72 1481 1503 73 
6524 1455 916 1575 915 
6525 332 1540 1497 331 
6526 1497 1589 332 331 
6527 1478 1479 212 213 
6528 301 1492 1513 300 
6529 798 1441 818 797 
6530 818 1441 798 817 
6531 818 479 798 797 
6532 798 479 818 817 
6533 1480 114 1476 115 
6534 1480 1476 114 1600 
6535 502 1476 114 115 
6536 1454 1452 958 1576 
6537 1575 958 1452 1576 
6538 1580 288 421 287 
6539 1580 421 288 422 
6540 1548 421 288 287 
6541 1548 288 421 422 
6542 956 666 1563 667 
6543 956 1563 666 957 
6544 71 1481 1503 72 
6545 1442 750 1473 749 
6546 1488 380 1573 381 
6547 1599 661 202 201 
6548 1599 202 661 662 
6549 1562 202 661 201 
6550 1562 661 202 662 
6551 614 880 594 595 
6552 667 955 1563 956 
6553 1563 955 667 668 
6554 950 1452 922 951 
6555 922 1452 950 923 
6556 922 695 950 951 
6557 950 695 922 923 
6558 1598 875 342 874 
6559 1598 342 875 343 
6560 1542 396 1499 397 
6561 864 458 438 439 
6562 1488 379 1573 380 
6563 1471 1440 741 740 
6564 1598 741 1440 740 
6565 1455 917 1575 916 
6566 948 1452 924 949 
6567 924 1452 948 925 
6568 924 693 948 949 
6569 948 693 924 925 
6570 745 1442 1473 746 
6571 1552 144 1500 143 
6572 118 1521 1466 119 
6573 504 788 471 787 
6574 672 693 950 692 
6575 672 950 693 951 
6576 542 510 960 511 
6577 1560 464 1508 463 
6578 1560 1508 464 1444 
6579 1442 751 1473 750 
6580 1563 955 699 956 
6581 169 1477 191 168 
6582 191 1477 169 190 
6583 1571 212 1561 211 
6584 705 1047 1563 1046 
6585 1563 1047 705 706 
6586 960 512 67 961 
6587 67 512 960 511 
6588 1600 72 516 73 
6589 1600 516 72 515 
6590 63 667 955 62 
6591 955 667 63 956 
6592 955 1510 63 62 
6593 63 1510 955 956 
6594 1495 200 1562 199 
6595 1495 1562 200 1458 
6596 1546 1467 282 281 
6597 1502 401 235 400 
6598 1502 235 401 234 
6599 1580 434 298 299 
6600 1580 298 434 433 
6601 1560 298 434 299 
6602 1560 434 298 433 
6603 615 594 880 879 
6604 880 594 615 614 
6605 288 1513 1492 289 
6606 1492 1580 288 289 
6607 1560 1508 460 461 
6608 837 460 1508 461 
6609 1563 627 783 784 
6610 1555 48 1478 49 
6611 1555 1478 48 1530 
6612 219 1478 48 49 
6613 219 48 1478 1530 
6614 1464 1508 833 834 
6615 1505 247 1047 1046 
6616 1505 1047 247 246 
6617 1532 1473 1471 1470 
6618 1532 738 1471 739 
6619 1471 738 1532 1470 
6620 710 906 1052 907 
6621 1501 287 1511 286 
6622 1501 1511 287 1513 
6623 1438 1598 625 744 
6624 1450 1003 1448 1004 
6625 1450 1448 1003 1449 
6626 548 1003 1448 1449 
6627 553 1038 422 554 
6628 553 422 1038 1039 
6629 202 1458 1495 201 
6630 438 459 864 865 
6631 864 459 438 458 
6632 1032 1013 1451 1014 
6633 184 1525 1509 175 
6634 1509 1525 184 185 
6635 184 1509 174 175 
6636 174 1509 184 185 
6637 184 174 645 175 
6638 742 1471 1440 741 
6639 1440 1598 742 741 
6640 538 1550 1449 539 
6641 1449 999 1468 998 
6642 1478 218 50 49 
6643 1478 50 218 217 
6644 678 50 218 49 
6645 678 218 50 217 
6646 659 783 158 784 
6647 287 1513 1492 288 
6648 1492 1513 287 1511 
6649 1492 1580 287 288 
6650 287 1580 1492 1511 
6651 334 1517 1491 335 
6652 1491 1517 334 1540 
6653 790 1570 154 153 
6654 154 1570 790 789 
6655 549 1004 1575 1005 
6656 1451 1575 1004 1005 
6657 203 1458 1495 202 
6658 1528 240 1502 239 
6659 1528 1502 240 1585 
6660 333 1540 1497 332 
6661 1497 1589 333 332 
6662 1491 340 1580 339 
6663 1556 760 770 769 
6664 1556 770 760 759 
6665 640 770 760 769 
6666 62 668 954 61 
6667 954 668 62 955 
6668 954 1510 62 61 
6669 62 1510 954 955 
6670 659 783 1563 658 
6671 1563 783 659 784 
6672 1561 206 1571 207 
6673 1561 1571 206 1458 
6674 1529 1571 206 207 
6675 1529 206 1571 1458 
6676 1467 283 1546 282 
6677 1511 1546 283 282 
6678 204 1458 1495 203 
6679 1456 918 699 919 
6680 699 698 1456 919 
6681 613 881 595 596 
6682 1598 876 343 875 
6683 1598 343 876 344 
6684 1480 115 1469 114 
6685 1471 1440 743 742 
6686 1598 743 1440 742 
6687 205 1458 1495 204 
6688 1501 1548 295 294 
6689 67 512 962 961 
6690 962 512 67 68 
6691 962 1454 67 961 
6692 67 1454 962 68 
6693 1573 378 1488 1459 
6694 1573 1488 378 379 
6695 744 1442 1473 745 
6696 1473 1442 744 1471 
6697 475 792 500 476 
6698 475 500 792 791 
6699 1562 653 635 652 
6700 1562 635 653 634 
6701 1471 744 1440 1442 
6702 1471 1440 744 743 
6703 1598 1440 744 1442 
6704 1598 744 1440 743 
6705 1493 1488 1490 385 
6706 1493 1490 1488 1489 
6707 386 1490 1488 385 
6708 1510 957 1578 956 
6709 1452 1578 957 956 
6710 1540 334 1497 1517 
6711 1540 1497 334 333 
6712 1589 1497 334 1517 
6713 1589 334 1497 333 
6714 1527 1518 1598 350 
6715 1527 1598 1518 1517 
6716 866 461 436 460 
6717 436 461 866 867 
6718 186 1525 1509 185 
6719 1509 1525 186 1477 
6720 1509 173 186 185 
6721 186 173 1509 1477 
6722 1439 157 784 785 
6723 1575 1037 1009 1036 
6724 1575 1009 1037 1008 
6725 553 1037 1009 1008 
6726 1022 26 1515 1023 
6727 1022 1515 26 1531 
6728 1515 26 1526 1023 
6729 1515 1526 26 1531 
6730 1526 26 270 1023 
6731 1532 1471 740 739 
6732 1511 281 263 280 
6733 1511 263 281 262 
6734 415 281 263 262 
6735 673 1561 691 674 
6736 691 1561 673 692 
6737 1463 1059 901 1058 
6738 1463 901 1059 900 
6739 716 901 1059 1058 
6740 716 1059 901 900 
6741 1502 231 405 230 
6742 1502 405 231 404 
6743 595 614 881 613 
6744 881 614 595 880 
6745 634 654 778 653 
6746 1585 241 1505 242 
6747 246 580 1048 1047 
6748 1048 580 246 245 
6749 1048 1505 246 1047 
6750 246 1505 1048 245 
6751 1439 157 158 784 
6752 158 783 1439 784 
6753 745 1473 626 746 
6754 1570 1484 156 155 
6755 1595 348 594 593 
6756 1595 594 348 349 
6757 536 516 966 517 
6758 535 517 967 518 
6759 465 870 832 869 
6760 832 870 465 466 
6761 1510 958 1578 957 
6762 1510 1578 958 1454 
6763 1452 1578 958 957 
6764 1452 958 1578 1454 
6765 419 557 1035 418 
6766 1033 557 1013 1032 
6767 805 1500 811 804 
6768 811 1500 805 810 
6769 811 486 805 804 
6770 805 486 811 810 
6771 101 517 1600 516 
6772 73 1600 517 516 
6773 1525 183 175 184 
6774 1525 175 183 176 
6775 644 183 175 176 
6776 1467 284 1546 283 
6777 1467 1546 284 1501 
6778 1511 1546 284 283 
6779 1511 284 1546 1501 
6780 1598 879 735 880 
6781 1598 735 879 736 
6782 617 879 735 736 
6783 1477 173 187 186 
6784 1477 187 173 172 
6785 647 187 173 186 
6786 647 173 187 172 
6787 265 1511 279 278 
6788 279 1511 265 264 
6789 1563 591 877 876 
6790 1560 439 457 440 
6791 1560 457 439 458 
6792 323 1541 311 324 
6793 311 1541 323 312 
6794 479 795 497 496 
6795 1501 284 1548 285 
6796 1501 1548 284 1467 
6797 68 513 963 962 
6798 963 513 68 69 
6799 963 1454 68 962 
6800 68 1454 963 69 
6801 782 161 658 160 
6802 782 658 161 657 
6803 1513 1446 301 300 
6804 1560 301 1446 300 
6805 699 954 1563 698 
6806 1563 954 699 955 
6807 473 791 501 474 
6808 473 501 791 790 
6809 536 517 967 535 
6810 536 967 517 966 
6811 1491 1595 1517 1518 
6812 346 1595 1517 345 
6813 501 153 791 790 
6814 501 791 153 152 
6815 1570 791 153 790 
6816 1570 153 791 152 
6817 1441 800 816 815 
6818 1441 816 800 799 
6819 481 816 800 815 
6820 481 800 816 799 
6821 1532 1471 741 740 
6822 498 478 794 497 
6823 1556 762 768 767 
6824 1556 768 762 761 
6825 642 762 768 761 
6826 1505 249 1585 248 
6827 1464 1508 832 833 
6828 1444 832 1508 833 
6829 575 1053 713 574 
6830 1502 404 232 403 
6831 1502 232 404 231 
6832 568 404 232 231 
6833 1048 706 1563 707 
6834 1563 706 1048 1047 
6835 1048 580 1563 1047 
6836 668 954 60 669 
6837 60 954 668 61 
6838 497 478 795 479 
6839 795 478 497 794 
6840 1462 945 929 944 
6841 1462 929 945 928 
6842 689 929 945 944 
6843 1449 1000 1468 999 
6844 1449 1468 1000 1450 
6845 1585 240 1505 241 
6846 1585 1505 240 1528 
6847 591 344 877 876 
6848 591 877 344 345 
6849 1598 877 344 876 
6850 1598 344 877 345 
6851 1461 1473 626 1532 
6852 626 1562 1461 1532 
6853 1480 116 1469 115 
6854 782 627 1563 628 
6855 1563 627 782 783 
6856 1595 344 1517 345 
6857 1503 70 1481 71 
6858 552 423 1041 424 
6859 552 1041 423 1040 
6860 435 867 337 868 
6861 252 1505 1039 1040 
6862 1039 1505 252 253 
6863 1039 423 252 1040 
6864 1511 271 273 270 
6865 1511 273 271 272 
6866 26 273 271 270 
6867 26 271 273 272 
6868 435 337 869 868 
6869 435 462 869 434 
6870 869 462 435 868 
6871 1595 376 350 351 
6872 1595 350 376 595 
6873 596 376 350 595 
6874 1477 171 189 188 
6875 1477 189 171 170 
6876 621 876 1563 620 
6877 1563 876 621 875 
6878 362 1493 366 365 
6879 366 1493 362 361 
6880 1600 111 1475 110 
6881 1469 1475 111 110 
6882 1600 105 511 106 
6883 1600 511 105 512 
6884 1550 511 105 106 
6885 1550 105 511 512 
6886 1038 422 253 1039 
6887 1038 1505 253 254 
6888 253 1505 1038 1039 
6889 869 464 833 465 
6890 833 464 869 868 
6891 1600 510 106 511 
6892 1550 106 510 511 
6893 1488 387 1490 386 
6894 1039 550 1007 551 
6895 1448 1007 550 551 
6896 1448 550 1007 1006 
6897 1523 1532 594 595 
6898 1491 341 1580 340 
6899 1491 1580 341 1595 
6900 765 1544 1556 764 
6901 1556 1544 765 766 
6902 463 834 868 464 
6903 868 834 463 867 
6904 69 514 964 963 
6905 964 514 69 70 
6906 964 1454 69 963 
6907 69 1454 964 70 
6908 1440 723 891 724 
6909 1440 891 723 892 
6910 605 891 723 724 
6911 620 877 1563 619 
6912 1563 877 620 876 
6913 779 632 655 633 
6914 1517 347 1595 346 
6915 1589 336 866 867 
6916 1589 866 336 335 
6917 436 866 336 867 
6918 436 336 866 335 
6919 801 1441 815 800 
6920 815 1441 801 814 
6921 815 482 801 800 
6922 801 482 815 814 
6923 1493 361 367 360 
6924 1493 367 361 366 
6925 16 367 361 360 
6926 16 361 367 366 
6927 644 1486 182 17 
6928 182 1486 644 183 
6929 182 176 644 17 
6930 644 176 182 183 
6931 336 436 1580 335 
6932 665 1561 205 1458 
6933 665 205 1561 666 
6934 206 205 1561 1458 
6935 206 1561 205 666 
6936 1505 250 1585 249 
6937 1548 296 1501 295 
6938 1513 1501 296 295 
6939 1560 298 432 433 
6940 1560 432 298 1446 
6941 245 579 1049 1048 
6942 1049 1505 245 1048 
6943 245 1505 1049 244 
6944 1520 14 92 526 
6945 1520 92 14 91 
6946 84 14 92 91 
6947 538 965 515 964 
6948 538 515 965 537 
6949 1600 104 512 105 
6950 1600 512 104 513 
6951 1550 512 104 105 
6952 1550 104 512 513 
6953 1047 706 911 705 
6954 911 706 1047 1048 
6955 1595 1517 348 347 
6956 1598 348 1517 347 
6957 11 1467 276 410 
6958 276 1467 11 275 
6959 11 268 276 275 
6960 1510 1454 1482 1503 
6961 117 1521 1466 118 
6962 1466 1521 117 1469 
6963 345 592 878 346 
6964 878 592 345 877 
6965 878 1598 345 346 
6966 345 1598 878 877 
6967 1595 375 351 352 
6968 1595 351 375 376 
6969 422 1039 252 253 
6970 252 1039 422 423 
6971 252 1580 422 253 
6972 422 1580 252 423 
6973 1446 297 432 298 
6974 1480 117 1469 116 
6975 1480 1469 117 1521 
6976 806 1500 810 805 
6977 810 1500 806 809 
6978 810 487 806 805 
6979 806 487 810 809 
6980 1548 297 1501 296 
6981 1548 1501 297 1446 
6982 1513 1501 297 296 
6983 1513 297 1501 1446 
6984 349 1595 595 350 
6985 595 1595 349 594 
6986 1499 573 715 572 
6987 1536 448 312 447 
6988 1536 312 448 313 
6989 322 448 312 313 
6990 1511 267 277 266 
6991 1511 277 267 276 
6992 865 460 437 459 
6993 437 460 865 866 
6994 1542 396 1460 1499 
6995 537 1550 1449 538 
6996 1449 992 537 538 
6997 1600 103 513 104 
6998 1600 513 103 514 
6999 1550 513 103 104 
7000 1550 103 513 514 
7001 1595 376 594 595 
7002 1595 594 376 377 
7003 1523 594 376 595 
7004 1523 376 594 377 
7005 670 58 208 209 
7006 208 1561 670 209 
7007 670 1561 208 669 
7008 1580 436 337 435 
7009 1580 337 436 336 
7010 867 337 436 435 
7011 867 436 337 336 
7012 592 1595 378 593 
7013 378 1573 592 593 
7014 699 700 1456 1558 
7015 1510 60 952 59 
7016 1510 952 60 953 
7017 670 952 60 59 
7018 670 60 952 953 
7019 1484 157 1570 156 
7020 1439 1570 157 156 
7021 1488 388 1490 387 
7022 57 209 671 210 
7023 1561 671 209 210 
7024 1561 209 671 670 
7025 449 1536 447 448 
7026 447 1536 449 450 
7027 1562 652 636 651 
7028 1562 636 652 635 
7029 1552 138 128 139 
7030 1552 128 138 129 
7031 656 161 780 162 
7032 656 780 161 781 
7033 1487 780 161 162 
7034 1487 161 780 781 
7035 1504 505 1465 504 
7036 1504 1465 505 1550 
7037 1589 837 863 838 
7038 1589 863 837 864 
7039 460 863 837 838 
7040 460 837 863 864 
7041 555 1036 420 556 
7042 555 420 1036 1037 
7043 1595 343 1517 344 
7044 197 163 656 196 
7045 197 1562 656 657 
7046 656 1562 197 196 
7047 635 653 777 652 
7048 596 612 882 597 
7049 1035 555 1011 1034 
7050 500 152 792 791 
7051 500 792 152 151 
7052 1570 792 152 791 
7053 1570 152 792 151 
7054 196 1562 655 656 
7055 655 1562 196 195 
7056 196 164 655 195 
7057 1499 1558 575 1573 
7058 1039 1007 552 551 
7059 1039 552 1007 1038 
7060 1600 112 1475 111 
7061 1469 1475 112 111 
7062 711 576 1052 712 
7063 578 244 1050 243 
7064 578 1050 244 1049 
7065 1505 1050 244 243 
7066 1505 244 1050 1049 
7067 1600 113 1475 112 
7068 1469 1475 113 112 
7069 487 803 489 488 
7070 1541 318 316 317 
7071 1541 316 318 319 
7072 22 316 318 317 
7073 22 318 316 319 
7074 58 209 671 57 
7075 58 671 209 670 
7076 670 59 208 58 
7077 1509 173 1487 172 
7078 1509 1487 173 1544 
7079 349 1595 1517 348 
7080 1517 1598 349 348 
7081 463 834 866 867 
7082 463 866 834 835 
7083 1589 866 834 867 
7084 1589 834 866 835 
7085 691 949 673 674 
7086 1467 565 411 410 
7087 1467 411 565 564 
7088 1028 565 411 564 
7089 1507 18 221 222 
7090 1507 221 18 682 
7091 45 221 18 222 
7092 1467 410 277 276 
7093 1467 277 410 411 
7094 267 277 410 276 
7095 1511 269 275 268 
7096 1511 275 269 274 
7097 11 275 269 268 
7098 11 269 275 274 
7099 1561 674 690 691 
7100 1561 690 674 675 
7101 889 1440 725 726 
7102 725 1440 889 890 
7103 1548 418 558 557 
7104 1548 558 418 417 
7105 100 1600 76 99 
7106 76 1600 100 75 
7107 163 196 655 656 
7108 655 196 163 164 
7109 643 1486 645 644 
7110 645 1486 643 642 
7111 1520 527 525 528 
7112 1520 525 527 526 
7113 656 197 162 163 
7114 628 781 749 629 
7115 749 781 628 748 
7116 749 1473 628 629 
7117 628 1473 749 748 
7118 619 878 736 737 
7119 736 878 619 618 
7120 736 1532 619 737 
7121 619 1532 736 618 
7122 1486 645 183 184 
7123 1486 183 645 644 
7124 175 183 645 184 
7125 175 645 183 644 
7126 849 1497 851 852 
7127 851 1497 849 850 
7128 851 12 849 852 
7129 849 12 851 850 
7130 1550 518 534 519 
7131 1550 534 518 535 
7132 1500 807 809 808 
7133 1500 809 807 806 
7134 13 809 807 808 
7135 13 807 809 806 
7136 707 910 1048 706 
7137 1048 910 707 1049 
7138 1523 603 367 604 
7139 1523 367 603 368 
7140 321 1541 313 322 
7141 313 1541 321 314 
7142 862 456 440 441 
7143 1499 721 567 720 
7144 1499 567 721 566 
7145 1595 342 1517 343 
7146 515 70 965 71 
7147 515 965 70 964 
7148 727 1440 887 888 
7149 887 1440 727 728 
7150 887 609 727 888 
7151 457 439 863 440 
7152 173 769 1556 770 
7153 1556 769 173 1544 
7154 173 1487 1556 1544 
7155 335 1589 865 334 
7156 865 1589 335 866 
7157 865 437 335 334 
7158 335 437 865 866 
7159 633 778 654 779 
7160 633 654 778 634 
7161 967 1576 993 992 
7162 993 1576 967 966 
7163 993 538 967 992 
7164 967 538 993 966 
7165 440 457 862 863 
7166 862 457 440 456 
7167 537 966 516 965 
7168 516 966 537 536 
7169 1465 500 116 117 
7170 1465 116 500 501 
7171 605 1523 603 606 
7172 603 1523 605 604 
7173 603 888 605 606 
7174 254 1580 421 255 
7175 70 515 1600 71 
7176 1600 515 70 514 
7177 1595 350 1517 1518 
7178 1595 1517 350 349 
7179 1598 1517 350 1518 
7180 1598 350 1517 349 
7181 264 1526 1030 263 
7182 1030 1526 264 1029 
7183 264 413 1030 1029 
7184 593 346 879 878 
7185 593 879 346 347 
7186 1598 879 346 878 
7187 1598 346 879 347 
7188 794 498 477 478 
7189 1466 499 117 118 
7190 177 1525 181 182 
7191 181 1525 177 178 
7192 177 765 181 178 
7193 6 764 1544 20 
7194 1544 764 6 1566 
7195 1463 1062 898 1061 
7196 1463 898 1062 897 
7197 719 898 1062 1061 
7198 719 1062 898 897 
7199 301 333 437 302 
7200 301 1560 437 436 
7201 437 1560 301 302 
7202 909 1049 708 707 
7203 909 708 1049 1050 
7204 1038 421 253 422 
7205 1038 253 421 254 
7206 1580 253 421 422 
7207 1580 421 253 254 
7208 683 1507 681 684 
7209 681 1507 683 682 
7210 1547 1064 227 1065 
7211 1547 227 1064 228 
7212 227 1064 408 1065 
7213 227 408 1064 228 
7214 408 407 1064 228 
7215 1456 916 700 917 
7216 1507 682 220 221 
7217 1507 220 682 681 
7218 46 220 682 221 
7219 1462 931 941 942 
7220 1462 941 931 932 
7221 686 941 931 942 
7222 686 931 941 932 
7223 137 1552 129 130 
7224 129 1552 137 138 
7225 129 488 137 130 
7226 137 488 129 138 
7227 1563 699 1558 700 
7228 58 952 670 59 
7229 670 952 58 671 
7230 301 334 437 333 
7231 1541 319 315 316 
7232 1541 315 319 320 
7233 1589 861 839 862 
7234 1589 839 861 840 
7235 458 839 861 862 
7236 458 861 839 840 
7237 937 1462 935 938 
7238 935 1462 937 936 
7239 935 18 937 938 
7240 937 18 935 936 
7241 944 1555 49 943 
7242 49 1555 944 50 
7243 49 679 944 943 
7244 163 780 656 655 
7245 656 780 163 162 
7246 714 1499 573 715 
7247 77 1600 99 76 
7248 99 1600 77 98 
7249 1550 517 101 516 
7250 496 480 796 495 
7251 229 1565 407 406 
7252 407 1565 229 228 
7253 83 1600 93 82 
7254 93 1600 83 92 
7255 151 499 793 150 
7256 793 499 151 792 
7257 793 1570 151 150 
7258 151 1570 793 792 
7259 1440 728 886 729 
7260 1440 886 728 887 
7261 610 728 886 887 
7262 878 736 617 618 
7263 617 736 878 879 
7264 1038 1008 553 552 
7265 1038 553 1008 1037 
7266 1561 672 210 211 
7267 1561 210 672 671 
7268 165 654 195 194 
7269 1562 654 195 655 
7270 1562 195 654 194 
7271 700 1456 701 916 
7272 700 701 1456 1558 
7273 915 701 1456 916 
7274 1598 732 882 733 
7275 614 882 732 733 
7276 614 732 882 883 
7277 948 674 690 675 
7278 414 1031 263 1030 
7279 1035 556 419 1036 
7280 1035 419 556 557 
7281 57 672 210 671 
7282 908 1050 709 708 
7283 908 709 1050 1051 
7284 636 652 776 651 
7285 148 119 497 120 
7286 1466 497 119 120 
7287 1466 119 497 498 
7288 1561 675 689 690 
7289 498 1466 118 499 
7290 118 1466 498 119 
7291 164 195 654 655 
7292 654 195 164 165 
7293 712 1053 575 1052 
7294 575 1053 712 713 
7295 1055 715 573 572 
7296 612 730 884 885 
7297 634 777 653 778 
7298 634 653 777 635 
7299 994 1576 539 540 
7300 1523 611 597 598 
7301 1523 597 611 612 
7302 1576 975 985 974 
7303 1576 985 975 984 
7304 530 985 975 974 
7305 530 975 985 984 
7306 710 1052 576 1051 
7307 710 576 1052 711 
7308 701 1456 702 915 
7309 701 702 1456 1558 
7310 914 702 1456 915 
7311 1527 885 1440 886 
7312 729 1440 885 886 
7313 692 949 673 691 
7314 692 673 949 950 
7315 417 1467 559 416 
7316 1562 637 651 636 
7317 1462 932 940 941 
7318 1462 940 932 933 
7319 685 940 932 941 
7320 685 932 940 933 
7321 136 1552 130 131 
7322 130 1552 136 137 
7323 130 13 136 131 
7324 136 13 130 137 
7325 558 1034 418 417 
7326 178 1525 180 181 
7327 180 1525 178 179 
7328 180 20 178 181 
7329 178 20 180 179 
7330 574 1054 714 573 
7331 331 439 303 304 
7332 1560 439 303 438 
7333 1560 303 439 304 
7334 332 303 439 438 
7335 332 439 303 331 
7336 968 534 518 519 
7337 332 438 302 303 
7338 1560 302 438 303 
7339 1560 438 302 437 
7340 1548 419 286 285 
7341 1548 286 419 420 
7342 1576 968 992 967 
7343 1576 992 968 991 
7344 537 992 968 967 
7345 537 968 992 991 
7346 714 573 1055 715 
7347 1055 573 714 1054 
7348 358 1518 1493 359 
7349 82 1600 94 81 
7350 94 1600 82 93 
7351 1520 520 532 521 
7352 1051 907 710 1052 
7353 710 907 1051 709 
7354 286 257 419 420 
7355 438 333 302 437 
7356 438 302 333 332 
7357 458 863 439 864 
7358 458 439 863 457 
7359 969 533 519 520 
7360 257 287 420 286 
7361 1548 287 420 421 
7362 1548 420 287 286 
7363 417 559 1033 416 
7364 1560 431 1446 1548 
7365 1560 1446 431 432 
7366 297 1446 431 1548 
7367 297 431 1446 432 
7368 1576 969 991 968 
7369 1576 991 969 990 
7370 536 991 969 968 
7371 536 969 991 990 
7372 1536 442 454 443 
7373 933 1462 939 934 
7374 939 1462 933 940 
7375 939 684 933 934 
7376 933 684 939 940 
7377 695 923 1456 922 
7378 1455 1456 923 922 
7379 519 534 969 968 
7380 969 534 519 533 
7381 476 794 498 477 
7382 498 794 476 793 
7383 1466 132 808 13 
7384 1466 808 132 133 
7385 21 132 808 133 
7386 614 594 1532 595 
7387 616 879 735 617 
7388 735 879 616 880 
7389 882 613 596 881 
7390 882 596 613 612 
7391 121 1483 147 120 
7392 147 1483 121 146 
7393 1562 194 653 193 
7394 1562 653 194 654 
7395 166 653 194 193 
7396 947 675 689 676 
7397 1573 575 395 576 
7398 240 575 395 396 
7399 796 479 496 795 
7400 796 496 479 480 
7401 455 1536 442 454 
7402 43 1530 223 224 
7403 223 1530 43 44 
7404 1600 80 96 95 
7405 1600 96 80 79 
7406 948 691 674 949 
7407 948 674 691 690 
7408 520 970 532 521 
7409 1037 554 1009 1036 
7410 1037 1009 554 553 
7411 330 440 304 305 
7412 1576 970 990 969 
7413 1576 990 970 989 
7414 535 990 970 969 
7415 535 970 990 989 
7416 632 779 751 778 
7417 632 751 779 631 
7418 615 594 1532 614 
7419 1589 848 854 853 
7420 1589 854 848 847 
7421 450 848 854 847 
7422 304 331 440 330 
7423 440 331 304 439 
7424 165 194 653 654 
7425 653 194 165 166 
7426 861 455 441 442 
7427 1443 1444 821 822 
7428 482 798 494 493 
7429 1536 441 455 442 
7430 635 776 652 777 
7431 652 776 635 636 
7432 557 1034 418 558 
7433 418 1034 557 1035 
7434 673 1561 211 672 
7435 211 1561 673 212 
7436 495 481 797 494 
7437 1595 372 354 355 
7438 1595 354 372 373 
7439 860 454 442 443 
7440 1439 821 793 822 
7441 1439 793 821 794 
7442 475 821 793 794 
7443 1465 503 113 114 
7444 1600 113 503 114 
7445 1499 572 716 571 
7446 1499 716 572 715 
7447 794 820 475 821 
7448 794 475 820 476 
7449 597 611 883 598 
7450 713 1054 574 1053 
7451 574 1054 713 714 
7452 752 632 1473 751 
7453 395 575 241 576 
7454 395 241 575 240 
7455 1052 241 575 576 
7456 753 777 632 752 
7457 632 777 753 633 
7458 838 460 1508 837 
7459 456 1536 441 455 
7460 456 441 1536 1560 
7461 576 712 1573 575 
7462 193 167 652 192 
7463 1467 560 416 415 
7464 1467 416 560 559 
7465 610 884 598 599 
7466 533 520 970 532 
7467 533 970 520 969 
7468 775 637 651 650 
7469 1449 1002 548 1003 
7470 554 1010 1448 1009 
7471 1450 1448 1010 1009 
7472 1011 1035 554 555 
7473 554 1035 1011 1010 
7474 494 481 798 482 
7475 494 798 481 797 
7476 1499 396 574 397 
7477 1499 574 396 575 
7478 239 574 396 397 
7479 535 968 518 967 
7480 518 968 535 534 
7481 598 611 884 610 
7482 884 611 598 883 
7483 820 794 477 795 
7484 477 794 820 476 
7485 676 1507 688 677 
7486 688 1507 676 689 
7487 369 357 1493 358 
7488 1518 1493 357 358 
7489 1518 357 1493 1595 
7490 442 455 860 861 
7491 860 455 442 454 
7492 1052 711 906 710 
7493 906 711 1052 1053 
7494 575 1053 241 1052 
7495 575 241 1053 240 
7496 1505 241 1053 1052 
7497 1505 1053 241 240 
7498 838 459 1508 460 
7499 1560 1508 459 460 
7500 168 651 192 191 
7501 160 1439 782 1487 
7502 158 159 1439 783 
7503 158 1439 159 1487 
7504 159 1439 160 1487 
7505 166 652 193 167 
7506 166 193 652 653 
7507 675 54 213 214 
7508 847 1589 855 846 
7509 855 1589 847 854 
7510 947 690 675 948 
7511 947 675 690 689 
7512 734 880 615 881 
7513 615 880 734 616 
7514 1600 74 518 75 
7515 518 100 1600 75 
7516 370 357 1493 369 
7517 1493 357 370 1595 
7518 396 574 240 575 
7519 396 240 574 239 
7520 1053 240 574 575 
7521 883 612 597 882 
7522 883 597 612 611 
7523 456 861 441 862 
7524 441 861 456 455 
7525 1466 128 488 489 
7526 1466 488 128 129 
7527 138 128 488 129 
7528 1595 370 356 357 
7529 1595 356 370 371 
7530 601 356 370 357 
7531 601 370 356 371 
7532 1548 285 418 419 
7533 1548 418 285 284 
7534 797 480 495 796 
7535 797 495 480 481 
7536 716 572 1056 571 
7537 121 1466 495 122 
7538 495 1466 121 496 
7539 495 146 121 122 
7540 397 238 573 398 
7541 573 1499 397 398 
7542 397 1499 573 574 
7543 574 1054 240 1053 
7544 574 240 1054 239 
7545 1596 1054 240 239 
7546 839 459 1508 838 
7547 651 167 192 652 
7548 651 192 167 168 
7549 971 531 521 522 
7550 1033 558 417 1034 
7551 1033 417 558 559 
7552 1576 973 987 972 
7553 1576 987 973 986 
7554 532 987 973 972 
7555 532 973 987 986 
7556 776 754 633 634 
7557 776 633 754 753 
7558 1466 489 127 128 
7559 1466 127 489 490 
7560 139 127 489 128 
7561 1034 1012 555 1011 
7562 1034 555 1012 556 
7563 521 532 971 970 
7564 971 532 521 531 
7565 560 1032 416 415 
7566 636 775 651 776 
7567 651 775 636 637 
7568 316 1536 850 12 
7569 850 1536 316 317 
7570 316 22 850 317 
7571 1589 859 843 842 
7572 1589 843 859 858 
7573 455 859 843 858 
7574 486 1466 490 485 
7575 490 1466 486 489 
7576 946 676 688 677 
7577 483 799 493 492 
7578 839 458 1508 459 
7579 1560 1508 458 459 
7580 121 495 147 146 
7581 121 147 495 496 
7582 796 495 147 496 
7583 571 1057 717 570 
7584 1488 377 1459 378 
7585 1488 1459 377 1523 
7586 377 1459 594 1523 
7587 716 571 1057 717 
7588 716 1057 571 1056 
7589 1499 408 894 409 
7590 1499 894 408 15 
7591 23 894 408 409 
7592 273 1467 1022 272 
7593 1022 1467 273 11 
7594 1022 26 273 272 
7595 453 443 859 444 
7596 397 239 573 238 
7597 397 573 239 574 
7598 1054 239 573 574 
7599 845 1589 857 844 
7600 857 1589 845 856 
7601 845 453 857 856 
7602 609 885 599 600 
7603 1053 905 712 1054 
7604 1053 712 905 711 
7605 558 417 1467 559 
7606 558 1467 417 1548 
7607 454 443 859 453 
7608 454 859 443 860 
7609 495 797 147 146 
7610 495 147 797 796 
7611 1500 147 797 146 
7612 1500 797 147 796 
7613 1467 415 561 560 
7614 1467 561 415 414 
7615 1000 1449 547 546 
7616 547 1449 1000 1001 
7617 547 1576 1000 546 
7618 1000 1576 547 1001 
7619 991 537 1449 992 
7620 1449 1468 991 992 
7621 599 610 885 609 
7622 885 610 599 884 
7623 518 1600 101 517 
7624 101 1600 518 100 
7625 774 638 650 649 
7626 536 1550 1449 537 
7627 1449 991 536 537 
7628 881 733 614 615 
7629 881 614 733 882 
7630 715 1056 572 1055 
7631 715 572 1056 716 
7632 329 441 305 306 
7633 840 458 1508 839 
7634 1573 576 394 577 
7635 1573 394 576 395 
7636 241 576 394 395 
7637 1523 365 722 16 
7638 1523 722 365 364 
7639 19 365 722 364 
7640 858 1589 844 857 
7641 844 1589 858 843 
7642 844 454 858 857 
7643 441 330 305 440 
7644 441 305 330 329 
7645 1033 1013 556 1012 
7646 1033 556 1013 557 
7647 76 519 100 99 
7648 181 1486 764 17 
7649 764 1486 181 180 
7650 181 20 764 180 
7651 260 284 417 283 
7652 1467 417 284 283 
7653 1507 926 693 692 
7654 1507 693 926 925 
7655 948 693 926 692 
7656 948 926 693 925 
7657 946 689 676 947 
7658 946 676 689 688 
7659 691 948 926 692 
7660 926 948 691 947 
7661 883 731 614 732 
7662 883 614 731 613 
7663 120 1466 496 121 
7664 496 1466 120 497 
7665 496 147 120 121 
7666 259 284 417 260 
7667 677 1507 687 678 
7668 687 1507 677 688 
7669 306 328 442 307 
7670 442 1536 306 307 
7671 306 1536 442 441 
7672 559 1032 416 560 
7673 416 1032 559 1033 
7674 1520 89 980 88 
7675 1520 980 89 14 
7676 25 980 89 88 
7677 329 306 442 441 
7678 442 306 329 328 
7679 573 1055 239 1054 
7680 573 239 1055 238 
7681 1596 239 1055 1054 
7682 1596 1055 239 238 
7683 1486 649 639 648 
7684 1486 639 649 638 
7685 990 536 1449 991 
7686 1449 1468 990 991 
7687 457 1560 1508 458 
7688 1508 1560 457 1536 
7689 1508 840 457 458 
7690 1598 341 874 342 
7691 1598 874 341 873 
7692 990 535 1449 536 
7693 1550 1449 535 536 
7694 776 754 635 775 
7695 776 635 754 634 
7696 577 1573 393 394 
7697 393 1573 577 578 
7698 393 242 577 394 
7699 743 1532 625 744 
7700 625 1598 743 744 
7701 712 1499 903 904 
7702 903 1499 712 713 
7703 903 1055 712 904 
7704 712 1055 903 713 
7705 637 774 650 775 
7706 637 650 774 638 
7707 1523 376 597 596 
7708 1523 597 376 375 
7709 351 376 597 375 
7710 169 650 191 190 
7711 730 884 613 612 
7712 613 884 730 731 
7713 1536 313 12 314 
7714 1536 12 313 448 
7715 321 12 313 314 
7716 1031 415 561 414 
7717 841 457 1508 840 
7718 1508 457 841 1536 
7719 1532 742 625 624 
7720 1532 625 742 743 
7721 1598 625 742 624 
7722 1598 742 625 743 
7723 1520 99 520 98 
7724 77 520 99 98 
7725 1536 447 311 446 
7726 1536 311 447 312 
7727 323 447 311 312 
7728 1032 1014 557 1013 
7729 1032 557 1014 558 
7730 520 533 1520 532 
7731 687 945 677 678 
7732 989 535 1449 990 
7733 1449 1468 989 990 
7734 522 972 530 523 
7735 1486 190 649 189 
7736 1486 649 190 650 
7737 170 649 190 189 
7738 1520 93 526 92 
7739 1520 526 93 525 
7740 83 526 93 92 
7741 531 522 972 530 
7742 531 972 522 971 
7743 482 799 493 483 
7744 493 799 482 798 
7745 568 1499 720 719 
7746 720 1499 568 567 
7747 1486 184 646 645 
7748 1486 646 184 185 
7749 174 646 184 645 
7750 174 184 646 185 
7751 484 800 492 491 
7752 639 649 773 648 
7753 1520 98 521 97 
7754 1520 521 98 520 
7755 78 521 98 97 
7756 947 927 690 691 
7757 947 690 927 946 
7758 444 858 452 445 
7759 684 1507 680 685 
7760 680 1507 684 681 
7761 602 1523 606 603 
7762 606 1523 602 607 
7763 1520 525 94 524 
7764 1520 94 525 93 
7765 82 525 94 93 
7766 261 283 416 282 
7767 1467 283 416 417 
7768 1467 416 283 282 
7769 1499 570 718 569 
7770 1499 718 570 717 
7771 578 1573 392 393 
7772 392 1573 578 579 
7773 1499 405 568 567 
7774 1499 568 405 404 
7775 231 568 405 567 
7776 231 405 568 404 
7777 1523 368 602 369 
7778 1523 602 368 603 
7779 457 1536 842 841 
7780 842 1536 457 456 
7781 842 860 457 841 
7782 457 860 842 456 
7783 415 262 282 281 
7784 415 1467 282 416 
7785 282 1467 415 281 
7786 260 416 283 417 
7787 260 283 416 261 
7788 144 123 493 124 
7789 1466 493 123 124 
7790 1466 123 493 494 
7791 411 1467 278 412 
7792 278 1467 411 277 
7793 411 266 278 277 
7794 886 600 608 601 
7795 1523 375 598 597 
7796 1523 598 375 374 
7797 352 375 598 374 
7798 453 444 858 452 
7799 453 858 444 859 
7800 678 1507 686 679 
7801 686 1507 678 687 
7802 1486 635 756 636 
7803 1486 756 635 755 
7804 774 756 635 636 
7805 774 635 756 755 
7806 676 53 214 215 
7807 609 600 886 885 
7808 886 600 609 608 
7809 560 1031 415 561 
7810 415 1031 560 1032 
7811 941 681 683 682 
7812 534 1550 1449 535 
7813 1449 989 534 535 
7814 261 282 415 262 
7815 261 415 282 416 
7816 1467 562 414 413 
7817 1467 414 562 561 
7818 1499 398 572 399 
7819 1499 572 398 573 
7820 237 572 398 399 
7821 328 443 308 327 
7822 145 123 493 144 
7823 493 123 145 494 
7824 145 798 493 494 
7825 688 945 677 687 
7826 688 677 945 946 
7827 124 1466 492 125 
7828 492 1466 124 493 
7829 492 142 124 125 
7830 489 486 803 487 
7831 714 903 1055 713 
7832 714 1055 903 1056 
7833 122 1466 494 123 
7834 494 1466 122 495 
7835 494 145 122 123 
7836 521 77 98 520 
7837 521 98 77 78 
7838 169 649 190 170 
7839 190 649 169 650 
7840 1507 681 219 220 
7841 1507 219 681 680 
7842 47 219 681 220 
7843 266 410 277 411 
7844 266 277 410 267 
7845 612 1523 729 611 
7846 729 885 612 611 
7847 612 885 729 730 
7848 773 638 649 639 
7849 649 638 773 774 
7850 143 124 492 142 
7851 640 648 772 647 
7852 639 648 772 640 
7853 639 772 648 773 
7854 799 493 145 798 
7855 145 493 799 144 
7856 145 1500 799 798 
7857 799 1500 145 144 
7858 558 1467 1015 559 
7859 1015 1031 558 559 
7860 558 1031 1015 1014 
7861 399 1499 571 572 
7862 571 1499 399 400 
7863 399 236 571 400 
7864 1520 97 522 96 
7865 1520 522 97 521 
7866 79 522 97 96 
7867 1027 266 410 1026 
7868 646 770 642 645 
7869 718 570 1058 569 
7870 97 78 522 79 
7871 97 522 78 521 
7872 686 944 678 679 
7873 1536 456 843 455 
7874 1536 843 456 842 
7875 859 843 456 455 
7876 859 456 843 842 
7877 217 678 51 50 
7878 1523 374 599 598 
7879 1523 599 374 373 
7880 353 374 599 373 
7881 1507 690 929 928 
7882 1507 929 690 689 
7883 945 929 690 928 
7884 945 690 929 689 
7885 1486 636 757 637 
7886 1486 757 636 756 
7887 773 757 636 637 
7888 773 636 757 756 
7889 215 1507 677 216 
7890 677 1507 215 676 
7891 677 52 215 216 
7892 412 564 1028 411 
7893 1466 126 490 491 
7894 1466 490 126 127 
7895 140 126 490 127 
7896 528 524 974 525 
7897 1536 307 443 308 
7898 1536 443 307 442 
7899 328 443 307 308 
7900 328 307 443 442 
7901 1016 1467 559 1015 
7902 559 1467 1016 560 
7903 559 1030 1016 1015 
7904 1016 1030 559 560 
7905 717 1058 570 1057 
7906 717 570 1058 718 
7907 562 1030 414 413 
7908 144 124 492 143 
7909 492 124 144 493 
7910 144 799 492 493 
7911 483 800 492 484 
7912 483 492 800 799 
7913 803 488 139 489 
7914 803 139 488 804 
7915 138 488 139 804 
7916 443 326 310 309 
7917 310 326 443 444 
7918 310 1536 443 309 
7919 443 1536 310 444 
7920 1467 560 1017 1016 
7921 1467 1017 560 561 
7922 1029 1017 560 1016 
7923 1029 560 1017 561 
7924 446 856 450 447 
7925 1523 611 728 729 
7926 1523 728 611 610 
7927 886 728 611 729 
7928 886 611 728 610 
7929 889 358 604 890 
7930 359 358 604 603 
7931 359 604 358 890 
7932 1552 125 141 126 
7933 1552 141 125 142 
7934 1536 455 844 454 
7935 1536 844 455 843 
7936 858 844 455 454 
7937 858 455 844 843 
7938 1486 637 758 638 
7939 1486 758 637 757 
7940 772 758 637 638 
7941 772 637 758 757 
7942 326 310 445 444 
7943 687 944 678 686 
7944 687 678 944 945 
7945 1467 281 414 415 
7946 1467 414 281 280 
7947 263 414 281 415 
7948 263 281 414 280 
7949 561 1030 414 562 
7950 414 1030 561 1031 
7951 523 973 529 524 
7952 942 680 684 681 
7953 530 523 973 529 
7954 530 973 523 972 
7955 1507 685 679 680 
7956 1507 679 685 686 
7957 1031 415 263 262 
7958 1031 263 415 414 
7959 485 801 491 490 
7960 800 492 144 799 
7961 144 492 800 143 
7962 144 1500 800 799 
7963 800 1500 144 143 
7964 720 568 1060 567 
7965 1536 445 451 446 
7966 1536 451 445 452 
7967 1536 846 453 845 
7968 1536 453 846 452 
7969 856 453 846 845 
7970 856 846 453 452 
7971 606 888 602 603 
7972 1499 569 719 568 
7973 1499 719 569 718 
7974 1536 454 845 453 
7975 1536 845 454 844 
7976 857 845 454 453 
7977 857 454 845 844 
7978 264 280 413 279 
7979 1467 413 280 279 
7980 1467 280 413 414 
7981 1507 689 930 929 
7982 1507 930 689 688 
7983 944 930 689 929 
7984 944 689 930 688 
7985 1507 216 678 677 
7986 1507 678 216 217 
7987 51 216 678 217 
7988 96 1520 523 522 
7989 523 1520 96 95 
7990 96 80 523 95 
7991 1467 561 1018 1017 
7992 1467 1018 561 562 
7993 1028 1018 561 1017 
7994 1028 561 1018 562 
7995 640 771 647 772 
7996 887 601 607 602 
7997 941 682 47 681 
7998 941 47 682 940 
7999 46 682 47 940 
8000 355 371 601 356 
8001 608 601 887 886 
8002 887 601 608 607 
8003 610 1523 727 609 
8004 727 1523 610 728 
8005 727 887 610 609 
8006 610 887 727 728 
8007 402 234 569 233 
8008 563 1467 413 562 
8009 413 1467 563 412 
8010 1499 570 400 571 
8011 1499 400 570 401 
8012 235 570 400 401 
8013 586 1573 384 385 
8014 384 1595 586 385 
8015 171 648 189 188 
8016 1486 189 648 188 
8017 1486 648 189 649 
8018 600 1523 373 599 
8019 373 1523 600 372 
8020 600 354 373 372 
8021 1499 401 569 402 
8022 1499 569 401 570 
8023 234 569 401 402 
8024 401 235 569 234 
8025 401 569 235 570 
8026 1058 235 569 570 
8027 1536 847 452 846 
8028 1536 452 847 451 
8029 855 452 847 846 
8030 855 847 452 451 
8031 1486 638 759 639 
8032 1486 759 638 758 
8033 771 759 638 639 
8034 771 638 759 758 
8035 372 1523 601 371 
8036 601 1523 372 600 
8037 601 355 372 371 
8038 1523 609 726 727 
8039 1523 726 609 608 
8040 888 726 609 727 
8041 888 609 726 608 
8042 1536 310 446 311 
8043 1536 446 310 445 
8044 324 446 310 311 
8045 886 601 354 600 
8046 372 601 354 355 
8047 372 354 601 600 
8048 1467 1019 562 563 
8049 1467 562 1019 1018 
8050 1027 562 1019 563 
8051 1027 1019 562 1018 
8052 1486 188 647 187 
8053 1486 647 188 648 
8054 172 647 188 187 
8055 95 1520 524 523 
8056 524 1520 95 94 
8057 95 81 524 94 
8058 685 943 679 680 
8059 1520 983 530 984 
8060 1520 530 983 529 
8061 719 569 1059 568 
8062 1523 725 608 607 
8063 1523 608 725 726 
8064 889 608 725 607 
8065 889 725 608 726 
8066 563 1029 413 412 
8067 1486 761 640 760 
8068 1486 640 761 641 
8069 769 640 761 760 
8070 769 761 640 641 
8071 1467 279 412 413 
8072 1467 412 279 278 
8073 265 279 412 278 
8074 79 523 96 80 
8075 96 523 79 522 
8076 1486 760 639 759 
8077 1486 639 760 640 
8078 770 639 760 759 
8079 770 760 639 640 
8080 569 1059 235 1058 
8081 569 235 1059 234 
8082 1596 235 1059 1058 
8083 1596 1059 235 234 
8084 943 686 679 944 
8085 943 679 686 685 
8086 411 265 1028 412 
8087 268 11 267 1025 
8088 267 11 1026 1025 
8089 267 1026 11 410 
8090 1026 11 565 1025 
8091 1026 565 11 410 
8092 265 411 278 412 
8093 265 278 411 266 
8094 857 451 445 446 
8095 491 1466 125 492 
8096 125 1466 491 126 
8097 491 141 125 126 
8098 447 324 856 855 
8099 447 856 324 446 
8100 16 359 360 891 
8101 890 16 359 604 
8102 890 359 16 891 
8103 605 16 890 604 
8104 605 890 16 891 
8105 645 173 770 769 
8106 645 770 173 646 
8107 718 1059 569 1058 
8108 718 569 1059 719 
8109 265 266 410 1027 
8110 265 410 266 411 
8111 565 1028 410 1027 
8112 565 410 1028 411 
8113 1028 265 410 1027 
8114 1028 410 265 411 
8115 17 176 175 767 
8116 17 175 176 644 
8117 768 17 175 767 
8118 768 175 17 644 
8119 643 17 768 767 
8120 643 768 17 644 
8121 562 1029 413 563 
8122 413 1029 562 1030 
8123 185 1486 647 186 
8124 647 1486 185 646 
8125 647 173 185 186 
8126 185 173 647 646 
8127 447 324 311 446 
8128 447 311 324 323 
8129 18 46 45 939 
8130 940 18 46 682 
8131 940 46 18 939 
8132 683 18 940 682 
8133 683 940 18 939 
8134 141 126 490 140 
8135 490 126 141 491 
8136 13 137 138 488 
8137 13 138 137 805 
8138 804 13 138 488 
8139 804 138 13 805 
8140 487 13 804 488 
8141 487 804 13 805 
8142 357 888 603 602 
8143 944 678 49 50 
8144 944 49 678 679 
8145 484 801 491 485 
8146 491 801 484 800 
8147 14 84 83 977 
8148 976 14 83 977 
8149 976 83 14 526 
8150 527 14 976 977 
8151 527 976 14 526 
8152 1507 219 678 218 
8153 1507 678 219 679 
8154 49 678 219 218 
8155 49 219 678 679 
8156 974 525 81 975 
8157 974 81 525 524 
8158 82 81 525 975 
8159 321 322 12 853 
8160 322 12 854 448 
8161 322 854 12 853 
8162 854 12 449 448 
8163 854 449 12 853 
8164 452 857 445 858 
8165 445 857 452 451 
8166 95 80 524 81 
8167 524 80 95 523 
8168 601 887 354 355 
8169 601 354 887 886 
8170 1527 354 887 355 
8171 1527 887 354 886 
8172 280 414 264 413 
8173 280 264 414 263 
8174 1030 264 414 413 
8175 1030 414 264 263 
8176 1499 404 569 568 
8177 1499 569 404 403 
8178 232 569 404 568 
8179 232 404 569 403 
8180 171 647 188 172 
8181 188 647 171 648 
8182 230 15 1062 566 
8183 230 1062 15 1063 
8184 1062 15 721 566 
8185 1062 721 15 1063 
8186 1523 369 601 370 
8187 1523 601 369 602 
8188 357 601 369 370 
8189 357 369 601 602 
8190 357 358 604 889 
8191 357 604 358 603 
8192 605 888 604 889 
8193 605 604 888 603 
8194 888 357 604 889 
8195 888 604 357 603 
8196 567 231 232 1061 
8197 232 231 567 568 
8198 232 1060 567 1061 
8199 567 1060 232 568 
8200 770 641 646 642 
8201 603 359 602 368 
8202 602 359 603 358 
8203 359 369 602 368 
8204 602 369 359 358 
8205 359 1493 369 368 
8206 369 1493 359 358 
8207 49 680 219 679 
8208 944 930 687 688 
8209 944 687 930 943 
8210 642 769 645 770 
8211 642 645 769 643 
8212 528 975 525 974 
8213 525 975 528 527 
8214 406 15 230 566 
8215 450 855 447 856 
8216 450 447 855 449 
8217 524 80 973 974 
8218 524 973 80 523 
8219 684 941 681 683 
8220 681 941 684 942 
8221 529 524 974 528 
8222 529 974 524 973 
8223 412 563 1028 564 
8224 412 1028 563 1029 
8225 324 325 446 856 
8226 602 356 887 601 
8227 602 887 356 888 
8228 720 1061 567 1060 
8229 720 567 1061 721 
8230 490 141 801 491 
8231 490 801 141 802 
8232 770 647 173 646 
8233 770 173 647 172 
8234 448 855 449 854 
8235 448 449 855 447 
8236 322 323 448 854 
8237 323 855 448 854 
8238 323 448 855 447 
8239 446 451 856 857 
8240 856 451 446 450 
8241 647 770 641 646 
8242 49 943 680 679 
8243 680 943 49 942 
8244 526 975 527 976 
8245 526 527 975 525 
8246 83 82 526 976 
8247 82 975 526 976 
8248 82 526 975 525 
8249 233 1059 568 1060 
8250 233 568 1059 569 
8251 265 412 1029 1028 
8252 1029 1526 265 1028 
8253 265 1526 1029 264 
8254 175 645 769 174 
8255 175 1544 769 768 
8256 769 1544 175 174 
8257 566 230 231 1062 
8258 721 1061 566 567 
8259 721 566 1061 1062 
8260 1061 231 566 567 
8261 1061 566 231 1062 
8262 942 685 680 943 
8263 942 680 685 684 
8264 719 1060 568 1059 
8265 719 568 1060 720 
8266 607 888 602 606 
8267 602 888 607 887 
8268 485 802 490 486 
8269 485 490 802 801 
8270 48 219 681 47 
8271 49 942 681 680 
8272 681 942 49 48 
8273 681 219 49 680 
8274 49 219 681 48 
8275 46 221 18 45 
8276 46 18 221 682 
8277 640 770 647 771 
8278 640 647 770 641 
8279 276 267 11 410 
8280 276 11 267 268 
8281 489 140 139 803 
8282 486 802 489 803 
8283 486 489 802 490 
8284 802 140 489 803 
8285 802 489 140 490 
8286 92 83 14 84 
8287 14 83 92 526 
8288 891 16 723 892 
8289 891 723 16 605 
8290 1025 11 1021 1024 
8291 1025 1021 11 565 
8292 17 767 763 766 
8293 17 763 767 643 
8294 605 890 724 606 
8295 724 890 605 891 
8296 761 769 642 641 
8297 761 642 769 768 
8298 768 643 762 642 
8299 762 643 768 767 
8300 1026 565 1020 1025 
8301 1026 1020 565 564 
8302 449 854 848 853 
8303 449 848 854 450 
8304 606 889 725 607 
8305 725 889 606 890 
8306 564 1027 1019 563 
8307 1019 1027 564 1026 
8308 450 855 847 854 
8309 450 847 855 451 
8310 408 15 1064 407 
8311 408 1064 15 1065 
8312 361 16 362 366 
8313 361 362 16 893 
8314 365 362 16 366 
8315 44 18 43 223 
8316 44 43 18 937 
8317 224 43 18 223 
8318 316 12 319 315 
8319 320 319 12 315 
8320 320 12 319 851 
8321 181 17 177 182 
8322 181 177 17 765 
8323 136 13 135 131 
8324 136 135 13 807 
8325 132 135 13 131 
8326 11 269 270 1023 
8327 270 269 11 274 
8328 11 273 270 274 
8329 89 14 85 90 
8330 85 14 89 979 
8331 1156 1474 1307 1387 
8332 1307 1474 1156 1473 
8333 1441 1524 1097 1134 
8334 1441 1097 1524 1443 
8335 1330 1097 1524 1134 
8336 1330 1524 1097 1443 
8337 1513 1446 31 1512 
8338 1513 31 1446 1501 
8339 1502 1148 1266 1228 
8340 1502 1266 1148 1490 
8341 1574 1584 1200 1450 
8342 1574 1200 1584 1192 
8343 1379 1200 1584 1450 
8344 1379 1584 1200 1192 
8345 1515 1575 1557 1451 
8346 1557 1575 1515 1453 
8347 1127 1518 1527 10 
8348 1127 1522 1527 1124 
8349 1527 1522 1127 10 
8350 786 505 627 504 
8351 544 509 700 510 
8352 625 626 505 470 
8353 505 469 625 470 
8354 1598 1589 830 831 
8355 1589 1464 830 831 
8356 1442 746 1439 747 
8357 782 1439 746 747 
8358 1480 118 1483 119 
8359 1442 753 776 754 
8360 1442 776 753 1439 
8361 1477 162 197 163 
8362 1477 161 197 162 
8363 550 1042 425 551 
8364 425 1042 550 1043 
8365 1522 364 1127 10 
8366 1522 1127 364 1493 
8367 1518 1127 364 10 
8368 1518 364 1127 1493 
8369 1548 548 427 549 
8370 1511 284 260 283 
8371 919 1452 953 920 
8372 302 1492 332 303 
8373 1441 1439 823 822 
8374 463 434 869 462 
8375 463 869 434 870 
8376 551 1041 424 552 
8377 424 1041 551 1042 
8378 1515 1033 1451 1032 
8379 1013 1451 1033 1032 
8380 1599 159 658 160 
8381 1575 1455 918 917 
8382 1444 1560 468 467 
8383 1444 468 1560 1504 
8384 219 1529 1478 218 
8385 219 1478 1529 1530 
8386 1052 1453 906 1053 
8387 746 783 1439 782 
8388 1524 811 1441 812 
8389 1524 1441 811 1500 
8390 803 1441 804 812 
8391 803 804 1441 1500 
8392 1441 811 804 812 
8393 1441 804 811 1500 
8394 1575 1005 550 549 
8395 1575 1042 550 1041 
8396 92 1475 1520 93 
8397 975 1576 1503 974 
8398 1503 81 975 974 
8399 1563 669 954 668 
8400 550 1043 1575 549 
8401 1575 1043 550 1042 
8402 245 1580 1585 244 
8403 936 1538 1507 935 
8404 1507 1538 936 1506 
8405 1540 332 1588 331 
8406 1492 1588 332 331 
8407 1576 543 958 959 
8408 1463 894 1498 895 
8409 1463 1498 894 1547 
8410 954 919 1452 953 
8411 1012 1451 1450 1011 
8412 1541 321 1579 1540 
8413 1541 1579 321 320 
8414 1497 1579 321 1540 
8415 1497 321 1579 320 
8416 820 1443 1444 821 
8417 1444 475 820 821 
8418 1589 834 868 867 
8419 507 1563 1550 508 
8420 833 868 1589 834 
8421 1515 1030 263 1031 
8422 1515 263 1030 1526 
8423 262 1515 263 1031 
8424 262 263 1515 1526 
8425 261 1515 262 1031 
8426 261 262 1515 1526 
8427 902 1463 1498 901 
8428 1450 1013 1451 1012 
8429 903 1463 1498 902 
8430 903 1498 1463 1564 
8431 1450 1014 1451 1013 
8432 1450 1451 1014 1574 
8433 730 1440 885 729 
8434 1479 211 1478 212 
8435 1574 1531 1467 1450 
8436 1467 1015 1574 1450 
8437 472 1504 504 471 
8438 504 1504 472 503 
8439 504 788 472 471 
8440 472 788 504 503 
8441 428 1548 548 427 
8442 1442 752 1473 751 
8443 1442 1473 752 1474 
8444 1490 1488 389 388 
8445 390 1490 1488 389 
8446 1488 1490 390 1489 
8447 69 1481 1503 70 
8448 1468 988 1449 989 
8449 1468 1449 988 1520 
8450 534 1449 988 989 
8451 965 1454 70 964 
8452 68 1481 1503 69 
8453 1503 1454 68 69 
8454 71 1454 70 965 
8455 71 70 1454 1503 
8456 67 1481 1503 68 
8457 1503 1481 67 1482 
8458 1503 1454 67 68 
8459 67 1454 1503 1482 
8460 1495 1477 1599 197 
8461 1599 1477 1495 1479 
8462 1599 198 1495 197 
8463 1585 1505 251 250 
8464 114 1469 1475 113 
8465 1475 1469 114 1480 
8466 1475 1600 114 113 
8467 114 1600 1475 1480 
8468 625 745 1438 744 
8469 745 626 785 784 
8470 1576 965 1503 966 
8471 1576 1503 965 1454 
8472 72 1503 965 966 
8473 1495 206 1458 205 
8474 1495 1458 206 1586 
8475 576 711 1573 712 
8476 1558 1573 711 712 
8477 782 1439 159 783 
8478 159 1439 782 160 
8479 159 658 782 783 
8480 782 658 159 160 
8481 435 1580 338 337 
8482 338 869 435 337 
8483 1464 1508 831 832 
8484 1444 831 1508 832 
8485 576 710 1573 711 
8486 1558 1573 710 711 
8487 341 1517 1595 342 
8488 1595 1517 341 1491 
8489 501 153 1476 152 
8490 501 790 154 153 
8491 154 1476 501 153 
8492 1520 91 1475 92 
8493 1520 1475 91 1519 
8494 199 1495 1599 198 
8495 1504 476 1444 475 
8496 820 1444 476 475 
8497 1532 742 1471 1473 
8498 1532 1471 742 741 
8499 1489 390 1460 391 
8500 1489 1460 390 1488 
8501 1573 1460 390 391 
8502 1573 390 1460 1488 
8503 1504 499 1465 1466 
8504 1504 1465 499 500 
8505 117 1465 499 1466 
8506 117 499 1465 500 
8507 670 60 208 59 
8508 208 60 670 669 
8509 161 656 197 162 
8510 197 656 161 657 
8511 495 1466 481 494 
8512 392 578 245 579 
8513 392 245 578 244 
8514 1049 245 578 579 
8515 1049 578 245 244 
8516 1504 477 1444 476 
8517 820 1444 477 476 
8518 1563 698 1558 699 
8519 1456 1558 698 699 
8520 200 1495 1599 199 
8521 201 1495 1599 200 
8522 335 1580 301 436 
8523 301 437 335 436 
8524 335 437 301 334 
8525 1486 650 638 649 
8526 1553 981 979 980 
8527 1553 979 981 978 
8528 14 979 981 980 
8529 14 981 979 978 
8530 1560 440 304 439 
8531 1561 212 674 673 
8532 1562 652 193 653 
8533 1555 47 942 941 
8534 1555 942 47 48 
8535 681 942 47 941 
8536 681 47 942 48 
8537 394 242 576 241 
8538 394 576 242 577 
8539 793 474 821 475 
8540 793 821 474 822 
8541 1444 821 474 475 
8542 1444 474 821 822 
8543 1550 518 101 517 
8544 702 1456 703 914 
8545 702 703 1456 1558 
8546 913 703 1456 914 
8547 913 1456 703 1558 
8548 256 420 287 421 
8549 256 287 420 257 
8550 1505 242 1052 1051 
8551 1505 1052 242 241 
8552 576 1052 242 1051 
8553 576 242 1052 241 
8554 417 1548 284 418 
8555 284 1548 417 1467 
8556 148 120 496 147 
8557 496 120 148 497 
8558 496 795 148 147 
8559 148 795 496 497 
8560 577 710 1573 576 
8561 115 1465 501 116 
8562 501 1465 115 502 
8563 501 1476 115 116 
8564 115 1476 501 502 
8565 1600 73 518 74 
8566 1600 518 73 517 
8567 967 73 518 517 
8568 1503 968 73 74 
8569 1503 73 968 967 
8570 518 73 968 74 
8571 518 968 73 967 
8572 477 819 1444 820 
8573 1443 1444 819 820 
8574 1443 819 1444 1466 
8575 1504 478 1444 477 
8576 1504 1444 478 1466 
8577 819 1444 478 477 
8578 819 478 1444 1466 
8579 376 597 350 351 
8580 376 350 597 596 
8581 882 597 350 596 
8582 519 75 100 518 
8583 519 100 75 76 
8584 883 597 350 882 
8585 350 597 883 351 
8586 883 1527 350 351 
8587 947 676 54 675 
8588 214 676 54 53 
8589 214 54 676 675 
8590 351 375 598 352 
8591 598 375 351 597 
8592 351 883 598 597 
8593 146 122 494 145 
8594 494 122 146 495 
8595 146 797 494 495 
8596 650 168 191 651 
8597 650 191 168 169 
8598 527 1520 983 528 
8599 983 1520 527 982 
8600 398 238 572 237 
8601 398 572 238 573 
8602 1055 238 572 573 
8603 54 676 946 53 
8604 946 676 54 947 
8605 1056 572 238 237 
8606 238 572 1056 1055 
8607 238 1596 1056 237 
8608 1056 1596 238 1055 
8609 494 798 146 145 
8610 494 146 798 797 
8611 1500 146 798 145 
8612 1500 798 146 797 
8613 520 76 99 519 
8614 520 99 76 77 
8615 884 598 351 883 
8616 351 598 884 352 
8617 351 1527 884 883 
8618 884 1527 351 352 
8619 399 237 571 236 
8620 399 571 237 572 
8621 1056 237 571 572 
8622 53 946 677 676 
8623 677 215 53 676 
8624 53 215 677 52 
8625 352 374 599 353 
8626 599 374 352 598 
8627 352 884 599 598 
8628 1057 571 237 236 
8629 237 571 1057 1056 
8630 237 1596 1057 236 
8631 1057 1596 237 1056 
8632 885 599 352 884 
8633 352 599 885 353 
8634 352 1527 885 884 
8635 885 1527 352 353 
8636 945 1462 53 52 
8637 53 1462 945 946 
8638 53 677 945 52 
8639 945 677 53 946 
8640 400 236 570 235 
8641 400 570 236 571 
8642 1057 236 570 571 
8643 885 600 353 599 
8644 373 600 353 354 
8645 373 353 600 599 
8646 988 533 1449 534 
8647 988 1449 533 1520 
8648 1449 533 1550 534 
8649 1449 1550 533 1520 
8650 1550 533 519 534 
8651 52 945 678 677 
8652 678 216 52 677 
8653 52 216 678 51 
8654 570 1058 236 1057 
8655 570 236 1058 235 
8656 1596 236 1058 1057 
8657 1596 1058 236 235 
8658 170 648 189 171 
8659 189 648 170 649 
8660 600 886 353 354 
8661 600 353 886 885 
8662 1527 353 886 354 
8663 1527 886 353 885 
8664 944 1462 52 51 
8665 52 1462 944 945 
8666 52 678 944 51 
8667 944 678 52 945 
8668 142 491 125 492 
8669 125 491 142 141 
8670 323 312 448 447 
8671 323 448 312 322 
8672 140 127 489 139 
8673 489 127 140 490 
8674 1471 1113 1118 1114 
8675 1471 1118 1113 1440 
8676 1043 426 550 425 
8677 549 1043 426 550 
8678 665 1599 509 664 
8679 508 1599 509 1476 
8680 786 506 627 505 
8681 786 627 506 1563 
8682 626 506 625 505 
8683 626 625 506 1563 
8684 627 506 626 505 
8685 627 626 506 1563 
8686 548 1563 468 428 
8687 468 1563 548 547 
8688 548 468 1504 428 
8689 1504 468 548 547 
8690 1550 1504 548 547 
8691 661 1563 785 786 
8692 785 1563 661 660 
8693 785 156 661 786 
8694 786 470 627 626 
8695 786 661 1599 156 
8696 1483 1599 1592 1477 
8697 1483 1592 1599 1476 
8698 1563 663 509 508 
8699 1563 509 663 664 
8700 1599 509 663 508 
8701 1599 663 509 664 
8702 660 1563 784 785 
8703 784 1563 660 659 
8704 784 157 660 785 
8705 588 341 874 873 
8706 588 1563 874 589 
8707 874 1563 588 873 
8708 589 342 875 874 
8709 875 1563 589 874 
8710 589 1563 875 590 
8711 1580 582 427 583 
8712 1580 427 582 1044 
8713 1563 427 582 583 
8714 1563 582 427 1044 
8715 1575 545 702 701 
8716 1563 702 545 701 
8717 548 1563 1575 547 
8718 1580 427 585 584 
8719 1580 585 427 428 
8720 1563 585 427 584 
8721 1563 427 585 428 
8722 1562 652 192 193 
8723 1504 548 1548 1550 
8724 328 1541 1588 1540 
8725 1588 1541 328 1492 
8726 1588 329 328 1540 
8727 328 329 1588 1492 
8728 624 625 828 1598 
8729 829 828 624 468 
8730 624 828 829 1598 
8731 1476 786 504 505 
8732 1575 545 703 702 
8733 1563 703 545 702 
8734 587 1595 341 1580 
8735 341 1595 587 588 
8736 158 1599 1477 159 
8737 158 1477 1599 1483 
8738 1509 158 1477 159 
8739 1509 1477 158 1483 
8740 1487 158 1509 159 
8741 144 1480 123 124 
8742 1563 1575 545 703 
8743 1563 545 1575 546 
8744 1032 1515 1014 1451 
8745 1014 1515 1032 1031 
8746 427 1563 549 548 
8747 1575 549 1563 548 
8748 158 1599 658 659 
8749 658 1599 158 159 
8750 658 783 158 659 
8751 158 783 658 159 
8752 1481 85 1581 84 
8753 85 1503 1581 84 
8754 85 1553 1503 84 
8755 1455 1575 1572 1463 
8756 1572 1575 1455 1452 
8757 590 343 876 875 
8758 876 1563 590 875 
8759 590 1563 876 591 
8760 657 1562 1563 658 
8761 1563 782 657 658 
8762 1046 1045 1580 581 
8763 1046 1580 1045 247 
8764 874 342 588 589 
8765 874 588 342 341 
8766 1595 588 342 589 
8767 1595 342 588 341 
8768 217 1478 1529 218 
8769 1563 952 953 670 
8770 1561 1563 695 696 
8771 745 1442 1439 1438 
8772 1439 1442 745 746 
8773 745 783 1439 746 
8774 784 1439 745 783 
8775 197 658 1477 1599 
8776 197 1477 658 161 
8777 160 1477 658 1599 
8778 160 658 1477 161 
8779 1553 86 1503 1582 
8780 1503 86 1553 85 
8781 86 1581 1503 1582 
8782 1503 1581 86 85 
8783 86 1481 1581 1582 
8784 1581 1481 86 85 
8785 699 918 956 955 
8786 1480 117 1483 118 
8787 1452 954 918 919 
8788 1452 1455 918 1575 
8789 918 1455 1452 919 
8790 1526 26 271 270 
8791 8 26 1526 1531 
8792 1526 26 8 271 
8793 1580 423 251 252 
8794 1041 423 1580 424 
8795 1580 423 1041 251 
8796 1580 1042 1041 424 
8797 1041 1042 1580 251 
8798 1482 65 1481 66 
8799 65 1600 1481 66 
8800 1481 1600 65 1476 
8801 65 510 1600 66 
8802 1600 510 65 1476 
8803 1536 9 1512 317 
8804 1512 9 1536 1579 
8805 9 1541 1512 317 
8806 1512 1541 9 1579 
8807 9 318 1541 317 
8808 1541 318 9 1579 
8809 1516 256 1505 1526 
8810 1516 1505 256 255 
8811 1515 1505 256 1526 
8812 1037 1505 256 1515 
8813 1037 256 1505 255 
8814 1505 1037 1453 1515 
8815 1505 1453 1037 1038 
8816 1575 1453 1037 1515 
8817 1575 1037 1453 1038 
8818 976 527 528 975 
8819 528 527 976 983 
8820 976 528 529 975 
8821 529 528 976 983 
8822 976 530 984 975 
8823 984 530 976 983 
8824 976 529 530 975 
8825 530 529 976 983 
8826 503 1476 114 502 
8827 503 114 1476 1600 
8828 172 1556 173 1487 
8829 172 173 1556 770 
8830 1048 579 1563 580 
8831 67 960 510 511 
8832 510 960 67 66 
8833 510 1600 67 511 
8834 67 1600 510 66 
8835 959 510 542 543 
8836 542 510 959 960 
8837 542 1576 959 543 
8838 959 1576 542 960 
8839 16 360 604 367 
8840 16 604 360 359 
8841 360 1493 368 367 
8842 360 368 1493 359 
8843 603 360 368 367 
8844 603 368 360 359 
8845 604 360 603 367 
8846 604 603 360 359 
8847 1563 592 877 591 
8848 1040 1575 550 1041 
8849 878 877 1563 592 
8850 755 635 775 774 
8851 775 635 755 754 
8852 775 1556 755 774 
8853 755 1556 775 754 
8854 392 1580 243 393 
8855 243 1580 392 244 
8856 243 578 392 393 
8857 392 578 243 244 
8858 1563 466 430 431 
8859 1563 430 466 467 
8860 1560 430 466 431 
8861 1560 466 430 467 
8862 240 395 1502 396 
8863 1489 1502 395 396 
8864 1489 395 1502 1490 
8865 1441 1439 824 823 
8866 1443 1441 824 823 
8867 333 302 1492 332 
8868 975 1503 82 81 
8869 1473 1562 629 630 
8870 242 576 1050 577 
8871 242 1050 576 1051 
8872 710 1050 576 577 
8873 710 576 1050 1051 
8874 505 1600 110 111 
8875 822 1439 792 793 
8876 792 1439 822 823 
8877 792 474 822 793 
8878 1441 818 1524 817 
8879 1466 1524 818 817 
8880 1480 145 1552 144 
8881 123 145 1480 144 
8882 192 191 1485 1495 
8883 191 190 1485 1495 
8884 1485 187 188 1486 
8885 1485 188 187 1495 
8886 189 1485 188 1486 
8887 189 188 1485 1495 
8888 190 1485 189 1486 
8889 190 189 1485 1495 
8890 908 1463 1575 1455 
8891 1564 908 1463 907 
8892 1564 1463 908 1455 
8893 1456 1564 908 1455 
8894 1550 518 100 101 
8895 1469 100 1475 101 
8896 1502 1585 241 240 
8897 1599 509 958 665 
8898 958 509 1599 1476 
8899 510 65 958 959 
8900 958 65 510 1476 
8901 776 754 1556 1442 
8902 1556 754 776 775 
8903 884 730 1440 885 
8904 1440 1527 884 885 
8905 1576 1575 544 545 
8906 1560 1508 1535 1536 
8907 1560 1535 1508 1444 
8908 1550 109 506 507 
8909 1600 506 109 507 
8910 1511 1501 1072 1513 
8911 1511 1072 1501 1546 
8912 1469 1550 101 102 
8913 157 785 661 660 
8914 661 785 157 156 
8915 661 1599 157 660 
8916 157 1599 661 156 
8917 1589 844 1464 843 
8918 1464 844 1589 1533 
8919 844 1508 1464 843 
8920 1464 1508 844 1533 
8921 844 1536 1508 843 
8922 1508 1536 844 1533 
8923 1512 1560 1535 1536 
8924 1512 1535 1560 1446 
8925 787 786 1476 156 
8926 787 1476 786 504 
8927 503 1476 788 504 
8928 788 1476 787 504 
8929 1000 1451 1450 1584 
8930 1450 1451 1000 1001 
8931 870 831 467 466 
8932 467 831 870 871 
8933 467 1563 870 466 
8934 870 1563 467 871 
8935 469 828 625 786 
8936 753 632 1473 752 
8937 1473 1474 753 752 
8938 624 1532 741 623 
8939 741 1532 624 742 
8940 741 1598 624 623 
8941 624 1598 741 742 
8942 1563 468 623 624 
8943 1598 623 468 624 
8944 1595 382 587 588 
8945 1573 587 382 588 
8946 1595 588 381 382 
8947 1595 381 588 589 
8948 1573 381 588 382 
8949 1573 588 381 589 
8950 1562 1563 656 657 
8951 1494 1511 285 284 
8952 1560 302 1446 301 
8953 302 1513 1446 301 
8954 302 1492 1513 301 
8955 674 213 55 212 
8956 1478 55 213 212 
8957 1478 213 55 54 
8958 1580 580 1046 581 
8959 1563 580 1046 1047 
8960 1563 1046 580 581 
8961 66 1482 1454 67 
8962 1454 960 66 67 
8963 228 1565 1528 1547 
8964 228 1528 1565 229 
8965 1596 228 1528 1547 
8966 1596 1528 228 229 
8967 1576 960 541 542 
8968 1576 541 960 961 
8969 507 1600 108 109 
8970 108 1600 507 508 
8971 108 1550 507 109 
8972 507 1550 108 508 
8973 1443 829 1598 830 
8974 1443 1598 1589 830 
8975 1589 1598 1443 1438 
8976 1443 1589 1464 830 
8977 1464 1589 1443 1438 
8978 586 1573 383 384 
8979 383 1595 586 384 
8980 1529 213 1571 212 
8981 213 1561 1571 212 
8982 213 674 1561 212 
8983 1563 697 1558 698 
8984 1456 1558 697 698 
8985 698 1563 953 954 
8986 953 1563 698 697 
8987 1598 869 339 338 
8988 1598 339 869 870 
8989 158 784 660 659 
8990 660 784 158 157 
8991 660 1599 158 659 
8992 158 1599 660 157 
8993 343 875 589 342 
8994 589 875 343 590 
8995 589 1595 343 342 
8996 343 1595 589 590 
8997 554 1011 1448 1010 
8998 1450 1448 1011 1010 
8999 830 1464 1508 831 
9000 1508 1464 830 1443 
9001 1508 1444 830 831 
9002 830 1444 1508 1443 
9003 1463 905 1053 1054 
9004 1453 1463 907 906 
9005 907 1052 1453 906 
9006 789 1570 155 154 
9007 155 1570 789 788 
9008 906 1463 1053 1453 
9009 1053 1463 906 905 
9010 924 1452 1538 923 
9011 1455 1538 1452 923 
9012 1595 589 380 381 
9013 1595 380 589 590 
9014 1573 380 589 381 
9015 1573 589 380 590 
9016 473 789 501 790 
9017 473 501 789 502 
9018 154 501 789 790 
9019 1003 1451 1575 1004 
9020 1575 1451 1003 1576 
9021 1469 1465 112 113 
9022 1473 1562 628 629 
9023 508 1600 107 108 
9024 107 1600 508 509 
9025 107 1550 508 108 
9026 508 1550 107 509 
9027 1502 404 1565 405 
9028 1502 1565 404 1489 
9029 1542 1565 404 405 
9030 1542 404 1565 1489 
9031 158 1439 1570 157 
9032 1570 1439 158 1487 
9033 158 1570 1484 157 
9034 1484 1570 158 1487 
9035 158 1484 1483 157 
9036 923 1538 1456 1455 
9037 1456 1538 923 1507 
9038 1473 1562 627 628 
9039 1595 590 379 380 
9040 1595 379 590 591 
9041 1573 379 590 380 
9042 1573 590 379 591 
9043 1012 1451 1033 1013 
9044 344 876 590 343 
9045 590 876 344 591 
9046 590 1595 344 343 
9047 344 1595 590 591 
9048 1473 626 1562 1461 
9049 1473 1562 626 627 
9050 1040 1505 251 252 
9051 251 1505 1040 1041 
9052 251 423 1040 252 
9053 1040 423 251 1041 
9054 669 1563 953 670 
9055 953 1563 669 954 
9056 953 60 669 670 
9057 669 60 953 954 
9058 993 1576 539 994 
9059 1495 1562 193 194 
9060 527 977 983 982 
9061 527 983 977 976 
9062 1553 983 977 982 
9063 1553 977 983 976 
9064 106 1600 509 510 
9065 509 1600 106 107 
9066 509 1550 106 510 
9067 106 1550 509 107 
9068 626 745 1532 1473 
9069 626 1532 745 625 
9070 744 1532 745 1473 
9071 744 745 1532 625 
9072 764 17 766 765 
9073 766 17 764 763 
9074 766 1556 764 765 
9075 764 1556 766 763 
9076 1595 591 378 379 
9077 1595 378 591 592 
9078 1573 378 591 379 
9079 1573 591 378 592 
9080 1489 396 1460 1542 
9081 1460 396 1489 395 
9082 712 575 1558 1573 
9083 1563 781 780 656 
9084 1563 1562 631 630 
9085 1460 395 575 396 
9086 575 395 1460 1573 
9087 575 1499 1460 396 
9088 1460 1499 575 1573 
9089 243 393 577 578 
9090 577 393 243 242 
9091 577 1050 243 578 
9092 243 1050 577 242 
9093 128 139 488 489 
9094 488 139 128 138 
9095 1556 771 172 770 
9096 647 771 172 171 
9097 647 172 771 770 
9098 1532 734 733 1470 
9099 733 734 1532 615 
9100 1532 614 733 615 
9101 1563 1573 593 592 
9102 593 878 1563 592 
9103 1561 671 1563 670 
9104 952 1563 671 670 
9105 1553 982 978 981 
9106 978 982 1553 977 
9107 527 14 978 981 
9108 978 14 527 977 
9109 982 527 978 981 
9110 978 527 982 977 
9111 1064 1463 1596 1063 
9112 1596 1463 1064 1547 
9113 1064 228 1596 1547 
9114 322 313 12 448 
9115 322 12 313 321 
9116 1563 780 629 630 
9117 1563 629 780 781 
9118 749 780 629 781 
9119 82 93 526 525 
9120 82 526 93 83 
9121 952 1563 951 671 
9122 1561 1563 694 695 
9123 1563 951 694 695 
9124 1452 925 926 948 
9125 947 1578 1510 1462 
9126 1510 1578 947 948 
9127 947 1452 1578 1462 
9128 1578 1452 947 948 
9129 1452 926 947 948 
9130 1483 119 149 148 
9131 1483 149 119 118 
9132 498 119 149 118 
9133 884 731 1440 730 
9134 1466 480 495 481 
9135 81 94 525 524 
9136 81 525 94 82 
9137 135 132 807 21 
9138 135 807 132 13 
9139 808 807 132 21 
9140 808 132 807 13 
9141 1560 440 305 304 
9142 1478 212 56 55 
9143 1478 56 212 211 
9144 673 212 56 211 
9145 503 1600 112 113 
9146 112 1465 503 113 
9147 1562 1473 633 632 
9148 753 633 1473 632 
9149 1548 555 1448 554 
9150 1011 1448 555 554 
9151 192 1562 651 652 
9152 56 949 674 673 
9153 56 212 674 55 
9154 674 212 56 673 
9155 637 1486 650 638 
9156 1561 213 675 674 
9157 55 948 675 674 
9158 55 213 675 54 
9159 675 213 55 674 
9160 337 336 1589 867 
9161 1589 868 337 867 
9162 633 1473 754 753 
9163 1474 1473 754 1486 
9164 1474 754 1473 753 
9165 1450 1448 1012 1011 
9166 555 1012 1448 1011 
9167 1448 1548 556 555 
9168 556 1012 1448 555 
9169 316 319 851 22 
9170 851 319 316 12 
9171 851 850 316 22 
9172 316 850 851 12 
9173 1532 594 1459 1523 
9174 894 408 1065 23 
9175 894 1065 408 15 
9176 273 1022 1023 26 
9177 1023 1022 273 11 
9178 1023 270 273 26 
9179 273 270 1023 11 
9180 305 1560 441 440 
9181 362 365 893 19 
9182 362 893 365 16 
9183 722 893 365 19 
9184 722 365 893 16 
9185 1450 1448 1013 1012 
9186 556 1013 1448 1012 
9187 1448 1548 557 556 
9188 557 1013 1448 556 
9189 100 1550 519 518 
9190 99 1475 1469 100 
9191 1469 1475 99 1520 
9192 519 99 1550 100 
9193 1550 1447 99 1520 
9194 1447 1469 99 1520 
9195 764 181 765 20 
9196 765 181 764 17 
9197 122 145 1480 123 
9198 980 89 979 25 
9199 980 979 89 14 
9200 732 733 1532 614 
9201 1532 733 732 1470 
9202 1532 613 731 614 
9203 732 1532 731 614 
9204 731 1532 732 1470 
9205 99 520 1550 1520 
9206 99 1550 520 519 
9207 533 1550 520 1520 
9208 533 520 1550 519 
9209 1450 1448 1014 1013 
9210 557 1014 1448 1013 
9211 558 1548 1448 1467 
9212 1448 1548 558 557 
9213 558 1014 1448 557 
9214 1015 558 1448 1467 
9215 1448 558 1015 1014 
9216 1448 1450 1015 1467 
9217 1015 1450 1448 1014 
9218 220 682 47 46 
9219 47 682 220 681 
9220 643 644 769 768 
9221 643 769 644 645 
9222 175 769 644 768 
9223 175 644 769 645 
9224 413 279 265 264 
9225 265 279 413 412 
9226 265 1029 413 264 
9227 413 1029 265 412 
9228 310 325 446 324 
9229 446 310 326 325 
9230 326 310 446 445 
9231 446 857 326 445 
9232 856 1497 326 857 
9233 326 1497 856 325 
9234 326 446 856 857 
9235 856 446 326 325 
9236 1564 1407 1428 1345 
9237 1564 1428 1407 1463 
9238 1596 1267 1407 1232 
9239 1596 1407 1267 1463 
9240 469 1563 624 468 
9241 624 1563 469 625 
9242 624 828 469 468 
9243 469 828 624 625 
9244 1563 873 587 588 
9245 1563 587 873 872 
9246 341 587 873 588 
9247 341 873 587 872 
9248 1598 828 1443 1438 
9249 1598 1443 828 829 
9250 1560 428 468 429 
9251 1560 468 428 1504 
9252 1515 1015 1531 1016 
9253 1515 1531 1015 1574 
9254 1467 1531 1015 1016 
9255 1467 1015 1531 1574 
9256 1439 745 785 784 
9257 625 745 1439 1438 
9258 1439 786 625 1438 
9259 301 1492 333 302 
9260 1511 286 1494 285 
9261 259 1516 1511 260 
9262 1511 1516 259 1494 
9263 1511 284 259 260 
9264 259 284 1511 1494 
9265 1515 1034 1451 1033 
9266 1012 1451 1034 1033 
9267 1480 116 1483 117 
9268 1480 1483 116 1476 
9269 1011 1451 1034 1012 
9270 1515 1035 1451 1034 
9271 1011 1451 1035 1034 
9272 1051 1453 907 1052 
9273 925 1452 1538 924 
9274 1563 1048 1049 579 
9275 1563 709 1049 708 
9276 791 825 1439 824 
9277 1439 825 1441 824 
9278 1441 825 1443 824 
9279 699 958 1575 700 
9280 790 825 1439 791 
9281 1576 543 996 997 
9282 1576 996 543 542 
9283 1449 996 543 997 
9284 1449 543 996 542 
9285 1010 1451 1035 1011 
9286 833 869 1589 868 
9287 1589 1496 869 1598 
9288 246 1580 1585 245 
9289 1466 819 1524 1443 
9290 1466 1524 819 818 
9291 1441 1524 819 1443 
9292 1441 819 1524 818 
9293 832 869 1589 833 
9294 832 1589 869 1598 
9295 1580 1585 247 246 
9296 1540 333 1588 332 
9297 1540 1588 333 1491 
9298 1492 1588 333 332 
9299 1492 333 1588 1491 
9300 146 1484 1552 145 
9301 1552 1484 146 1483 
9302 146 1552 1480 145 
9303 1480 1552 146 1483 
9304 146 1480 122 145 
9305 1538 926 1452 925 
9306 1575 1006 550 1005 
9307 248 1580 1585 247 
9308 1527 883 1440 884 
9309 731 1440 883 884 
9310 983 1468 1576 984 
9311 1576 1468 983 1553 
9312 1576 975 976 984 
9313 983 1576 976 984 
9314 976 1576 983 1553 
9315 249 1580 1585 248 
9316 626 786 745 785 
9317 626 745 786 625 
9318 1439 745 786 785 
9319 1439 786 745 625 
9320 250 1580 1585 249 
9321 1538 927 1452 926 
9322 947 1452 927 926 
9323 251 1580 1585 250 
9324 1479 210 1478 211 
9325 1479 1478 210 1599 
9326 210 1478 57 1599 
9327 1530 225 1506 1529 
9328 1530 1506 225 3 
9329 1507 1506 225 1529 
9330 1538 928 1452 927 
9331 1538 1452 928 1462 
9332 947 1452 946 927 
9333 947 946 1452 1462 
9334 1452 928 946 927 
9335 1452 946 928 1462 
9336 906 1564 1558 905 
9337 1564 1499 1558 905 
9338 1558 1499 1564 1456 
9339 1499 1498 1564 1456 
9340 907 1564 1558 906 
9341 741 622 1598 623 
9342 1598 873 622 874 
9343 873 1563 622 874 
9344 1463 908 1453 907 
9345 1463 1453 908 1575 
9346 1051 1453 908 907 
9347 1051 908 1453 1575 
9348 145 1500 1552 144 
9349 1552 1500 145 1484 
9350 1563 696 1558 697 
9351 1563 1558 696 1561 
9352 1456 1558 696 697 
9353 1456 696 1558 1561 
9354 960 65 1454 66 
9355 1482 1454 65 66 
9356 1482 65 1454 1510 
9357 578 710 1573 577 
9358 441 306 1560 305 
9359 441 1560 306 1536 
9360 1512 1560 306 305 
9361 1512 306 1560 1536 
9362 1550 540 512 541 
9363 1550 512 540 513 
9364 962 540 512 513 
9365 1599 202 1495 201 
9366 1558 1573 709 710 
9367 1558 709 1573 1563 
9368 550 1039 1575 1040 
9369 1532 1470 612 1523 
9370 618 878 1563 617 
9371 1558 908 1564 907 
9372 1558 1564 908 1456 
9373 1599 203 1495 202 
9374 1495 1599 204 203 
9375 1599 205 1495 204 
9376 1599 206 1495 205 
9377 1599 1495 206 1479 
9378 634 1562 1473 633 
9379 1473 1562 634 1486 
9380 1473 754 634 633 
9381 634 754 1473 1486 
9382 878 619 1563 877 
9383 878 1563 619 618 
9384 707 1049 1563 1048 
9385 1563 1049 707 708 
9386 1499 574 714 573 
9387 152 1476 116 151 
9388 116 1476 152 501 
9389 116 500 152 151 
9390 152 500 116 501 
9391 781 628 1563 629 
9392 1563 628 781 782 
9393 496 1466 480 495 
9394 976 1576 1503 975 
9395 1503 1576 976 1553 
9396 1503 82 976 975 
9397 1550 506 1563 507 
9398 792 473 822 474 
9399 792 822 473 823 
9400 1444 822 473 474 
9401 1444 473 822 823 
9402 952 697 1563 953 
9403 952 1563 697 696 
9404 83 976 1503 82 
9405 83 1503 976 1553 
9406 1563 593 879 878 
9407 1563 617 879 616 
9408 879 617 1563 878 
9409 1466 479 496 480 
9410 883 732 1440 731 
9411 1562 632 1563 631 
9412 951 696 1563 952 
9413 951 1563 696 695 
9414 55 1510 947 948 
9415 947 1510 55 54 
9416 947 675 55 948 
9417 55 675 947 54 
9418 794 497 149 498 
9419 119 497 149 148 
9420 119 149 497 498 
9421 1562 655 1563 632 
9422 1562 1563 655 656 
9423 780 655 1563 656 
9424 1563 1550 625 506 
9425 505 625 1550 506 
9426 1510 948 56 949 
9427 1510 56 948 55 
9428 674 56 948 949 
9429 674 948 56 55 
9430 1473 750 629 749 
9431 1473 629 750 630 
9432 780 629 750 749 
9433 780 750 629 630 
9434 795 497 149 794 
9435 149 497 795 148 
9436 149 1570 795 794 
9437 795 1570 149 148 
9438 993 538 965 966 
9439 965 1576 993 966 
9440 713 1499 574 714 
9441 542 1449 995 996 
9442 995 1449 542 541 
9443 995 1576 542 996 
9444 542 1576 995 541 
9445 1449 994 541 995 
9446 1449 541 994 540 
9447 1576 541 994 995 
9448 1576 994 541 540 
9449 479 497 1466 496 
9450 478 497 1466 479 
9451 712 1055 905 904 
9452 712 905 1055 1054 
9453 1463 905 1055 904 
9454 1463 1055 905 1054 
9455 1538 24 1506 3 
9456 1538 1506 24 936 
9457 225 1506 24 3 
9458 432 870 464 433 
9459 432 465 870 1563 
9460 870 465 432 464 
9461 1599 661 506 662 
9462 1599 506 661 786 
9463 1563 506 661 662 
9464 1563 661 506 786 
9465 625 469 545 1563 
9466 1550 625 545 1563 
9467 546 468 469 1504 
9468 546 469 468 1563 
9469 545 546 469 1504 
9470 545 469 546 1563 
9471 146 121 1480 1483 
9472 146 1480 121 122 
9473 918 1452 955 954 
9474 918 1452 956 955 
9475 918 1452 957 956 
9476 957 699 918 956 
9477 216 1478 1529 217 
9478 216 1529 1478 1479 
9479 578 1573 1563 579 
9480 1563 1049 578 579 
9481 1439 790 826 825 
9482 1441 1439 826 825 
9483 1443 1441 826 825 
9484 789 826 1439 790 
9485 740 622 1598 741 
9486 1481 1478 65 1482 
9487 1481 65 1478 1476 
9488 1515 1451 1036 1575 
9489 1515 1036 1451 1035 
9490 1599 958 957 665 
9491 241 394 1490 395 
9492 1492 1491 334 333 
9493 334 301 1492 333 
9494 151 116 1483 1476 
9495 1439 791 823 792 
9496 1439 823 791 824 
9497 473 823 791 792 
9498 473 791 823 824 
9499 1469 1465 111 112 
9500 1599 958 64 957 
9501 1510 958 64 65 
9502 1510 64 958 957 
9503 1563 951 693 694 
9504 693 1561 1563 694 
9505 827 1443 1441 826 
9506 827 1441 1443 1438 
9507 1439 827 1441 826 
9508 1439 1441 827 1438 
9509 789 827 1439 826 
9510 789 1439 827 1438 
9511 1585 242 1502 241 
9512 1502 242 1585 1580 
9513 242 1490 1502 241 
9514 1502 1490 242 1580 
9515 242 394 1490 241 
9516 1490 394 242 1580 
9517 1560 303 1446 302 
9518 303 1513 1446 302 
9519 303 1492 1513 302 
9520 257 287 1494 1580 
9521 257 1494 287 286 
9522 1511 1494 287 1580 
9523 1511 287 1494 286 
9524 1576 539 962 963 
9525 1576 962 539 540 
9526 513 962 539 963 
9527 513 539 962 540 
9528 1564 904 1499 905 
9529 1499 904 1564 1498 
9530 1529 214 1571 213 
9531 214 1561 1571 213 
9532 214 675 1561 213 
9533 304 1446 1560 303 
9534 1513 1446 304 303 
9535 1492 1513 304 303 
9536 1599 63 957 64 
9537 666 957 1599 63 
9538 666 1599 957 665 
9539 498 478 1466 1504 
9540 498 1466 478 497 
9541 959 65 1454 960 
9542 959 1454 65 1510 
9543 872 1598 622 623 
9544 622 1598 872 873 
9545 622 1563 872 623 
9546 872 1563 622 873 
9547 1492 305 1512 1541 
9548 699 958 918 1575 
9549 699 918 958 957 
9550 1452 918 958 1575 
9551 1452 958 918 957 
9552 1561 672 1563 671 
9553 1561 1563 672 693 
9554 951 1563 672 671 
9555 951 672 1563 693 
9556 1050 1049 1563 709 
9557 1563 1049 1050 578 
9558 1563 1573 710 709 
9559 710 1573 1563 578 
9560 1050 1563 710 709 
9561 710 1563 1050 578 
9562 1576 961 540 541 
9563 1576 540 961 962 
9564 512 540 961 541 
9565 512 961 540 962 
9566 621 1563 874 622 
9567 621 874 1563 875 
9568 1598 621 874 622 
9569 1598 874 621 875 
9570 740 621 1598 622 
9571 740 1598 621 875 
9572 1563 1573 615 593 
9573 1563 879 615 616 
9574 615 879 1563 593 
9575 550 1007 1575 1039 
9576 550 1575 1007 1006 
9577 657 1563 781 782 
9578 781 1563 657 656 
9579 781 161 657 782 
9580 657 161 781 656 
9581 779 631 1563 632 
9582 1563 655 779 632 
9583 779 655 1563 780 
9584 1009 1036 1451 1575 
9585 1009 1451 1035 1010 
9586 1035 1451 1009 1036 
9587 1035 554 1009 1010 
9588 1009 554 1035 1036 
9589 699 1575 917 700 
9590 917 1575 699 918 
9591 917 1456 699 700 
9592 699 1456 917 918 
9593 1484 1509 158 1483 
9594 1484 158 1509 1487 
9595 713 1499 575 574 
9596 378 593 1459 1573 
9597 593 1532 1459 1573 
9598 1459 1532 593 594 
9599 593 615 1532 1573 
9600 1532 615 593 594 
9601 405 230 566 406 
9602 405 1499 566 567 
9603 566 1499 405 406 
9604 117 1483 151 116 
9605 151 1483 117 150 
9606 151 500 117 116 
9607 118 1483 150 117 
9608 150 1483 118 149 
9609 150 499 118 117 
9610 117 499 151 150 
9611 117 151 499 500 
9612 211 1478 57 210 
9613 57 1478 211 56 
9614 57 672 211 210 
9615 732 882 1440 1598 
9616 732 1440 882 883 
9617 1440 882 1527 1598 
9618 1440 1527 882 883 
9619 1527 882 350 1598 
9620 1527 350 882 883 
9621 947 1510 946 1462 
9622 947 946 1510 54 
9623 53 946 1510 1462 
9624 53 1510 946 54 
9625 1563 630 779 780 
9626 1563 779 630 631 
9627 750 779 630 780 
9628 750 630 779 631 
9629 993 538 964 965 
9630 964 1576 993 965 
9631 1561 214 676 675 
9632 1561 689 676 1507 
9633 676 689 1561 675 
9634 285 1494 257 286 
9635 257 1494 285 258 
9636 257 419 285 286 
9637 211 673 57 56 
9638 211 57 673 672 
9639 950 57 673 56 
9640 950 673 57 672 
9641 1002 1003 1575 548 
9642 1575 1003 1002 1576 
9643 1001 547 1575 1576 
9644 1001 1575 1002 1576 
9645 191 1485 1562 192 
9646 1562 651 191 192 
9647 284 1494 258 285 
9648 258 1494 284 259 
9649 258 418 284 285 
9650 377 1459 593 594 
9651 593 1459 377 378 
9652 593 1595 377 594 
9653 377 1595 593 378 
9654 284 417 258 259 
9655 284 258 417 418 
9656 1034 258 417 259 
9657 1034 417 258 418 
9658 1506 1507 24 936 
9659 1506 24 1507 225 
9660 224 1507 24 225 
9661 191 1562 650 651 
9662 637 1562 650 1486 
9663 637 650 1562 651 
9664 190 1485 1562 191 
9665 1562 1485 190 1486 
9666 1562 650 190 191 
9667 190 650 1562 1486 
9668 215 676 1561 214 
9669 215 1561 676 1507 
9670 1571 215 1561 214 
9671 1571 1561 215 1507 
9672 1529 215 1571 214 
9673 1529 1571 215 1507 
9674 729 612 1470 1523 
9675 1470 612 729 730 
9676 231 566 405 230 
9677 405 566 231 567 
9678 1527 1127 1320 1518 
9679 1320 1127 1527 1124 
9680 470 505 627 626 
9681 627 505 470 504 
9682 958 700 509 510 
9683 1563 700 958 699 
9684 1563 958 700 509 
9685 1438 625 828 786 
9686 1438 828 625 1598 
9687 467 1563 429 468 
9688 429 1563 467 430 
9689 429 1560 467 468 
9690 467 1560 429 430 
9691 1478 1529 1187 1479 
9692 1478 1187 1529 1530 
9693 1576 543 1575 958 
9694 1576 1575 543 544 
9695 1575 543 700 958 
9696 1575 700 543 544 
9697 700 543 510 958 
9698 700 510 543 544 
9699 1563 509 1550 508 
9700 1596 1463 1053 1054 
9701 1596 240 1053 1505 
9702 1053 240 1596 1054 
9703 1492 1080 1076 1513 
9704 1076 1080 1492 1541 
9705 1076 1512 1492 1513 
9706 1492 1512 1076 1541 
9707 71 965 1503 1454 
9708 1503 965 71 72 
9709 1505 1494 1516 1585 
9710 1516 1494 1505 252 
9711 251 1580 1494 1585 
9712 1494 1580 251 252 
9713 1505 251 1494 1585 
9714 1494 251 1505 252 
9715 615 1532 1563 616 
9716 615 1563 1532 1573 
9717 869 435 339 338 
9718 1580 339 435 338 
9719 1476 501 155 154 
9720 789 155 501 154 
9721 1576 963 993 539 
9722 1576 993 963 964 
9723 993 963 538 539 
9724 993 538 963 964 
9725 538 963 514 539 
9726 538 514 963 964 
9727 335 1491 1492 1580 
9728 1492 1491 335 334 
9729 1492 301 335 1580 
9730 335 301 1492 334 
9731 498 793 150 149 
9732 150 793 498 499 
9733 150 118 498 149 
9734 498 118 150 499 
9735 285 418 257 258 
9736 285 257 418 419 
9737 1035 257 418 258 
9738 1035 418 257 419 
9739 870 1563 431 432 
9740 870 431 1563 871 
9741 1580 870 431 432 
9742 1580 431 870 871 
9743 339 1580 870 871 
9744 1580 433 870 432 
9745 1044 1575 549 1563 
9746 549 1575 1044 1043 
9747 549 427 1044 1563 
9748 549 426 1044 427 
9749 549 1044 426 1043 
9750 1580 1044 426 427 
9751 1580 426 1044 1043 
9752 545 469 1550 1504 
9753 545 1550 469 625 
9754 505 1550 469 1504 
9755 505 469 1550 625 
9756 786 470 504 627 
9757 504 470 786 471 
9758 544 1550 1563 509 
9759 1563 1550 544 545 
9760 1563 700 544 509 
9761 1495 192 1562 1485 
9762 1495 1562 192 193 
9763 1504 428 1548 548 
9764 1548 428 1504 1560 
9765 829 468 1598 830 
9766 1598 468 829 624 
9767 871 1563 587 431 
9768 587 1563 871 872 
9769 587 1580 871 431 
9770 587 871 340 872 
9771 340 871 587 1580 
9772 340 341 587 872 
9773 587 341 340 1580 
9774 701 1563 544 545 
9775 544 1563 701 700 
9776 544 1575 701 545 
9777 701 1575 544 700 
9778 247 246 580 1580 
9779 580 246 247 1047 
9780 580 1046 247 1580 
9781 247 1046 580 1047 
9782 1580 434 870 433 
9783 1487 772 771 1556 
9784 771 772 1487 171 
9785 771 172 1487 1556 
9786 1487 172 771 171 
9787 1575 1004 548 1003 
9788 1575 548 1004 549 
9789 1448 548 1004 1003 
9790 1448 1004 548 549 
9791 1550 505 109 110 
9792 1550 109 505 506 
9793 1600 109 505 110 
9794 1600 505 109 506 
9795 110 505 1465 1550 
9796 1465 505 110 111 
9797 1465 1469 110 1550 
9798 110 1469 1465 111 
9799 1550 100 1469 101 
9800 395 241 1502 1490 
9801 1502 241 395 240 
9802 1478 1476 64 1599 
9803 1478 64 1476 65 
9804 958 64 1476 1599 
9805 958 1476 64 65 
9806 1563 623 871 872 
9807 1598 871 623 872 
9808 1563 467 623 468 
9809 623 467 1563 871 
9810 467 1598 623 468 
9811 623 1598 467 871 
9812 467 830 1598 468 
9813 1598 830 467 871 
9814 1476 787 155 788 
9815 1476 155 787 156 
9816 1570 155 787 788 
9817 1570 787 155 156 
9818 1517 337 1589 1496 
9819 1589 337 1517 336 
9820 382 1573 586 587 
9821 586 1573 382 383 
9822 586 1595 382 587 
9823 382 1595 586 383 
9824 1064 407 229 228 
9825 1064 1596 229 1063 
9826 229 1596 1064 228 
9827 869 870 1580 434 
9828 1580 870 869 339 
9829 1580 435 869 434 
9830 869 435 1580 339 
9831 1596 1453 1053 1463 
9832 1053 1453 1596 1505 
9833 788 502 1476 503 
9834 788 789 1476 502 
9835 788 1476 789 155 
9836 501 1476 789 502 
9837 501 789 1476 155 
9838 1538 1452 1181 1455 
9839 1538 1181 1452 1462 
9840 1178 1181 1452 1455 
9841 1178 1452 1181 1462 
9842 712 575 1499 1558 
9843 712 1499 575 713 
9844 1465 111 504 505 
9845 1600 504 111 505 
9846 1064 15 406 407 
9847 406 229 1064 407 
9848 1064 15 229 406 
9849 1064 229 15 1063 
9850 230 229 15 406 
9851 230 15 229 1063 
9852 923 695 1507 694 
9853 923 1507 695 1456 
9854 1561 1507 695 694 
9855 1561 695 1507 1456 
9856 305 1560 1446 1512 
9857 1446 1560 305 304 
9858 305 1446 1513 1512 
9859 1513 1446 305 304 
9860 305 1513 1492 1512 
9861 1492 1513 305 304 
9862 1465 503 111 112 
9863 1465 111 503 504 
9864 1600 111 503 112 
9865 1600 503 111 504 
9866 1002 1575 547 548 
9867 547 1575 1002 1001 
9868 547 1449 1002 548 
9869 1002 1449 547 1001 
9870 337 1589 869 868 
9871 869 1589 337 1496 
9872 869 338 1496 337 
9873 869 1496 338 1598 
9874 1517 1496 338 337 
9875 1517 338 1496 1598 
9876 99 1550 1469 1447 
9877 1469 1550 99 100 
9878 1532 612 730 613 
9879 730 612 1532 1470 
9880 730 731 1532 613 
9881 1532 731 730 1470 
9882 1507 24 18 224 
9883 1507 18 24 936 
9884 937 24 18 936 
9885 43 24 18 937 
9886 18 24 43 224 
$EndElements
